구분,건물명,지번주소,도로명주소,동수,층수,세대수,연면적(제곱미터),준공일자,담당자 연락처,데이터기준일자
아파트,명성3차,신천동 882-5,시흥대로 1083-6,1,6,30 ,2124 ,1984-11-19,031-310-2402,2025-07-14
아파트,명신아파트,목감동 239-3,동서로 1094,1,5,60 ,4470 ,1985-09-30,031-310-2402,2025-07-14
아파트,제성아파트,매화동 200-1,매화1로 4,1,5,60 ,3974 ,1985-11-28,031-310-2402,2025-07-14
아파트,장미2차,조남동 171-5,동서로 1079-3,1,5,80 ,5357 ,1985-12-30,031-310-2402,2025-07-14
아파트,청도아파트,목감동 202-14,동서로 1102,2,5,70 ,4770 ,1986-03-20,031-310-2402,2025-07-14
아파트,연희2차,은행동 293-1,시흥대로 1074번길 17-1,2,5,115 ,7397 ,1986-04-21,031-310-2402,2025-07-14
아파트,진주아파트,은행동 293-2,시흥대로 1074번길 29,1,5,100 ,5797 ,1986-05-01,031-310-2402,2025-07-14
아파트,극동아파트,은행동 289-37,시흥대로1074번길 18,2,5,120 ,7532 ,1986-05-15,031-310-2402,2025-07-14
아파트,한영아파트,은행동 276-8,검바위2로 31-3,3,5,100 ,7492 ,1986-06-30,031-310-2402,2025-07-14
아파트,철산아파트(C동),은행동 244-2,검바위1로 74,1,4,28 ,1623 ,1986-07-15,031-310-2402,2025-07-14
아파트,태광아파트,신천동 387,수인로3409번길 39,3,5,180 ,10075 ,1986-08-13,031-310-2402,2025-07-14
아파트,현대아파트,대야동 344,복지로 105-16,4,5,95 ,6419 ,1986-09-06,031-310-2402,2025-07-14
아파트,동우아파트,목감동 239-15,동서로 1096-4,2,5,75 ,4053 ,1986-09-25,031-310-2402,2025-07-14
아파트,제성아파트,신천동 26-3,신천로80번길 10-1,2,4,32 ,1958 ,1986-10-13,031-310-2402,2025-07-14
아파트,삼호아파트(101동),대야동 479,호현로63번길 10,1,6,60 ,3196 ,1986-11-19,031-310-2402,2025-07-14
아파트,세우아파트,조남동 171,동서로 1069-12,3,6,156 ,9293 ,1986-12-02,031-310-2402,2025-07-14
아파트,삼호아파트(102동),대야동 480-18,호현로63번길 11-1,1,5,55 ,2764 ,1986-12-05,031-310-2402,2025-07-14
아파트,세원아파트,조남동 169-12,동서로 1062,1,6,84 ,5044 ,1986-12-19,031-310-2402,2025-07-14
아파트,장미아파트,신천동 375-3,신천3길 31,2,5,90 ,5583 ,1986-12-29,031-310-2402,2025-07-14
아파트,진양아파트,은행동 109-105,은행로65번길 21-15,2,5,50 ,3161 ,1986-12-29,031-310-2402,2025-07-14
아파트,황제아파트,논곡동 160-29,동서로 1097,2,6,132 ,9690 ,1986-12-30,031-310-2402,2025-07-14
아파트,미덕아파트,목감동 240-6,동서로 1088,2,4,64 ,3306 ,1987-02-19,031-310-2402,2025-07-14
아파트,연희아파트,신천동 277-4,신천천동로25번길 17,6,5,245 ,16520 ,1987-03-18,031-310-2402,2025-07-14
아파트,제성2차아파트,신천동 749-1,수인로3413번길 25,2,5,60 ,3132 ,1987-08-04,031-310-2402,2025-07-14
아파트,삼호아파트(103동),대야동 481-18,호현로49번안길 12,1,6,48 ,2793 ,1987-08-21,031-310-2402,2025-07-14
아파트,대우아파트,은행동 297,수인로3247번길 106-8,2,5,79 ,4219 ,1987-09-05,031-310-2402,2025-07-14
아파트,동경1차,신천동 37-3,수인로3325번길 47-7,1,6,48 ,2954 ,1987-09-12,031-310-2402,2025-07-14
아파트,영남아파트(14동),대야동 274-24,복지로120번길 15-12,1,5,40 ,2064 ,1987-10-23,031-310-2402,2025-07-14
아파트,영남아파트(15동),대야동 280-7,은행로216번길 25,1,6,60 ,3266 ,1987-10-23,031-310-2402,2025-07-14
아파트,무지개,신천동 892-1,두문로 8,1,5,40 ,2064 ,1987-11-16,031-310-2402,2025-07-14
아파트,삼호아파트(104~106동),대야동 482,호현로49번안길 15,3,6,170 ,8731 ,1987-12-24,031-310-2402,2025-07-14
아파트,일우아파트,거모동 1474-1,군자로492번길 14,8,5,410 ,21704 ,1988-01-14,031-310-2402,2025-07-14
아파트,동경2차,신천동 37-6,수인로3325번길 47-7,1,6,24 ,1558 ,1988-04-23,031-310-2402,2025-07-14
아파트,현대아파트,신천동 458,수인로3409번길 44,4,5,99 ,5616 ,1988-07-11,031-310-2402,2025-07-14
아파트,무궁화,포동 1-74,신현로12번길 6,2,5,75 ,4701 ,1988-09-23,031-310-2402,2025-07-14
아파트,동경3차,신천동 264-2,신천천동로51번길 8,1,5,50 ,3627 ,1988-11-06,031-310-2402,2025-07-14
아파트,동경4차,신천동 384-2,신천천서로 50-1,2,5,70 ,4859 ,1989-07-10,031-310-2402,2025-07-14
아파트,아주1차,거모동 1470-1,한우물로 41,1,6,72 ,5309 ,1989-10-01,031-310-2402,2025-07-14
아파트,부강아파트,신천동 27-2,신천로80번길 14,2,5,80 ,4872 ,1989-11-01,031-310-2402,2025-07-14
아파트,광덕아파트,은행동 276-13,검바위2로 31-2,1,5,20 ,1462 ,1989-11-01,031-310-2402,2025-07-14
아파트,산호1차,은행동 243-1,수인로3247번길 30,2,5,70 ,4532 ,1989-11-22,031-310-2402,2025-07-14
아파트,동경5차,은행동 241,수인로3247번길 36,2,5,60 ,4559 ,1989-12-22,031-310-2402,2025-07-14
아파트,대보아파트,신천동 848-5,포도원로109번길 24,2,5,70 ,4527 ,1989-12-27,031-310-2402,2025-07-14
아파트,영동아파트,매화동 265-17,매화로39번길 41,1,5,30 ,2041 ,1990-01-05,031-310-2402,2025-07-14
아파트,산호2차,은행동 241-1,수인로3247번길 34,2,5,90 ,6201 ,1990-03-05,031-310-2402,2025-07-14
아파트,가야아파트,조남동 171-2,목감초등길 46,2,5,109 ,8516 ,1990-04-14,031-310-2402,2025-07-14
아파트,가야아파트,조남동 171-21,목감초등길 48,2,6,80 ,5014 ,1990-04-14,031-310-2402,2025-07-14
아파트,대원아파트,매화동 241-8,매화2로23번길 9,3,5,75 ,5223 ,1990-04-17,031-310-2402,2025-07-14
아파트,신성아파트,은행동 289-31,검바위2로 11-4,1,5,70 ,4729 ,1990-06-28,031-310-2402,2025-07-14
아파트,동경6차,은행동 272-1,검바위2로 32-8,1,6,72 ,5986 ,1990-08-20,031-310-2402,2025-07-14
아파트,금보아파트,신천동 828-4,수인로3409번길 58,2,5,110 ,7747 ,1990-09-06,031-310-2402,2025-07-14
아파트,진양6차,매화동 262-1,매화로 49,2,6,156 ,10285 ,1990-11-26,031-310-2402,2025-07-14
아파트,대명아파트,목감동 242-9,동서로 1076,1,15,195 ,18894 ,1990-12-14,031-310-2402,2025-07-14
아파트,동진아파트,신천동 832-2,신흥마을1길 13,5,5,196 ,15392 ,1990-12-30,031-310-2402,2025-07-14
아파트,한영아파트,신천동 857-2,신천로44번길 23,2,6,96 ,7122 ,1991-01-14,031-310-2402,2025-07-14
아파트,우진아파트,신천동 860-1,수인로3325번길 36,1,6,84 ,5674 ,1991-01-19,031-310-2402,2025-07-14
아파트,서능1차,매화동 207,매화2로 20,3,5,199 ,14182 ,1991-01-21,031-310-2402,2025-07-14
아파트,경신아파트,신천동 852-16,수인로3325번길 30,2,6,133 ,10926 ,1991-01-21,031-310-2402,2025-07-14
아파트,아주2차,거모동 1731-1,군자로504번안길 19,1,7,82 ,7983 ,1991-02-05,031-310-2402,2025-07-14
아파트,동진아파트,신천동 858,신천로44번길 17,3,6,240 ,17945 ,1991-02-13,031-310-2402,2025-07-14
아파트,삼보아파트,대야동 275,은행로 188-15,6,6,299 ,28344 ,1991-03-06,031-310-2402,2025-07-14
아파트,부국아파트,미산동 산15-1,미산로143번길 10,3,6,200 ,11987 ,1991-04-22,031-310-2402,2025-07-14
아파트,태헌1차,포동 1-36,신현로14번길 5,2,6,168 ,12297 ,1991-05-15,031-310-2402,2025-07-14
아파트,삼보아파트,대야동 275-22,은행로 188-15,1,6,36 ,3517 ,1991-06-08,031-310-2402,2025-07-14
아파트,동진아파트,신천동 829,수인로3409번길 54,2,6,168 ,13142 ,1991-06-21,031-310-2402,2025-07-14
아파트,광덕2차,은행동 99-16,은행로 96,1,12,84 ,8269 ,1991-09-16,031-310-2402,2025-07-14
아파트,태헌2차,포동 2,신현로14번길 12,2,6,144 ,10933 ,1991-10-17,031-310-2402,2025-07-14
아파트,거모동원아파트,거모동 1769-1,도일로112번안길 22,3,15,416 ,33597 ,1991-12-09,031-310-2402,2025-07-14
아파트,벽산1차아파트,대야동 278,은행로216번길 13,3,15,246 ,24436 ,1992-02-07,031-310-2402,2025-07-14
아파트,산호1차아파트,논곡동 160-7,동서로 1107,1,16,260 ,24149 ,1992-03-17,031-310-2402,2025-07-14
아파트,태헌3차,포동 1-71,신현로12번길 8-1,3,6,252 ,20137 ,1992-05-01,031-310-2402,2025-07-14
아파트,두성아파트,포동 1-66,,1,4,15 ,599 ,1992-05-16,031-310-2402,2025-07-14
아파트,아주3차아파트,거모동 1734-2,한우물로 35,1,18,180 ,15234 ,1992-06-29,031-310-2402,2025-07-14
아파트,경신아파트,미산동 64,미산로 85-2,2,6,186 ,15581 ,1992-08-29,031-310-2402,2025-07-14
아파트,거모녹원아파트,거모동 1765-5,군자로534번안길 18-9,2,14,220 ,26797 ,1992-10-31,031-310-2402,2025-07-14
아파트,동진아파트,포동 13-2,신현로38번길 29,3,5,192 ,16279 ,1992-11-03,031-310-2402,2025-07-14
아파트,서능2차,매화동 220-1,매화2로 30,3,6,144 ,13698 ,1992-11-16,031-310-2402,2025-07-14
아파트,동진아파트,매화동 194-1,매화로 41 ,1,13,93 ,8905 ,1993-03-10,031-310-2402,2025-07-14
아파트,아주4차401동,거모동 1735-2,도일로135번길 42,1,17,119 ,15761 ,1993-07-15,031-310-2402,2025-07-14
아파트,아주4차402동,거모동 1736-1,도일로135번길 41,1,18,180 ,16600 ,1993-07-15,031-310-2402,2025-07-14
아파트,태산아파트,포동 13-3,신현로38번길 23,4,20,954 ,97707 ,1993-11-12,031-310-2402,2025-07-14
아파트,수정아파트,조남동 171-20,목감초등길 28,1,18,152 ,14988 ,1994-09-12,031-310-2402,2025-07-14
아파트,한미아파트,신천동 844-10,포도원로 71-1,1,6,48 ,3947 ,1994-09-17,031-310-2402,2025-07-14
아파트,아주5차,거모동 1740-3,군자로504번길 25,1,17,136 ,14641 ,1994-10-01,031-310-2402,2025-07-14
아파트,시화 아주아파트,정왕동 1394,정왕신길로139번길 4,2,25,534 ,53567 ,1994-12-19,031-310-2402,2025-07-14
아파트,금강1차아파트,매화동 361-6,매화우회로 63,2,12,159 ,19405 ,1994-12-31,031-310-2402,2025-07-14
아파트,현진1차아파트,신천동 780,수인로3325번길 9,2,6,168 ,13771 ,1995-04-30,031-310-2402,2025-07-14
아파트,보우아파트,거모동 1741-1,군자로504번길 9,1,18,131 ,11396 ,1995-06-21,031-310-2402,2025-07-14
아파트,서강1차아파트,대야동 568-4,은행로218번길 4,1,16,176 ,13887 ,1995-06-23,031-310-2402,2025-07-14
아파트,늘푸른 벽산아파트,대야동 570-2,은행로 233,5,18,324 ,49894 ,1995-06-29,031-310-2402,2025-07-14
아파트,청구1차아파트,대야동 570-1,은행로 243-17,5,21,324 ,49134 ,1995-08-31,031-310-2402,2025-07-14
아파트,성원아파트,은행동 538-2,은행로149번길 3,5,18,660 ,54644 ,1995-08-31,031-310-2402,2025-07-14
아파트,신명아파트,은행동 538-1,은행로149번길 13,2,20,460 ,36850 ,1995-10-06,031-310-2402,2025-07-14
아파트,우성2차아파트,대야동 569-1,은행로 208,5,19,541 ,45733 ,1995-10-31,031-310-2402,2025-07-14
아파트,상아그린아파트,미산동 82-14,미산로 69번길 4,1,20,170 ,15582 ,1995-11-16,031-310-2402,2025-07-14
아파트,월드아파트,정왕동 1873-3,옥구천동로 404,14,10,594 ,51579 ,1995-12-09,031-310-2402,2025-07-14
아파트,우성1차아파트,대야동 567-2,은행로 222,3,20,188 ,10498 ,1995-12-15,031-310-2402,2025-07-14
아파트,시화영남4차,정왕동 1394-2,정왕신길로139번길 16,10,10,330 ,29789 ,1996-02-28,031-310-2402,2025-07-14
아파트,시화영남3차,정왕동 1872-4,역전로 353,13,10,520 ,44357 ,1996-02-28,031-310-2402,2025-07-14
아파트,시화 영남2단지,정왕동 1873-2,옥구천동로 420,17,10,600 ,50940 ,1996-02-28,031-310-2402,2025-07-14
아파트,시화영남1차,정왕동 1875-1,정왕신길로49번길 8,10,10,390 ,33123 ,1996-02-28,031-310-2402,2025-07-14
아파트,시화 두산아파트,정왕동 1786,중심상가로 286,25,10,930 ,69892 ,1996-03-30,031-310-2402,2025-07-14
아파트,시화 삼성아파트,정왕동 1872-5,정왕신길로139번길 7,9,10,320 ,39016 ,1996-04-15,031-310-2402,2025-07-14
아파트,한신아파트,정왕동 1872-6,정왕신길로111번길 8,10,10,406 ,39489 ,1996-04-25,031-310-2402,2025-07-14
아파트,무진아파트,정왕동 1629,중심상가로 350,11,10,488 ,38420 ,1996-07-27,031-310-2402,2025-07-14
아파트,시화 한일아파트,정왕동 1865,정왕대로53번길 29,18,10,580 ,59309 ,1996-07-30,031-310-2402,2025-07-14
아파트,시화 대우아파트,정왕동 1788-3,정왕대로298번길 6,5,10,176 ,21294 ,1996-08-30,031-310-2402,2025-07-14
아파트,금강아파트,정왕동 1789,정왕대로266번길 6,21,10,730 ,74730 ,1996-08-30,031-310-2402,2025-07-14
아파트,유천아파트,정왕동 1628,중심상가로 349,16,10,580 ,55579 ,1996-09-09,031-310-2402,2025-07-14
아파트,시화영남5차,정왕동 1866-6,옥구천서로373번길 8-1,11,10,330 ,45618 ,1996-09-25,031-310-2402,2025-07-14
아파트,대우아파트,은행동 546,은행로 122,5,20,418 ,44091 ,1996-10-07,031-310-2402,2025-07-14
아파트,신동아1차,정왕동 1940-1,정왕대로27번길 31,8,10,310 ,35297 ,1996-10-31,031-310-2402,2025-07-14
아파트,신동아2차,정왕동 1940-2,정왕대로27번길 9,13,10,480 ,54155 ,1996-10-31,031-310-2402,2025-07-14
아파트,상아아파트,신천동 827-2,신흥마을1길 37,1,20,120 ,15582 ,1996-11-13,031-310-2402,2025-07-14
아파트,신우아파트,정왕동 1870-1,정왕대로117번길 32,6,10,200 ,27703 ,1996-11-14,031-310-2402,2025-07-14
아파트,시화 미주아파트,정왕동 1875-2,정왕신길로49번길 26,14,10,492 ,51615 ,1996-11-28,031-310-2402,2025-07-14
아파트,세종1차아파트,정왕동 1877-3,함송로29번길 54,19,10,460 ,55857 ,1996-11-29,031-310-2402,2025-07-14
아파트,대야우남한신아파트,대야동 288외 7필지,서해안로1670번길 12,2,19,172 ,19077 ,1996-12-14,031-310-2402,2025-07-14
아파트,우남한신 아파트,신천동 871-1,시흥대로1073번길 39,1,21,186 ,21526 ,1996-12-30,031-310-2402,2025-07-14
아파트,포동서강아파트,포동 1-63,신현로12번길 30,3,18,197 ,18630 ,1997-01-10,031-310-2402,2025-07-14
아파트,시화 신호아파트,정왕동 1867-3,옥구천서로373번길 7,11,10,330 ,48030 ,1997-04-15,031-310-2402,2025-07-14
아파트,동보아파트,정왕동 1942-2,정왕대로28번길 28,14,10,560 ,44660 ,1997-05-23,031-310-2402,2025-07-14
아파트,삼호아파트,조남동 169,목감초등길 4,2,25,362 ,31140 ,1997-05-28,031-310-2402,2025-07-14
아파트,산호아파트,신천동 870-2,시흥대로1073번길 40,1,19,114 ,14812 ,1997-06-26,031-310-2402,2025-07-14
아파트,시화 모아아파트,정왕동 1876-2,함송로 36,14,10,386 ,32504 ,1997-07-11,031-310-2402,2025-07-14
아파트,계룡1차아파트,정왕동 1846,중심상가로 125,21,10,620 ,65311 ,1997-07-18,031-310-2402,2025-07-14
아파트,뉴월드 아파트,신천동 869-2,신천로25번길 1-1,2,20,216 ,26100 ,1997-07-26,031-310-2402,2025-07-14
아파트,청구2차아파트,대야동 547,비둘기공원7길 47-1,3,19,266 ,30720 ,1997-07-29,031-310-2402,2025-07-14
아파트,청구아파트,대야동 548,비둘기공원7길 37,3,17,196 ,30445 ,1997-07-29,031-310-2402,2025-07-14
아파트,시화 영남6차,정왕동 1790,"중심상가로 224	228",20,10,820 ,66125 ,1997-07-29,031-310-2402,2025-07-14
아파트,건영1차,정왕동 1785-1,중심상가로 285,21,10,770 ,84526 ,1997-08-02,031-310-2402,2025-07-14
아파트,화성아파트,정왕동 1874-2,역전로 375-8,11,10,420 ,58583 ,1997-08-08,031-310-2402,2025-07-14
아파트,진로아파트,정왕동 1848-4,"중심상가로 104	106",9,10,330 ,30397 ,1997-08-20,031-310-2402,2025-07-14
아파트,신한아파트,정왕동 1874-1,옥구천동로 452,7,10,240 ,39705 ,1997-08-29,031-310-2402,2025-07-14
아파트,세종2차아파트,정왕동 1877-2,함송로29번길 38,11,10,330 ,37745 ,1997-08-29,031-310-2402,2025-07-14
아파트,에이스,도창동 65,매화로 145,9,20,798 ,97636 ,1997-08-30,031-310-2402,2025-07-14
아파트,금강2차아파트,매화동 289-1,수인로2857번길 44,1,18,152 ,17308 ,1997-08-30,031-310-2402,2025-07-14
아파트,대우2차,은행동 543-1,은행로144번길 21-1,4,19,292 ,24931 ,1997-09-06,031-310-2402,2025-07-14
아파트,요진아파트,정왕동 1850,중심상가로 77,22,10,580 ,63639 ,1997-09-09,031-310-2402,2025-07-14
아파트,건영2차,정왕동 1875-5,옥구천동로 399,21,10,710 ,77193 ,1997-09-27,031-310-2402,2025-07-14
아파트,대림4차,정왕동 1878-8,함송로29번길 51,13,10,400 ,65003 ,1997-09-27,031-310-2402,2025-07-14
아파트,주공1단지,정왕동 1864,정왕대로53번길 7,18,10,690 ,69854 ,1997-10-21,031-310-2402,2025-07-14
아파트,주공2단지,정왕동 1868,정왕대로117번길 9,19,10,680 ,71279 ,1997-10-21,031-310-2402,2025-07-14
아파트,주공3단지,정왕동 1869,정왕대로117번길 31,18,10,630 ,66245 ,1997-10-21,031-310-2402,2025-07-14
아파트,서해1차아파트,정왕동 1886-3,정왕신길로49번길 39,17,10,530 ,54967 ,1997-10-23,031-310-2402,2025-07-14
아파트,서해아파트,대야동 563,비둘기공원7길 19,5,20,615 ,53625 ,1997-11-14,031-310-2402,2025-07-14
아파트,두산아파트,은행동 542,대은로104번길 25,5,20,438 ,52105 ,1997-11-14,031-310-2402,2025-07-14
아파트,은행녹원아파트,은행 289-33,검바위2로 18,2,20,299 ,34430 ,1997-11-15,031-310-2402,2025-07-14
아파트,시화 삼환아파트,정왕동 1876-1,옥구천동로 433-26,8,10,350 ,27960 ,1997-11-28,031-310-2402,2025-07-14
아파트,서강2차아파트,대야동 564,은행로 232,4,19,582 ,52462 ,1997-12-06,031-310-2402,2025-07-14
아파트,부성파스텔,정왕동 1876-3,옥구천동로 451,21,10,600 ,54486 ,1997-12-20,031-310-2402,2025-07-14
아파트,대림2차,정왕동 1851,중심상가로 74,17,10,690 ,56070 ,1998-02-19,031-310-2402,2025-07-14
아파트,벽산3차아파트,은행동 547-1,은행로 108,4,20,352 ,46269 ,1998-03-20,031-310-2402,2025-07-14
아파트,대림3차,정왕동 1878-4,함송로29번길 37,9,10,280 ,42842 ,1998-03-20,031-310-2402,2025-07-14
아파트,시화 동원아파트,정왕동 1878-5,봉화로18,10,10,358 ,48687 ,1998-03-20,031-310-2402,2025-07-14
아파트,대림1차,정왕동 1863,정왕대로28번길 5,21,10,660 ,60884 ,1998-03-25,031-310-2402,2025-07-14
아파트,유호아파트,거모동 1715-2,황고개로206번길 43,3,20,457 ,48421 ,1998-03-31,031-310-2402,2025-07-14
아파트,삼화아파트,매화동 260-1,매화로 58,1,16,141 ,15114 ,1998-04-27,031-310-2402,2025-07-14
아파트,고합아파트,정왕동 1886-5,정왕신길로49번길 7,12,10,400 ,41915 ,1998-04-27,031-310-2402,2025-07-14
아파트,시화 계룡2차아파트,정왕동 1942-1,정왕대로28번길 8,20,10,630 ,60647 ,1998-04-27,031-310-2402,2025-07-14
아파트,현진2차아파트,신천동 782-1,신천로44번길 36,2,6,96 ,8215 ,1998-05-09,031-310-2402,2025-07-14
아파트,동남아파트,정왕동 1862,정왕대로28번길 29,16,10,720 ,57212 ,1998-05-25,031-310-2402,2025-07-14
아파트,세종3차,정왕동 1849-6,중심상가로 105,9,10,279 ,43290 ,1998-06-27,031-310-2402,2025-07-14
아파트,서해2차,정왕동 1886-4,정왕신길로49번길 21,18,10,570 ,66426 ,1998-07-25,031-310-2402,2025-07-14
아파트,주공4단지,정왕동 1843,정왕대로143번길 32,15,10,610 ,60795 ,1998-10-19,031-310-2402,2025-07-14
아파트,주공5단지,정왕동 1844,정왕대로143번길 8,17,10,690 ,68741 ,1998-10-19,031-310-2402,2025-07-14
아파트,대우3차,은행동 550,"은행로107(1단지)	 대은로 62(2단지)",11,20,1272 ,152330 ,1998-10-26,031-310-2402,2025-07-14
아파트,주공6단지,정왕동 1787-1,중심상가로 248,13,10,490 ,48269 ,1998-11-16,031-310-2402,2025-07-14
아파트,시화 보성아파트,정왕동 1877-5,함송로 63,18,10,760 ,69850 ,1998-12-26,031-310-2402,2025-07-14
아파트,매꼴마을 삼성아파트,장곡동 805,인선길 77,7,20,574 ,70166 ,1999-04-16,031-310-2402,2025-07-14
아파트,연꽃마을 금호아파트,하상동 369,하상로 36,9,19,822 ,90582 ,1999-05-20,031-310-2402,2025-07-14
아파트,"진말 대우	 우성아파트",장곡동 828,진말로 36-1,10,20,640 ,93665 ,1999-06-29,031-310-2402,2025-07-14
아파트,청솔 ,정왕동 1847,중심상가로 128,12,10,750 ,55960 ,1999-08-20,031-310-2402,2025-07-14
아파트,새재마을 대동아파트,장현동 540,시청로 59,6,20,480 ,58354 ,1999-08-25,031-310-2402,2025-07-14
아파트,숲속마을 1단지,장곡동 807,장곡로53번길 10,18,18,1246 ,155811 ,1999-08-30,031-310-2402,2025-07-14
아파트,산호아파트 (2차),논곡동 280,수인로2431번길 13,1,12,92 ,11992 ,1999-08-31,031-310-2402,2025-07-14
아파트,진말 삼환.한진아파트,장곡동 829,진말로 46,10,20,799 ,89294 ,1999-09-27,031-310-2402,2025-07-14
아파트,"숲속마을 벽산	삼익",장곡동 806,인선길 63,12,20,856 ,97458 ,1999-10-30,031-310-2402,2025-07-14
아파트,관곡마을 성원아파트,하중1동 827,하중로133번길 8,8,19,498 ,54880 ,1999-10-30,031-310-2402,2025-07-14
아파트,참이슬,하중2동 855,하중로209번길 9,12,20,944 ,130154 ,1999-10-30,031-310-2402,2025-07-14
아파트,거모동보아파트,거모동 612-1,군자로335번길 11,7,20,1392 ,91981 ,1999-11-04,031-310-2402,2025-07-14
아파트,"연꽃마을 대우	삼호",하상동 368,관곡지로 222,11,20,1044 ,115192 ,1999-11-19,031-310-2402,2025-07-14
아파트,매꼴마을 동양아파트,장곡동 804,인선길 111,5,20,414 ,47517 ,1999-11-29,031-310-2402,2025-07-14
아파트,관곡마을 동아아파트,하중동 826-1,하중로133번길 19,4,20,503 ,49749 ,2000-05-29,031-310-2402,2025-07-14
아파트,극동아파트,대야동 332-13,소래산길 18,5,19,350 ,42086 ,2000-07-14,031-310-2402,2025-07-14
아파트,진말대우3차아파트,장곡동 824,진말로 10,7,15,518 ,66089 ,2000-11-28,031-310-2402,2025-07-14
아파트,건영4차,정왕동 1871-5,정왕대로143번길 9,6,10,240 ,32519 ,2000-12-08,031-310-2402,2025-07-14
아파트,매화마을 홍익아파트,매화동 367외6,매화우회로 37,2,24,285 ,30364 ,2000-12-29,031-310-2402,2025-07-14
아파트,건영7차,정왕동 1867-1,정왕대로53번길 4,3,10,140 ,17108 ,2001-01-31,031-310-2402,2025-07-14
아파트,우남아파트,은행동 599번지,대은로104번길 11,5,19,346 ,42005 ,2001-09-05,031-310-2402,2025-07-14
아파트,새재마을 청구아파트,장현동 540,시청로 71,7,20,478 ,56820 ,2001-12-12,031-310-2402,2025-07-14
아파트,영화아파트,정왕동 1870-3,정왕대로143번길 35,5,10,210 ,20494 ,2002-04-01,031-310-2402,2025-07-14
아파트,문영센스빌아파트,정왕동 1877-1,함송로 35,12,10,410 ,32323 ,2002-05-25,031-310-2402,2025-07-14
아파트,건영3차,정왕동 1871-1,정왕대로117번길 10,7,10,210 ,30068 ,2002-06-19,031-310-2402,2025-07-14
아파트,건영5차,정왕동 1788-1,중심상가로 40,11,10,340 ,47815 ,2002-07-10,031-310-2402,2025-07-14
아파트,샛말대우4차,하중동 858,연성로13번길 36,2,20,256 ,28634 ,2002-08-24,031-310-2402,2025-07-14
아파트,풍림1차 아파트,월곶동 1010-4,월곶중앙로70번길 11,16,20,2560 ,260818 ,2002-12-04,031-310-2402,2025-07-14
아파트,태평아파트,하상동 382,상직길 4,5,20,368 ,44361 ,2003-04-10,031-310-2402,2025-07-14
아파트,연꽃마을 태평아파트,하상동 383,상직길 9,2,20,194 ,31796 ,2003-04-10,031-310-2402,2025-07-14
아파트,풍림아파트,은행동 250-5의 36필지,수인로3247번길 62,2,15,264 ,31947 ,2003-12-05,031-310-2402,2025-07-14
아파트,동신아파트,대야동 639,대은로103번길 4,4,20,229 ,32408 ,2004-06-28,031-310-2402,2025-07-14
아파트,대우4차(푸르지오),은행동 599-1,은행로 93-1,16,20,1216 ,167995 ,2004-07-30,031-310-2402,2025-07-14
아파트,월곶풍림2차 아파트,월곶동 1010-1,월곶중앙로14번길 87,15,20,1725 ,182734 ,2005-02-21,031-310-2402,2025-07-14
아파트,풍림3차 아파트,월곶동 1016,월곶중앙로 11,7,15,560 ,78303 ,2005-03-28,031-310-2402,2025-07-14
아파트,경남아너스빌,신천동 943-1,시흥대로 1119-3,6,15,369 ,54683 ,2005-06-14,031-310-2402,2025-07-14
아파트,풍림4차 아파트,월곶동 994,월곶중앙로14번길 9,7,25,683 ,101235 ,2006-11-20,031-310-2402,2025-07-14
아파트,예스라이프아파트,은행동 105-13,은행로65번길 4-1,1,15,134 ,15789 ,2008-03-07,031-310-2402,2025-07-14
아파트,삼성홈타운,"은행동 289-11	50",검바위1로 19,3,17,165 ,21924 ,2008-05-02,031-310-2402,2025-07-14
아파트,엘드수목토아파트,능곡동 789,능곡로133,7,15,272 ,46624 ,2008-10-14,031-310-2402,2025-07-14
아파트,휴먼시아 13단지,능곡동 800,시흥대로268번길 53,9,10,556 ,43197 ,2008-10-20,031-310-2402,2025-07-14
아파트,우남퍼스트빌,능곡동 802,시흥대로268번길 75,7,15,300 ,80396 ,2008-10-21,031-310-2402,2025-07-14
아파트,휴먼시아 5단지,능곡동 557,능곡중앙로 77,9,10,506 ,37893 ,2008-12-01,031-310-2402,2025-07-14
아파트,신안인스빌,능곡동 782,승지로 7,9,12,394 ,67974 ,2008-12-04,031-310-2402,2025-07-14
아파트,휴먼시아 7단지,능곡동 772,승지로 34,9,11,539 ,40162 ,2008-12-15,031-310-2402,2025-07-14
아파트,은하수드림필,신천동 833-9,신천5길 15,1,13,64 ,8638 ,2009-01-29,031-310-2402,2025-07-14
아파트,휴먼시아 6단지,능곡동 768,승지로 33,8,12,438 ,36784 ,2009-04-15,031-310-2402,2025-07-14
아파트,휴먼시아 9단지,능곡동 787,능곡중앙로 34,10,12,591 ,45368 ,2009-04-15,031-310-2402,2025-07-14
아파트,휴먼시아 2단지,능곡동 502,승지로 89,6,12,323 ,25726 ,2009-04-22,031-310-2402,2025-07-14
아파트,유호엔플러스빌 2차,월곶동 1012-1,월곶해안로161번길 25,4,25,298 ,68466 ,2009-05-22,031-310-2402,2025-07-14
아파트,능곡자연앤아파트,능곡동 554,승지로 78,7,15,239 ,37254 ,2009-05-25,031-310-2402,2025-07-14
아파트,신일해피트리,능곡동 712,능곡로 120,8,15,315 ,76825 ,2009-06-11,031-310-2402,2025-07-14
아파트,해가든 더클래식(구 대주),미산동 350-15,미산로100번길 11,5,20,289 ,68467 ,2009-10-01,031-310-2402,2025-07-14
아파트,힐스테이트,능곡동 775,능곡중앙로 33,8,15,321 ,51296 ,2009-11-13,031-310-2402,2025-07-14
아파트,현진에버빌,능곡동 548,승지로 88,6,15,203 ,32607 ,2010-02-22,031-310-2402,2025-07-14
아파트,신천휴먼시아,신천동 946,시흥대로 1133,7,18,313 ,41325 ,2010-07-29,031-310-2402,2025-07-14
아파트,조양휴캐슬프라자,신천동 765,신천천동로 13,1,13,46 ,6360 ,2010-12-07,031-310-2402,2025-07-14
아파트,우남퍼스트빌2차,능곡동 493,능곡중앙로 120,5,15,236 ,38980 ,2011-08-30,031-310-2402,2025-07-14
아파트,삼환나우빌아파트,신천동 949,시흥대로로1144,8,23,419 ,68069 ,2012-03-06,031-310-2402,2025-07-14
아파트,대우6차푸르지오2단지,죽율동 752,죽율로 36,13,23,769 ,119966 ,2013-10-31,031-310-2402,2025-07-14
아파트,대우6차푸르지오1단지,죽율동 759,죽율로 45-10,20,23,1221 ,177427 ,2014-07-30,031-310-2402,2025-07-14
아파트,호반베르디움센트럴파크,정왕동 2485, 배곧3로 27-8 ,15,26~29,1414 ,193505 ,2015-07-13,031-310-2402,2025-07-14
아파트,SK뷰(배곧),정왕동 2483, 배곧3로 27-7 ,17,25~29,1442 ,205093 ,2015-07-28,031-310-2402,2025-07-14
아파트,목감퍼스트아파트,조남동 257-2,목감둘레로 229-10 ,8,25,625 ,71642 ,2015-08-21,031-310-2402,2025-07-14
아파트,청담아이리스아파트,신천동 706,호현로21번길 17,1,10,32 ,2446 ,2016-05-11,031-310-2403,2025-07-14
아파트,시흥목감LH7단지,조남동 662,목감중앙로 20,6,19,756 ,44815 ,2016-06-02,031-310-2402,2025-07-14
아파트,배곧 골드클래스 아파트(배곧),정왕동 2456,배곧4로 81-13,10,15~25,690 ,90919 ,2016-06-29,031-310-2402,2025-07-14
아파트,LH포레하임,조남동 680,목감중앙로 62,5,25,345 ,48257 ,2016-07-01,031-310-2402,2025-07-14
아파트,LH네이처하임,조남동 720,수풀안길 19-27,8,19~24,592 ,83102 ,2016-07-19,031-310-2402,2025-07-14
아파트,제나하임아파트,하중동 877-3,연성로13번길 5-8,1,9,28 ,2628 ,2016-09-09,031-310-2402,2025-07-14
아파트,신천센트럴아파트,신천동 706-1,호현로21번길 13,1,12,50 ,5161 ,2016-09-22,031-310-2404,2025-07-14
아파트,호반베르디움2차(배곧),정왕동 2501,서울대학로 328,14,24~29,1206 ,161254 ,2016-11-02,031-310-2402,2025-07-14
아파트,목감한양수자인,논곡동 160-59,수인로2421번길 89,7,19~27,536 ,65197 ,2016-11-03,031-310-2402,2025-07-14
아파트,호반베르디움 더 프라임,목감동 406,배미골길 23,7,20~25,580 ,85705 ,2017-02-02,031-310-2402,2025-07-14
아파트,한신더휴센트럴파크,조남동 669,목감남서로 35,7,21~25,693 ,98500 ,2017-02-02,031-310-2402,2025-07-14
아파트,신천팰리스,신천동 705-1,호현로27번길 15,1,10,24 ,2133 ,2017-04-11,031-310-2402,2025-07-14
아파트,LH리벤티움,조남동 678,목감중앙로 45,12,21,944 ,109425 ,2017-07-04,031-310-2402,2025-07-14
아파트,호반베르디움 더 레이크,조남동 660,목감남서로 38,7,20~25,766 ,108931 ,2017-07-18,031-310-2402,2025-07-14
아파트,이지더원1차(배곧),정왕동2383,해송십리로 472-12,9,27,840 ,101098 ,2017-08-11,031-310-2402,2025-07-14
아파트,한라비발디캠퍼스1차(배곧),정왕동 2566,배곧1로 27-15,12,40,2701 ,450728 ,2017-08-23,031-310-2402,2025-07-14
아파트,이지더원2차(배곧),정왕동 2575,서울대학로 100,15,16,904 ,113951 ,2017-10-27,031-310-2402,2025-07-14
아파트,LH은계센트럴타운,은행동 619,은계중앙로 97,11,13~20,1025 ,127042 ,2017-11-01,031-310-2402,2025-07-14
아파트,목감LH13단지,조남동 700,목감둘레로 229-15,6,25,1204 ,64831 ,2017-11-08,031-310-2402,2025-07-14
아파트,호반베르디움 센트로하임(배곧),정왕동2503,배곧4로 106-25,20,29,1647 ,238153 ,2017-11-10,031-310-2402,2025-07-14
아파트,목감그레미움,조남동 682,목감중앙로 65,5,25,413 ,46535 ,2017-11-20,031-310-2402,2025-07-14
아파트,목감 신안인스빌,조남동 676,목감중앙로 36,6,23~25,576 ,87622 ,2017-12-19,031-310-2402,2025-07-14
아파트,목감 레이크푸르지오,산현동 502,목감남서로 92-30,9,25,629 ,72808 ,2018-01-04,031-310-2402,2025-07-14
아파트,시흥배곧한신더휴(배곧),정왕동 2502,배곧4로 106-26,18,29,1358 ,197333 ,2018-01-19,031-310-2402,2025-07-14
아파트,호반베르디움더클래스,조남동 721,수풀안길 19-30,6,23~25,415 ,85971 ,2018-02-14,031-310-2402,2025-07-14
아파트,한라비발디캠퍼스2차(배곧),정왕동 2564,배곧1로 27-16,17,39~40,2695 ,446889 ,2018-02-23,031-310-2402,2025-07-14
아파트,LH가온수플,조남동 663,목감중앙로 19,10,9~25,678 ,97076 ,2018-07-03,031-310-2402,2025-07-14
아파트,LH네이처포레,은행동 632,은계중앙로 140,14,15~29,1594 ,202037 ,2018-07-16,031-310-2402,2025-07-14
아파트,목감호수품애,산현동 514,목감남서로 92-12,6,12~25,590 ,67487 ,2018-09-15,031-310-2402,2025-07-14
아파트,은계우미린더퍼스트,은행동 621,은계중앙로 115,7,19-29,731 ,145838 ,2018-09-18,031-310-2402,2025-07-14
아파트,시흥은계우미린레이크,대야동 679,계수로 19,6,24~29,448 ,71289 ,2018-09-20,031-310-2402,2025-07-14
아파트,한라비발디캠퍼스3차(배곧),정왕동 2558,서울대학로 172-20,6,33~40,1304 ,219748 ,2018-09-20,031-310-2402,2025-07-14
아파트,시흥 은계브리즈힐,은행동 620,은계중앙로 118,10,17~29,835 ,116748 ,2018-09-22,031-310-2402,2025-07-14
아파트,목감 중흥S-클래스,산현동 496,목감남서로 92-15 ,10,16~25,806 ,125922 ,2018-10-29,031-310-2402,2025-07-14
아파트,은계한양수자인더클래스,은행동 661,은계남로 11,10,22~29,1090 ,159868 ,2018-12-27,031-310-2402,2025-07-14
아파트,시흥은계LH7단지,은행동 660,은계중앙로 37,9,13~21,1445 ,88759 ,2018-12-31,031-310-2402,2025-07-14
아파트,배곧 센텀베이1차(배곧),정왕동 2388,해송십리로 472-54,7,26~28,689 ,95481 ,2019-01-10,031-310-2402,2025-07-14
아파트,배곧 센텀베이2차(배곧),정왕동 2459,배곧4로 81-29,9,26~28,540 ,77603 ,2019-01-16,031-310-2402,2025-07-14
아파트,배곧중흥S클래스,정왕동 2381,해송십리로 472-11,20,19~29,1208 ,159868 ,2019-02-22,031-310-2402,2025-07-14
아파트,호반베르디움더숲,산현동 520,목감둘레로 80,12,24~25,968 ,154183 ,2019-04-03,031-310-2402,2025-07-14
아파트,배곧대방노블랜드,정왕동 2460,배곧4로 81-39,11,25~29,1089 ,136763 ,2019-05-07,031-310-2402,2025-07-14
아파트,장현마을2단지 리슈빌더스테이,능곡동 9-1,시흥대로360번길 9,8,23~25,651 ,98294 ,2019-06-28,031-310-2402,2025-07-14
아파트,시흥장현LH4단지,능곡동 190-6,능곡서로 27,4,11~25,996 ,53333 ,2019-07-11,031-310-2402,2025-07-14
아파트,LH네이처뷰,장현동 170-2,시청로 100,6,21~25,620 ,89714 ,2019-09-09,031-310-2402,2025-07-14
아파트,e편한세상 시흥 센텀하임,대야동 692,비둘기공원7길 10,9,20~35,659 ,99524 ,2019-09-27,031-310-2402,2025-07-14
아파트,엘에이치어반리더스,대야동 659,은계중앙로 325,14,15~29,1198 ,167594 ,2019-12-06,031-310-2402,2025-07-14
아파트,시흥은계엘에이치2단지,대야동 658,은계북길 7,3,19~25,820 ,46878 ,2019-12-26,031-310-2402,2025-07-14
아파트,신천코아루웰라움,신천동 953,시흥대로 1124-17,3,22~23,169 ,25516 ,2020-02-27,031-310-2402,2025-07-14
아파트,제일풍경채 더숲,은행동 625,은계중앙로 151,5,17~29,429 ,47210 ,2020-03-23,031-310-2402,2025-07-14
아파트,동원로얄듀크1차,광석동 542,시흥대로 404,5,22~23,447 ,75200 ,2020-04-24,031-310-2402,2025-07-14
아파트,라보나시티,월곶동 991-28,월곶중앙로14번길 68,1,18,286 ,18922 ,2020-05-08,031-310-2402,2025-07-14
아파트,시흥센트럴푸르지오,대야동 693,수인로3312번길 16,10,40~49,2003 ,353325 ,2020-05-28,031-310-2402,2025-07-14
아파트,루벤시아1차,장곡동 920,장곡북로 43,7,21~25,786 ,84662 ,2020-07-03,031-310-2402,2025-07-14
아파트,루벤시아2차,장현동 569,장현장곡로 79,5,19~25,526 ,56248 ,2020-07-03,031-310-2402,2025-07-14
아파트,장현호반써밋,장현동 591,장현순환로 58,9,23~25,712 ,119753 ,2020-07-03,031-310-2402,2025-07-14
아파트,모아미래도에듀포레,장현동 608,장현순환로 81,11,23~25,928 ,107168 ,2020-07-21,031-310-2402,2025-07-14
아파트,장현리슈빌퍼스트클래스,장현동 636,장현순환로 130,10,22~25,891 ,152777 ,2020-07-24,031-310-2402,2025-07-14
아파트,제일풍경채에듀,장현동 632,장현순환로 111,5,24~25,489 ,76983 ,2020-07-24,031-310-2402,2025-07-14
아파트,두산위브더파크,대야동 694,서해안로 1645,15,12~24,1382 ,185740 ,2020-07-31,031-310-2402,2025-07-14
아파트,엘에이치19단지,장곡동 879,동서장곡길 55,3,17~20,671 ,28323 ,2020-09-10,031-310-2402,2025-07-14
아파트,엘에이치17단지,장곡동 901,인선길 39,5,15~25,1292 ,88776 ,2020-10-12,031-310-2402,2025-07-14
아파트,엘에이치아란트리,은행동 662,은계중앙로 8,7,15~26,839 ,99548 ,2020-10-12,031-310-2402,2025-07-14
아파트,엘에이치은계파크자이,은행동 647,은계중앙로 65,17,16~29,1719 ,235323 ,2020-12-03,031-310-2402,2025-07-14
아파트,엘에이치시흥시청역트리플포레,능곡동 864,장현천로 61,7,21,614 ,67585 ,2020-12-07,031-310-2402,2025-07-14
아파트,시흥장현제일풍경채센텀,능곡동 894,장현능곡로 144,7,24~25,698 ,111584 ,2020-12-31,031-310-2402,2025-07-14
아파트,시흥장현금강펜테리움센트럴파크,군자동 819,장현천로 133,6,23~25,590 ,4367 ,2021-01-04,031-310-2402,2025-07-14
아파트,목감지음재파크뷰,목감동 397,솔고개길 47,2,20~25,154 ,10787 ,2021-02-25,031-310-2402,2025-07-14
아파트,월곶역 블루밍더마크,월곶동 1008,월곶중앙로58번길 5-6,2,39,270 ,39262 ,2021-10-15,031-310-2402,2025-07-14
아파트,장현 동원로얄듀크 메트로포레,군자동 827,장현천로 170,5,19~24,345 ,65955 ,2021-12-27,031-310-2402,2025-07-14
아파트,LH트리플센텀,장현동160,시청로 79,8,20,546 ,71291 ,2022-04-15,031-310-2402,2025-07-14
아파트,시흥 센트럴 헤센,월곶동 1064-1,월동중앙로 55,7,25,494 ,71627 ,2022-09-27,031-310-2402,2025-07-14
아파트,유승한내들퍼스트파크,장곡동 936,장현장곡로 10,7,25,676 ,127127 ,2022-11-23,031-310-2402,2025-07-14
아파트,호반써밋더퍼스트오션,정왕동 2712,거북섬남로 45,6,24~29,578 ,87469 ,2022-12-23,031-310-2402,2025-07-14
아파트,영무예다음,장곡동 924,장현장곡로 15,8,25,747 ,118907 ,2022-12-29,031-310-2402,2025-07-14
아파트,호반써밋 더 프라임,정왕동 2732,거북섬남로 77,9,29,826 ,124580 ,2023-01-26,031-310-2402,2025-07-14
아파트,금강펜테리움 오션베이,정왕동 2737,거북섬남로 90,7,28~30,930 ,130893 ,2023-02-22,031-310-2402,2025-07-14
아파트,파라곤 센트럴 오션시티,정왕동 2711,거북섬남로 11,7,29,656 ,101112 ,2023-02-23,031-310-2402,2025-07-14
아파트,군자서희스타힐스,거모동 293,군자로 253번길,15,20,916 ,122416 ,2023-10-31,031-310-2402,2025-07-14
아파트,MS스타리움아파트 1단지 101동,신천동 954,수인로3325번길 51,1,15,56 ,6948 ,2023-11-03,031-310-2402,2025-07-14
아파트,효성해링턴플레이스(목감),논곡동 162-3,수인로 2365,3,23~26,145 ,18820 ,2023-11-29,031-310-2402,2025-07-14
아파트,시흥장현 데시앙,장곡동 942,진말1로 30,6,15~25,534 ,76809 ,2024-02-08,031-310-2402,2025-07-14
아파트,e편한세상 시흥장현 퍼스트베뉴,군자동 821,장현천로 155,4,25,431 ,70276 ,2024-07-29,031-310-2402,2025-07-14
