시도코드,시도,연도,총인구,남자인구,여자인구,20대,남_20대,여_20대,30대,남_30대,여_30대,40대,남_40대,여_40대,50대이상,남_50대이상,여_50대이상
51,강원,2011,1536448,773278,763170,183798,101321,82477,213295,110216,103079,255010,132893,122117,554931,256660,298271
51,강원,2012,1538630,774273,764357,180716,99993,80723,208796,107404,101392,252053,131653,120400,575828,267355,308473
51,강원,2013,1542263,776498,765765,180364,100609,79755,202244,104129,98115,253169,132078,121091,594020,276646,317374
51,강원,2014,1544442,778007,766435,181760,102066,79694,194502,100337,94165,252750,131738,121012,611940,285854,326086
51,강원,2015,1549507,781434,768073,184802,104877,79925,189754,98138,91616,250407,130578,119829,630196,295090,335106
51,강원,2016,1550806,781146,769660,184869,104169,80700,185407,96110,89297,246372,127888,118484,649376,305342,344034
51,강원,2017,1550142,780635,769507,185914,104548,81366,180188,93578,86610,242216,125599,116617,668152,314883,353269
51,강원,2018,1543052,776456,766596,182891,102581,80310,175578,91348,84230,233996,121245,112751,687863,325297,362566
51,강원,2019,1541502,775386,766116,181102,101470,79632,170669,89075,81594,228292,117822,110470,708084,335980,372104
51,강원,2020,1542840,776505,766335,180015,101305,78710,166349,87423,78926,224378,115276,109102,728992,346916,382076
51,강원,2021,1538492,774332,764160,175424,98744,76680,162817,85867,76950,219422,112385,107037,745973,356126,389847
51,강원,2022,1536498,772947,763551,170194,95604,74590,160365,84970,75395,215872,110010,105862,761898,364663,397235
51,강원,2023,1527807,768449,759358,163610,91639,71971,158594,84692,73902,208819,106310,102509,776859,372410,404449
51,강원,2024,1517766,763025,754741,156210,87401,68809,158524,84969,73555,200689,102093,98596,789937,379283,410654
41,경기,2011,11937415,6015357,5922058,1558886,801349,757537,2088455,1055700,1032755,2227890,1144400,1083490,3146868,1501228,1645640
41,경기,2012,12093299,6091035,6002264,1562100,805410,756690,2071071,1046376,1024695,2249470,1151541,1097929,3332933,1596089,1736844
41,경기,2013,12234630,6159193,6075437,1576139,815313,760826,2039007,1031620,1007387,2288932,1166161,1122771,3498174,1679855,1818319
41,경기,2014,12357830,6219813,6138017,1608430,835647,772783,1991551,1008909,982642,2303367,1170831,1132536,3676628,1769334,1907294
41,경기,2015,12522606,6299812,6222794,1644870,857498,787372,1969170,999370,969800,2302937,1168724,1134213,3874656,1865649,2009007
41,경기,2016,12716780,6395453,6321327,1687250,881412,805838,1955946,994253,961693,2312530,1169765,1142765,4070429,1964042,2106387
41,경기,2017,12873895,6475323,6398572,1721524,901746,819778,1934989,986741,948248,2313960,1171811,1142149,4266286,2057046,2209240
41,경기,2018,13077153,6577501,6499652,1749054,917804,831250,1949571,996212,953359,2291231,1163422,1127809,4492545,2165270,2327275
41,경기,2019,13239666,6659995,6579671,1770695,931439,839256,1925827,988359,937468,2290198,1163371,1126827,4712494,2271224,2441270
41,경기,2020,13427014,6754469,6672545,1807848,951737,856111,1907459,982843,924616,2299423,1168836,1130587,4938086,2381420,2556666
41,경기,2021,13565450,6827298,6738152,1798269,947823,850446,1900447,983619,916828,2296173,1168232,1127941,5149629,2486822,2662807
41,경기,2022,13589432,6839276,6750156,1737291,916141,821150,1882300,978227,904073,2284603,1162714,1121889,5316558,2569121,2747437
41,경기,2023,13630821,6855895,6774926,1682138,885110,797028,1878734,979572,899162,2256931,1150795,1106136,5502837,2658313,2844524
41,경기,2024,13694685,6882186,6812499,1627548,853005,774543,1907383,997554,909829,2214874,1130022,1084852,5686585,2746451,2940134
48,경남,2011,3308765,1664755,1644010,401522,216495,185027,517772,267134,250638,576519,297359,279160,1044861,477562,567299
48,경남,2012,3319314,1670545,1648769,392545,212642,179903,511254,263736,247518,573563,296163,277400,1089376,500774,588602
48,경남,2013,3333820,1678592,1655228,389509,212461,177048,499756,258795,240961,582410,299816,282594,1126624,520543,606081
48,경남,2014,3350257,1687114,1663143,391686,214964,176722,486893,252082,234811,585426,301565,283861,1167101,541251,625850
48,경남,2015,3364702,1694981,1669721,394794,217509,177285,476814,247672,229142,580967,299336,281631,1209973,563219,646754
48,경남,2016,3373871,1699219,1674652,397368,218935,178433,466247,242671,223576,574855,295301,279554,1252263,586091,666172
48,경남,2017,3380404,1701413,1678991,397268,218770,178498,454065,236383,217682,566645,291424,275221,1298109,608790,689319
48,경남,2018,3373988,1697412,1676576,394180,217287,176893,441235,229332,211903,552404,284645,267759,1343630,631970,711660
48,경남,2019,3362553,1692032,1670521,387562,214250,173312,422681,220180,202501,543280,280017,263263,1389573,655622,733951
48,경남,2020,3340216,1681423,1658793,378436,210511,167925,399558,208912,190646,536223,276112,260111,1433019,678118,754901
48,경남,2021,3314183,1668338,1645845,362661,202593,160068,379886,198989,180897,527396,271358,256038,1474110,699933,774177
48,경남,2022,3280493,1651675,1628818,341089,191246,149843,362225,190640,171585,519743,266716,253027,1508570,718987,789583
48,경남,2023,3251158,1636987,1614171,322711,181299,141412,350135,185290,164845,505303,259730,245573,1545063,737621,807442
48,경남,2024,3228380,1626926,1601454,305683,172576,133107,345727,184290,161437,489536,251519,238017,1578285,755479,822806
47,경북,2011,2699195,1355727,1343468,328074,179873,148201,383977,200588,183389,438250,229135,209115,992126,451025,541101
47,경북,2012,2698353,1355294,1343059,319091,175717,143374,377505,196960,180545,434041,227365,206676,1024735,468231,556504
47,경북,2013,2699440,1355951,1343489,314302,173794,140508,367719,192428,175291,435125,227605,207520,1053443,483240,570203
47,경북,2014,2700794,1356182,1344612,312801,173500,139301,356199,186364,169835,433992,226859,207133,1083954,499027,584927
47,경북,2015,2702826,1357306,1345520,311383,172970,138413,347557,182554,165003,428513,224166,204347,1114652,514956,599696
47,경북,2016,2700398,1356868,1343530,308303,171531,136772,339593,178597,160996,421947,219872,202075,1143625,531671,611954
47,경북,2017,2691706,1353164,1338542,305390,170532,134858,329087,173565,155522,414254,216172,198082,1173128,546844,626284
47,경북,2018,2676831,1346689,1330142,300125,168236,131889,319542,168868,150674,399573,208956,190617,1204883,563864,641019
47,경북,2019,2665836,1342037,1323799,294550,165620,128930,306807,163100,143707,391533,204587,186946,1237014,581258,655756
47,경북,2020,2639422,1329211,1310211,284163,160830,123333,291117,155283,135834,383508,200206,183302,1265149,596493,668656
47,경북,2021,2626609,1323661,1302948,276021,156417,119604,279475,149655,129820,377180,196384,180796,1293454,612821,680633
47,경북,2022,2600492,1311881,1288611,261320,148701,112619,268368,144472,123896,369977,192241,177736,1315129,625916,689213
47,경북,2023,2554324,1290298,1264026,248255,142133,106122,259154,140706,118448,357366,186024,171342,1320312,629668,690644
47,경북,2024,2531384,1280547,1250837,235821,135339,100482,255763,140152,115611,344000,179173,164827,1339789,640979,698810
29,광주,2011,1463464,725606,737858,201043,103088,97955,241669,120445,121224,251849,126078,125771,387928,177685,210243
29,광주,2012,1469216,728406,740810,197582,101787,95795,239308,119434,119874,254480,127202,127278,405323,186255,219068
29,광주,2013,1472910,730216,742694,196390,101568,94822,234845,117598,117247,257153,128190,128963,421474,194327,227147
29,광주,2014,1475884,731339,744545,197540,102607,94933,227820,114241,113579,260090,129505,130585,437607,202238,235369
29,광주,2015,1472199,729662,742537,198686,103425,95261,221036,110965,110071,258049,128541,129508,453723,210112,243611
29,광주,2016,1469214,728137,741077,201402,105349,96053,213395,107247,106148,255953,127153,128800,469903,218328,251575
29,광주,2017,1463770,725295,738475,203610,106689,96921,205522,103442,102080,253204,125703,127501,485754,225944,259810
29,광주,2018,1459336,722581,736755,205743,107730,98013,200420,101066,99354,246391,122452,123939,503618,234478,269140
29,광주,2019,1456468,720740,735728,207448,108393,99055,192943,97812,95131,244566,121383,123183,520561,242690,277871
29,광주,2020,1450062,717348,732714,209375,109335,100040,185867,94869,90998,240867,119545,121322,537117,250654,286463
29,광주,2021,1441611,713015,728596,206472,107781,98691,181189,92783,88406,236167,117383,118784,551314,257695,293619
29,광주,2022,1431050,707299,723751,198619,103581,95038,177417,91171,86246,232740,115729,117011,564440,263900,300540
29,광주,2023,1419237,700896,718341,190905,99724,91181,174075,89847,84228,227259,113235,114024,579694,270874,308820
29,광주,2024,1408422,695224,713198,182033,94953,87080,173762,90216,83546,219511,109527,109984,594861,278178,316683
27,대구,2011,2507271,1251577,1255694,332377,179130,153247,386634,191886,194748,454496,224925,229571,766298,352963,413335
27,대구,2012,2505644,1249320,1256324,325973,177562,148411,378294,187709,190585,450176,222197,227979,799990,369325,430665
27,대구,2013,2501588,1246071,1255517,322547,176950,145597,367519,183051,184468,450744,221855,228889,826928,382311,444617
27,대구,2014,2493264,1241119,1252145,323936,178208,145728,353237,176611,176626,446088,219647,226441,854383,395568,458815
27,대구,2015,2487829,1237291,1250538,326755,179517,147238,342633,172408,170225,438674,216253,222421,882062,408265,473797
27,대구,2016,2484557,1234169,1250388,329927,180511,149416,333768,168980,164788,431822,212242,219580,907877,421086,486791
27,대구,2017,2475231,1227814,1247417,332212,180803,151409,324015,165043,158972,421146,207430,213716,935059,433213,501846
27,대구,2018,2461769,1219342,1242427,330845,179001,151844,317978,162884,155094,404270,199424,204846,964051,446866,517185
27,대구,2019,2438031,1205286,1232745,323641,174194,149447,305986,157920,148066,393387,194076,199311,989507,458214,531293
27,대구,2020,2418346,1193109,1225237,321534,171675,149859,294310,153070,141240,383839,189358,194481,1014539,469618,544921
27,대구,2021,2385412,1175632,1209780,308921,164484,144437,284865,149452,135413,372555,183962,188593,1032711,477864,554847
27,대구,2022,2363691,1162865,1200826,294363,156048,138315,279457,147977,131480,363802,179475,184327,1050807,485907,564900
27,대구,2023,2374960,1166803,1208157,282470,148961,133509,279965,149088,130877,356114,176398,179716,1091887,504680,587207
27,대구,2024,2363629,1159601,1204028,268100,140840,127260,282632,150942,131690,344645,171028,173617,1113586,514436,599150
30,대전,2011,1515603,759188,756415,211866,110297,101569,252784,126585,126199,266938,133873,133065,413965,194973,218992
30,대전,2012,1524583,763671,760912,209445,109571,99874,250711,125466,125245,266856,133809,133047,434479,205118,229361
30,대전,2013,1532811,767309,765502,208751,109820,98931,245953,123249,122704,271990,136066,135924,450207,212885,237322
30,대전,2014,1531809,766497,765312,210031,110952,99079,237696,119280,118416,271600,135742,135858,467624,221385,246239
30,대전,2015,1518775,759778,758997,210749,111865,98884,228720,115320,113400,267008,133408,133600,482285,228223,254062
30,대전,2016,1514370,757289,757081,212796,112845,99951,222879,113005,109874,264265,131447,132818,496438,235326,261112
30,대전,2017,1502227,750969,751258,213973,113198,100775,215284,109794,105490,258705,128829,129876,511042,242145,268897
30,대전,2018,1489936,744338,745598,213955,112938,101017,209040,107185,101855,249652,124552,125100,528255,250146,278109
30,대전,2019,1474870,736607,738263,212629,112059,100570,200480,103621,96859,242481,121088,121393,544272,257801,286471
30,대전,2020,1463882,730699,733183,212488,111421,101067,194088,101293,92795,237216,118238,118978,559125,265148,293977
30,대전,2021,1452251,724626,727625,209397,109664,99733,189669,99378,90291,231018,115072,115946,572444,271690,300754
30,대전,2022,1446072,721245,724827,203887,106826,97061,187991,98898,89093,226654,112804,113850,585019,277645,307374
30,대전,2023,1442216,719292,722924,199228,104190,95038,187965,99375,88590,220131,109916,110215,600329,284794,315535
30,대전,2024,1439157,717291,721866,193470,100960,92510,190937,101412,89525,213110,106520,106590,614514,291429,323085
26,부산,2011,3550963,1762848,1788115,480582,250784,229798,536575,273404,263171,595353,294206,301147,1243631,577644,665987
26,부산,2012,3538484,1754479,1784005,466774,244624,222150,529358,269708,259650,583569,288954,294615,1286027,597188,688839
26,부산,2013,3527635,1747000,1780635,458642,241483,217159,518059,264277,253782,580809,287582,293227,1318695,612284,706411
26,부산,2014,3519401,1740417,1778984,456897,240890,216007,504816,257595,247221,576487,286145,290342,1350665,626684,723981
26,부산,2015,3513777,1735570,1778207,456514,240807,215707,493958,252411,241547,568218,282846,285372,1382357,640570,741787
26,부산,2016,3498529,1725607,1772922,455199,240023,215176,483516,247173,236343,558328,277750,280578,1409189,653399,755790
26,부산,2017,3470653,1709508,1761145,451791,237994,213797,467624,239058,228566,545052,272484,272568,1437410,665272,772138
26,부산,2018,3441453,1692421,1749032,444737,233755,210982,454711,232045,222666,527047,264732,262315,1467371,678712,788659
26,부산,2019,3413841,1675417,1738424,436149,228729,207420,435710,222456,213254,517782,260329,257453,1497639,692189,805450
26,부산,2020,3391946,1661000,1730946,430987,224517,206470,419014,214297,204717,511148,257288,253860,1526427,705167,821260
26,부산,2021,3350380,1639044,1711336,415549,215370,200179,405300,207947,197353,502391,253509,248882,1541424,712395,829029
26,부산,2022,3317812,1619915,1697897,395398,204011,191387,396427,203555,192872,494742,249657,245085,1558934,720103,838831
26,부산,2023,3293362,1605431,1687931,377587,193992,183595,390659,201309,189350,484716,244820,239896,1582658,730539,852119
26,부산,2024,3266598,1589912,1676686,358388,183238,175150,388958,200831,188127,471171,238130,233041,1603493,739796,863697
11,서울,2011,10249679,5073899,5175780,1529819,762432,767387,1831942,928074,903868,1744590,875411,869179,3103163,1447035,1656128
11,서울,2012,10195318,5041336,5153982,1488944,742981,745963,1802242,910258,891984,1735779,870688,865091,3195857,1493271,1702586
11,서울,2013,10143645,5007869,5135776,1459843,729035,730808,1763451,889687,873764,1738953,869875,869078,3276851,1532899,1743952
11,서울,2014,10103233,4979768,5123465,1457951,728892,729059,1713666,861605,852061,1729469,865039,864430,3363642,1574671,1788971
11,서울,2015,10022181,4930943,5091238,1447221,723200,724021,1668253,837657,830596,1701609,849573,852036,3436009,1608675,1827334
11,서울,2016,9930616,4876789,5053827,1442701,719783,722918,1620974,812434,808540,1678172,834115,844057,3493250,1637772,1855478
11,서울,2017,9857426,4830206,5027220,1447115,720019,727096,1579189,790867,788322,1647989,818309,829680,3560015,1666061,1893954
11,서울,2018,9765623,4773899,4991724,1449790,716197,733593,1548770,774185,774585,1590374,789945,800429,3631200,1699271,1931929
11,서울,2019,9729107,4744059,4985048,1456623,713660,742963,1509959,754830,755129,1560983,773528,787455,3719278,1740368,1978910
11,서울,2020,9668465,4701723,4966742,1460411,707669,752742,1475106,737901,737205,1528182,756950,771232,3799155,1777643,2021512
11,서울,2021,9509458,4618040,4891418,1422277,684530,737747,1439279,718763,720516,1480780,733371,747409,3827303,1793921,2033382
11,서울,2022,9428372,4570048,4858324,1389483,664239,725244,1425808,712675,713133,1449706,717027,732679,3868940,1812441,2056499
11,서울,2023,9386034,4540031,4846003,1355811,643229,712582,1427405,713915,713490,1420073,703001,717072,3935972,1841092,2094880
11,서울,2024,9331828,4505355,4826473,1308260,615810,692450,1442665,722187,720478,1383950,683706,700244,3992406,1866815,2125591
36,세종,2012,113117,57633,55484,12827,6967,5860,18312,9616,8696,17793,9825,7968,39426,18472,20954
36,세종,2013,122153,62205,59948,13884,7500,6384,19594,10120,9474,20109,11109,9000,41666,19669,21997
36,세종,2014,156125,78862,77263,17532,9138,8394,27648,13782,13866,26757,14620,12137,47509,22557,24952
36,세종,2015,210884,105752,105132,23043,11763,11280,40025,19508,20517,37370,20059,17311,57223,27238,29985
36,세종,2016,243048,121505,121543,26523,13425,13098,45951,22401,23550,44188,23531,20657,64350,30663,33687
36,세종,2017,280100,139734,140366,30266,15316,14950,52407,25381,27026,52120,27438,24682,73072,34934,38138
36,세종,2018,314126,156831,157295,34031,17283,16748,58381,28358,30023,58247,30385,27862,82320,39630,42690
36,세종,2019,340575,169845,170730,36340,18357,17983,61464,29984,31480,64472,33224,31248,91013,44034,46979
36,세종,2020,355831,177568,178263,37453,19050,18403,61492,30004,31488,68831,35188,33643,98095,47719,50376
36,세종,2021,371895,185678,186217,38510,19728,18782,61719,30131,31588,72764,36831,35933,106045,51923,54122
36,세종,2022,383591,191389,192202,38379,19705,18674,61083,29949,31134,76504,38230,38274,112672,55479,57193
36,세종,2023,386525,192524,194001,37810,19199,18611,59340,29268,30072,77183,38244,38939,117915,58106,59809
36,세종,2024,390685,194413,196272,37080,18879,18201,58822,29024,29798,77093,37875,39218,123800,61064,62736
31,울산,2011,1135494,583825,551669,151519,82184,69335,185666,94861,90805,218681,111113,107568,297643,145128,152515
31,울산,2012,1147256,590424,556832,151782,83403,68379,186229,95689,90540,217101,109774,107327,315987,154789,161198
31,울산,2013,1156480,595319,561161,153164,84854,68310,184933,95661,89272,217577,109557,108020,331415,162774,168641
31,울산,2014,1166377,600904,565473,156137,87089,69048,182664,95170,87494,216238,108594,107644,348418,171582,176836
31,울산,2015,1173534,604889,568645,158615,89039,69576,180833,94855,85978,211988,106106,105882,365899,180376,185523
31,울산,2016,1172304,603797,568507,158704,89203,69501,177144,92915,84229,206835,103270,103565,380988,188238,192750
31,울산,2017,1165132,599480,565652,156966,87948,69018,171065,89790,81275,201695,101208,100487,396071,195240,200831
31,울산,2018,1155623,593819,561804,153359,85599,67760,166208,87270,78938,194425,98205,96220,411728,202656,209072
31,울산,2019,1148019,589712,558307,149137,83553,65584,159743,84210,75533,190771,96712,94059,427264,209943,217321
31,울산,2020,1136017,583708,552309,144569,81200,63369,151705,80565,71140,187808,95644,92164,441009,216506,224503
31,울산,2021,1121592,576217,545375,137422,77588,59834,144891,77145,67746,183954,94084,89870,453317,222355,230962
31,울산,2022,1110663,570368,540295,129209,73073,56136,139635,74933,64702,181630,93100,88530,464926,227817,237109
31,울산,2023,1103661,567153,536508,122522,69651,52871,136909,74334,62575,178114,91773,86341,477568,233718,243850
31,울산,2024,1098049,564888,533161,117157,67244,49913,136293,74655,61638,173188,89470,83718,488944,239212,249732
28,인천,2011,2801274,1410980,1390294,388487,200521,187966,468166,240215,227951,518975,262663,256312,779442,372261,407181
28,인천,2012,2843981,1431593,1412388,390178,201608,188570,471091,241547,229544,518286,262200,256086,827693,395936,431757
28,인천,2013,2879782,1448835,1430947,393569,204026,189543,469574,241332,228242,522922,263751,259171,869520,416581,452939
28,인천,2014,2902608,1459074,1443534,398391,207147,191244,461260,236690,224570,521070,263092,257978,911863,437098,474765
28,인천,2015,2925815,1469869,1455946,402113,209317,192796,455898,234355,221543,516105,260769,255336,955411,457953,497458
28,인천,2016,2943069,1477671,1465398,406622,211969,194653,450143,231409,218734,512174,259039,253135,993127,476110,517017
28,인천,2017,2948542,1479597,1468945,409811,213945,195866,439665,226364,213301,506584,256938,249646,1030994,493326,537668
28,인천,2018,2954642,1481844,1472798,409794,214091,195703,433669,223441,210228,494723,251781,242942,1072831,512964,559867
28,인천,2019,2957026,1482249,1474777,407608,213116,194492,421189,217146,204043,489961,250143,239818,1112617,531663,580954
28,인천,2020,2942828,1473943,1468885,401546,209363,192183,406146,210025,196121,483977,247402,236575,1148363,548772,599591
28,인천,2021,2948375,1476373,1472002,391051,203834,187217,402091,208279,193812,481066,246522,234544,1185652,566794,618858
28,인천,2022,2967314,1485175,1482139,376526,196168,180358,405262,210534,194728,481848,247077,234771,1221996,584326,637670
28,인천,2023,2997410,1499016,1498394,364103,188915,175188,413085,215282,197803,480780,247250,233530,1265034,604222,660812
28,인천,2024,3021010,1509243,1511767,351396,181524,169872,422100,220432,201668,475593,244630,230963,1304149,622923,681226
46,전남,2011,1914339,956747,957592,211125,114485,96640,245852,130918,114934,299581,162344,137237,747109,335084,412025
46,전남,2012,1909618,954354,955264,205972,111354,94618,241312,128357,112955,298248,161949,136299,763877,344500,419377
46,전남,2013,1907172,952597,954575,203211,109679,93532,235164,124869,110295,297576,161438,136138,781630,354273,427357
46,전남,2014,1905780,951975,953805,204149,110408,93741,228077,120690,107387,296355,161061,135294,799046,363740,435306
46,전남,2015,1908996,953881,955115,206551,111747,94804,224820,118705,106115,291730,158273,133457,817796,374690,443106
46,전남,2016,1903914,951889,952025,206423,111862,94561,219492,115434,104058,286240,154747,131493,835129,385460,449669
46,전남,2017,1896424,948290,948134,207412,112344,95068,212235,111632,100603,281291,151476,129815,852612,395616,456996
46,전남,2018,1882970,943000,939970,206817,112850,93967,204928,107613,97315,271461,145951,125510,871019,406809,464210
46,전남,2019,1868745,937674,931071,204910,113410,91500,195424,102774,92650,266036,142564,123472,887684,416731,470953
46,전남,2020,1851549,930615,920934,200709,112080,88629,186064,97929,88135,259749,138946,120803,905517,427496,478021
46,전남,2021,1832803,922221,910582,193735,108408,85327,178428,93924,84504,252254,134387,117867,921526,437988,483538
46,전남,2022,1817697,915272,902425,185970,104135,81835,172262,90528,81734,247532,131641,115891,935478,446961,488517
46,전남,2023,1804217,909548,894669,178152,99758,78394,169502,89471,80031,240813,127824,112989,949091,455681,493410
46,전남,2024,1788819,902380,886439,169229,94710,74519,169144,89493,79651,232746,123138,109608,959894,463028,496866
52,전북,2011,1874031,934002,940029,226278,120919,105359,261406,135851,125555,298134,155664,142470,665983,302304,363679
52,전북,2012,1873341,933386,939955,220440,117669,102771,256667,133153,123514,297989,155899,142090,686096,312665,373431
52,전북,2013,1872965,932894,940071,217630,116330,101300,248955,129364,119591,301219,157304,143915,703511,321633,381878
52,전북,2014,1871560,931536,940024,217542,116121,101421,239288,124210,115078,303136,158133,145003,721828,331179,390649
52,전북,2015,1869711,930255,939456,218698,116922,101776,232517,120425,112092,299535,156279,143256,741324,341249,400075
52,전북,2016,1864791,927505,937286,219336,117336,102000,225651,116611,109040,295584,153731,141853,759227,351055,408172
52,전북,2017,1854607,922307,932300,219942,117800,102142,215957,111510,104447,291298,151368,139930,776637,360277,416360
52,전북,2018,1836832,913297,923535,217554,116781,100773,207874,107037,100837,281151,145934,135217,795465,370684,424781
52,전북,2019,1818917,904110,914807,213865,115138,98727,197979,101899,96080,274445,142008,132437,813073,380233,432840
52,전북,2020,1804104,896874,907230,211464,114209,97255,189012,97465,91547,268277,138330,129947,831696,390265,441431
52,전북,2021,1786855,888994,897861,206579,111771,94808,182181,94160,88021,259675,133465,126210,848619,400065,448554
52,전북,2022,1769607,880592,889015,198284,107645,90639,176505,91518,84987,253575,129889,123686,863302,408506,454796
52,전북,2023,1754757,873419,881338,190813,103468,87345,172999,90056,82943,245114,125613,119501,879045,416970,462075
52,전북,2024,1738690,866030,872660,181258,98552,82706,172652,90280,82372,234476,119955,114521,893853,425217,468636
50,제주,2011,576156,288152,288004,67548,35264,32284,86324,44321,42003,101368,52905,48463,176583,80053,96530
50,제주,2012,583713,292213,291500,67058,35305,31753,85584,43953,41631,103309,53881,49428,184737,84413,100324
50,제주,2013,593806,297504,296302,68351,36003,32348,84793,43559,41234,105341,54902,50439,193460,89053,104407
50,제주,2014,607346,304656,302690,70883,37298,33585,84968,43458,41510,107887,56427,51460,202743,94020,108723
50,제주,2015,624395,313428,310967,73565,38721,34844,85811,43768,42043,110642,57819,52823,213881,99862,114019
50,제주,2016,641597,322545,319052,76573,40342,36231,86909,44209,42700,112430,58757,53673,225686,106346,119340
50,제주,2017,657083,330823,326260,79751,42058,37693,87312,44512,42800,114469,59826,54643,236568,112146,124422
50,제주,2018,667191,335719,331472,81714,43079,38635,87727,44537,43190,113362,59150,54212,246950,117603,129347
50,제주,2019,670989,337345,333644,82155,43452,38703,84830,43072,41758,113091,58563,54528,256500,122518,133982
50,제주,2020,674635,338609,336026,82746,43708,39038,82555,41788,40767,112376,57969,54407,266000,127208,138792
50,제주,2021,676759,339177,337582,80923,42819,38104,81026,40755,40271,111251,56996,54255,275203,132015,143188
50,제주,2022,678159,339590,338569,77720,41252,36468,79539,40132,39407,110998,56630,54368,284223,136657,147566
50,제주,2023,675252,337976,337276,74037,39448,34589,78167,39613,38554,108720,55331,53389,292456,140730,151726
50,제주,2024,670368,335255,335113,70009,37376,32633,77588,39488,38100,105218,53180,52038,299535,144502,155033
44,충남,2011,2101284,1063012,1038272,256970,136454,120516,320742,170540,150202,336357,179314,157043,715775,331092,384683
44,충남,2012,2028777,1026812,1001965,242134,128559,113575,309190,164408,144782,323325,172360,150965,706789,328650,378139
44,충남,2013,2047631,1037421,1010210,240680,128305,112375,306780,163435,143345,331271,176537,154734,727470,339661,387809
44,충남,2014,2062273,1045892,1016381,242365,129974,112391,300806,160297,140509,333778,177993,155785,751847,352482,399365
44,충남,2015,2077649,1054439,1023210,244233,131431,112802,296909,158611,138298,333108,177468,155640,776949,365757,411192
44,충남,2016,2096727,1064765,1031962,246298,133020,113278,294535,157531,137004,335721,178418,157303,800608,378710,421898
44,충남,2017,2116770,1076270,1040500,248359,134845,113514,292363,156432,135931,336528,179060,157468,827185,392571,434614
44,충남,2018,2126282,1082009,1044273,248443,135709,112734,288943,154254,134689,331657,177042,154615,854664,407158,447506
44,충남,2019,2123709,1081938,1041771,245737,134935,110802,279253,149425,129828,328355,175174,153181,880271,421108,459163
44,충남,2020,2121029,1082634,1038395,243200,134208,108992,268598,144598,124000,327791,174709,153082,906264,435501,470763
44,충남,2021,2119257,1083366,1035891,238297,131774,106523,259565,139987,119578,325419,173385,152034,932577,450736,481841
44,충남,2022,2123037,1086632,1036405,231139,128393,102746,253435,137121,116314,327001,173888,153113,956665,464394,492271
44,충남,2023,2130119,1091570,1038549,225658,125506,100152,251099,136399,114700,323996,172380,151616,983538,479079,504459
44,충남,2024,2136574,1096128,1040446,220268,122159,98109,252339,137957,114382,317999,169167,148832,1008865,493190,515675
43,충북,2011,1562903,787981,774922,197522,105833,91689,233527,120872,112655,262692,136306,126386,512119,237903,274216
43,충북,2012,1565628,789286,776342,193387,104328,89059,232019,119910,112109,260120,134856,125264,531080,247894,283186
43,충북,2013,1572732,792862,779870,192553,104476,88077,227068,117522,109546,264661,136942,127719,547822,256540,291282
43,충북,2014,1578933,796141,782792,194013,105713,88300,220756,114478,106278,265726,137391,128335,566733,266266,300467
43,충북,2015,1583952,798896,785056,196456,107205,89251,216258,112674,103584,262133,135414,126719,587158,276688,310470
43,충북,2016,1591625,803240,788385,198134,108400,89734,212590,111039,101551,259637,133795,125842,607924,287829,320095
43,충북,2017,1594432,805091,789341,199663,109404,90259,207682,108776,98906,255596,131777,123819,628459,298392,330067
43,충북,2018,1599252,808971,790281,200941,110912,90029,205568,107938,97630,248623,128793,119830,650748,309676,341072
43,충북,2019,1600007,810384,789623,200205,111152,89053,200080,105427,94653,243597,126389,117208,672483,320867,351616
43,충북,2020,1600837,811591,789246,199209,110849,88360,194677,103283,91394,241194,124974,116220,693007,331714,361293
43,충북,2021,1597427,810672,786755,194415,108354,86061,190607,101877,88730,237327,122922,114405,711692,341753,369939
43,충북,2022,1595058,810782,784276,188310,104821,83489,187432,101564,85868,236190,122170,114020,727834,350699,377135
43,충북,2023,1593469,810448,783021,181676,100616,81060,187761,102774,84987,230702,119606,111096,745551,359811,385740
43,충북,2024,1591177,809920,781257,173746,95958,77788,189274,104096,85178,225024,116987,108037,762300,368902,393398
51,강원,2025,1508500,758575,749925,148129,82940,65189,158676,85409,73267,194973,99450,95523,800698,384839,415859
41,경기,2025,13730135,6894990,6835145,1557604,814670,742934,1925447,1009527,915920,2183467,1114825,1068642,5847151,2822587,3024564
48,경남,2025,3207383,1617421,1589962,288774,163155,125619,342312,183673,158639,475747,245089,230658,1607002,770487,836515
47,경북,2025,2506526,1268493,1238033,220603,126342,94261,252742,139375,113367,333006,174024,158982,1356219,650232,705987
29,광주,2025,1392013,686799,705214,170562,89079,81483,173650,90372,83278,212971,106320,106651,604652,282910,321742
27,대구,2025,2353032,1152579,1200453,253449,132766,120683,285101,152119,132982,335855,167482,168373,1131407,521998,609409
30,대전,2025,1440729,717936,722793,187702,97821,89881,194991,103877,91114,209116,104813,104303,626397,296968,329429
26,부산,2025,3241600,1575600,1666000,338697,172547,166150,388297,200787,187510,460252,232982,227270,1619640,746578,873062
11,서울,2025,9299548,4481099,4818449,1254885,586727,668158,1462944,731350,731594,1364640,674176,690464,4038546,1885709,2152837
36,세종,2025,391965,195107,196858,36463,18625,17838,57808,28609,29199,76443,37469,38974,128428,63336,65092
31,울산,2025,1091948,562926,529022,110774,64194,46580,136897,75730,61167,169091,87850,81241,498022,243730,254292
28,인천,2025,3051961,1524286,1527675,338166,174448,163718,431527,225438,206089,474182,244553,229629,1342845,641411,701434
46,전남,2025,1779135,898640,880495,159467,89070,70397,170351,90587,79764,227279,120073,107206,970708,470112,500596
52,전북,2025,1724856,859325,865531,172187,93502,78685,172921,90945,81976,227201,116001,111200,904830,431579,473251
50,제주,2025,664792,332165,332627,65686,35106,30580,77002,39221,37781,102473,51644,50829,305153,147439,157714
44,충남,2025,2136753,1097059,1039694,212177,117259,94918,252555,138811,113744,313704,167301,146403,1029164,504213,524951
43,충북,2025,1596502,813665,782837,166917,92277,74640,193236,106979,86257,221812,115699,106113,778039,376936,401103
