시도코드,시도,연도,총인구,세대수,주택수,평균연령,노령화지수,노년부양비,유소년부양비,종사자수,사업체수,인구밀도
11,서울,2015,9904312,3784490,2714195,40.0,104.4,16.3,15.6,5021792,736556,16362.6
21,부산,2015,3448737,1335900,1077726,41.5,124.2,19.7,15.8,1350833,257811,4395.0
22,대구,2015,2488062,938566,717500,40.1,97.5,17.4,17.8,886177,184157,1666.9
23,인천,2015,2890451,1045417,894842,38.9,75.7,14.2,18.7,965003,166099,2604.4
24,광주,2015,1502881,567157,459822,37.9,73.3,15.0,20.4,550638,104172,3017.7
25,대전,2015,1538394,582504,442466,38.1,73.5,14.3,19.4,575700,101088,2851.7
26,울산,2015,1166615,423412,336251,37.9,58.2,11.4,19.5,513633,74957,1097.4
29,세종,2015,204088,75219,64672,36.0,53.1,14.7,27.7,83154,9862,439.0
31,경기,2015,12479061,4384742,3548664,38.3,69.3,14.0,20.2,4578236,755373,1207.0
32,강원,2015,1518040,606117,510639,42.1,131.5,23.8,18.1,571938,125000,90.3
33,충북,2015,1589342,601855,502066,40.5,106.0,20.2,19.0,639805,112781,214.5
34,충남,2015,2107802,796185,680653,40.6,112.4,22.5,20.0,847285,147289,255.0
35,전북,2015,1834114,717311,613234,41.8,131.6,25.7,19.5,656433,133944,225.3
36,전남,2015,1799044,720612,644288,43.6,156.9,31.3,19.9,682322,138646,144.6
37,경북,2015,2658287,1052686,878262,42.3,137.3,24.8,18.0,1044684,202539,144.3
38,경남,2015,3334526,1258488,1036058,40.2,94.5,18.9,20.0,1348844,246188,315.9
39,제주,2015,605619,220369,176749,39.4,86.1,19.6,22.8,245368,50523,324.7
11,서울,2016,9805505,3784704,2736188,40.5,110.4,16.8,15.2,4994387,734776,16199.4
21,부산,2016,3440484,1344170,1088701,42.1,132.4,20.8,15.7,1387984,262902,4384.5
22,대구,2016,2483081,945919,733385,40.7,103.9,18.2,17.5,920150,189481,1663.5
23,인천,2016,2913024,1062828,905131,39.4,79.8,14.6,18.3,983959,170745,2624.7
24,광주,2016,1501557,569372,465420,38.6,79.6,15.8,19.9,576250,106786,3015.1
25,대전,2016,1535445,590698,447955,38.6,79.2,14.9,18.8,586459,102677,2846.2
26,울산,2016,1166029,426027,340308,38.4,62.6,12.1,19.3,517249,76826,1096.8
29,세종,2016,242507,90413,76492,35.6,47.9,13.4,28.0,89998,11179,521.7
31,경기,2016,12671957,4484425,3647005,38.8,73.0,14.4,19.7,4727469,781333,1225.6
32,강원,2016,1521751,616346,520258,42.6,137.7,24.0,17.4,588075,127817,90.5
33,충북,2016,1603400,617913,512552,40.9,110.6,20.4,18.4,657403,114934,216.4
34,충남,2016,2132566,813730,696594,41.0,116.4,22.7,19.5,868722,150436,258.0
35,전북,2016,1833168,724678,618867,42.3,139.1,26.3,18.9,663842,135414,225.1
36,전남,2016,1796017,727197,652787,43.9,162.7,31.6,19.4,685729,141120,144.3
37,경북,2016,2660094,1066416,892817,42.8,143.3,25.3,17.7,1063698,206451,144.4
38,경남,2016,3339637,1273523,1052158,40.7,99.4,19.4,19.6,1361913,251817,316.4
39,제주,2016,623332,229337,185405,39.9,89.1,19.7,22.1,253007,52610,334.2
11,서울,2017,9741867,3813259,2773501,41.0,120.3,17.8,14.8,5035481,738429,16094.2
21,부산,2017,3416918,1354401,1105685,42.6,143.0,22.2,15.5,1404260,266514,4354.5
22,대구,2017,2475271,958440,749080,41.2,112.3,19.3,17.2,932772,192061,1658.3
23,인천,2017,2925967,1080285,912099,39.9,86.6,15.5,17.9,1013664,176025,2636.4
24,광주,2017,1496172,575732,471902,39.1,85.4,16.5,19.3,592176,109647,3004.3
25,대전,2017,1525849,597736,452167,39.1,86.3,15.8,18.3,594912,104593,2828.4
26,울산,2017,1157073,428720,344433,39.1,68.5,13.1,19.1,515664,78054,1088.4
29,세종,2017,276589,104325,90088,35.6,45.6,13.0,28.5,99220,13061,595.0
31,경기,2017,12851605,4602951,3754849,39.3,78.5,15.1,19.2,4878173,802660,1243.0
32,강원,2017,1521386,620729,524274,43.2,149.5,25.4,17.0,607220,131028,90.5
33,충북,2017,1611005,629072,520973,41.4,118.5,21.4,18.0,672611,116965,217.5
34,충남,2017,2162426,834986,713445,41.4,121.5,23.3,19.2,886290,154743,261.6
35,전북,2017,1826174,728871,620633,42.8,147.8,27.3,18.5,670140,136771,224.3
36,전남,2017,1792319,733757,656432,44.5,171.5,32.9,19.2,699089,144397,144.0
37,경북,2017,2654832,1077398,902430,43.3,152.9,26.6,17.4,1072650,209278,144.2
38,경남,2017,3345297,1292998,1073364,41.3,106.1,20.5,19.3,1361592,257340,316.9
39,제주,2017,641757,240215,192511,40.3,92.5,19.9,21.6,257560,54876,344.1
11,서울,2018,9673932,3839765,2800210,41.4,130.0,18.6,14.3,5125029,737476,15982.0
21,부산,2018,3395278,1363608,1121324,43.1,153.0,23.5,15.3,1422600,269345,4326.9
22,대구,2018,2466689,968081,761548,41.7,120.9,20.4,16.8,956574,193417,1652.5
23,인천,2018,2936117,1094749,933032,40.5,93.0,16.2,17.5,1048162,180201,2645.6
24,광주,2018,1490092,578559,477547,39.6,91.3,17.2,18.9,607903,111255,2992.1
25,대전,2018,1511214,602175,456864,39.7,93.9,16.6,17.7,606660,105946,2801.3
26,울산,2018,1150114,431391,350476,39.7,74.6,14.0,18.8,520968,79572,1081.9
29,세종,2018,312374,119029,104717,35.7,44.1,12.6,28.5,114794,15080,672.0
31,경기,2018,13103192,4751498,3919466,39.8,83.5,15.7,18.8,5094742,829412,1267.4
32,강원,2018,1520391,628484,531260,43.8,158.8,26.3,16.6,630200,134398,90.4
33,충북,2018,1620931,640977,532928,41.9,125.1,22.0,17.6,703518,120099,218.8
34,충남,2018,2181416,851124,729309,41.8,126.2,23.7,18.8,915877,159860,263.9
35,전북,2018,1818157,732980,626118,43.4,155.9,28.0,17.9,683228,139570,223.3
36,전남,2018,1790352,737406,659318,44.9,178.5,33.2,18.6,725136,148125,143.9
37,경북,2018,2650629,1083970,914290,43.8,162.0,27.6,17.1,1093643,214389,143.9
38,경남,2018,3350352,1306394,1094838,41.8,112.5,21.3,18.9,1369986,263342,317.4
39,제주,2018,658282,248998,200465,40.6,95.5,20.0,21.0,271761,57690,353.0
11,서울,2019,9639541,3896389,2860562,41.9,141.0,19.7,14.0,5142179,738805,15925.2
21,부산,2019,3372692,1377030,1140106,43.7,165.4,25.1,15.1,1446289,271213,4298.1
22,대구,2019,2452146,979180,769172,42.3,130.3,21.5,16.5,957734,194086,1642.8
23,인천,2019,2952237,1120576,952670,41.0,100.8,17.2,17.1,1069916,183666,2660.1
24,광주,2019,1489730,587159,486536,40.2,97.9,18.0,18.4,622231,114061,2991.3
25,대전,2019,1498839,609043,463157,40.3,103.2,17.7,17.2,621671,107881,2778.3
26,울산,2019,1143692,437094,358482,40.3,81.9,15.2,18.6,527076,80971,1075.8
29,세종,2019,338136,129664,115820,36.0,44.8,12.6,28.1,124443,17074,727.4
31,경기,2019,13300900,4907660,4075961,40.3,90.0,16.5,18.4,5221096,852706,1286.5
32,강원,2019,1520127,633942,542994,44.4,170.4,27.7,16.3,661072,137640,90.4
33,충북,2019,1629343,654713,548437,42.4,133.5,23.0,17.2,731726,123796,219.9
34,충남,2019,2188649,864102,742916,42.3,133.8,24.6,18.4,961669,164368,264.8
35,전북,2019,1807423,738307,633386,44.0,167.0,29.2,17.5,708131,142161,222.0
36,전남,2019,1787543,741026,666049,45.4,188.0,34.0,18.1,764899,152488,143.7
37,경북,2019,2645948,1092374,928103,44.4,172.5,28.9,16.8,1125839,219254,143.7
38,경남,2019,3347209,1321213,1119566,42.4,120.8,22.4,18.6,1409519,268803,317.1
39,제주,2019,665048,253716,205222,41.1,100.7,20.7,20.6,280899,60693,356.6
11,서울,2020,9586195,3982290,2918742,42.4,153.8,21.1,13.7,5801378,1146863,15837.1
21,부산,2020,3349016,1405037,1162449,44.3,179.1,27.1,15.2,1519657,384310,4268.0
22,대구,2020,2432796,996542,780461,42.9,142.0,23.1,16.3,1007160,270424,1629.8
23,인천,2020,2945454,1147200,966913,41.7,111.4,18.6,16.7,1191302,287314,2654.0
24,광주,2020,1477573,599217,496690,40.8,106.5,19.3,18.1,659938,163152,2966.9
25,대전,2020,1488435,631208,469892,40.9,113.8,19.1,16.8,681177,155304,2759.1
26,울산,2020,1135423,444087,364393,41.0,91.2,16.8,18.4,537776,111814,1068.1
29,세종,2020,353933,139106,122502,36.4,47.2,13.1,27.8,139537,27773,761.4
31,경기,2020,13511676,5098431,4222757,40.8,98.0,17.7,18.0,5823615,1391085,1306.9
32,강원,2020,1521763,661039,559917,45.0,183.5,29.6,16.1,697517,185489,90.5
33,충북,2020,1632088,678922,563379,43.0,143.4,24.3,17.0,799606,182824,220.3
34,충남,2020,2176636,892222,758578,43.0,143.8,26.2,18.2,1054894,243163,263.4
35,전북,2020,1802766,755575,645809,44.6,179.7,30.9,17.2,786974,217644,221.4
36,전남,2020,1788807,761518,679940,46.0,198.2,35.5,17.9,841809,221758,143.8
37,경북,2020,2622661,1121093,944808,45.1,185.7,30.9,16.6,1200706,305078,142.4
38,경남,2020,3333056,1350155,1145962,43.1,131.9,24.1,18.3,1479672,372150,315.7
39,제주,2020,670858,263068,211346,41.6,107.3,21.8,20.3,313686,88832,359.7
11,서울,2021,9472127,4046799,2971494,42.9,167.7,22.4,13.4,5695144,1112299,15648.6
21,부산,2021,3324335,1431365,1181494,44.8,193.0,29.0,15.1,1525475,382232,4236.5
22,대구,2021,2409196,1011728,789208,43.5,154.3,24.7,16.0,998662,264593,1614.0
23,인천,2021,2957044,1183610,990703,42.2,121.1,19.9,16.5,1202211,287562,2664.4
24,광주,2021,1475262,615693,509264,41.3,114.3,20.2,17.7,666759,161498,2962.3
25,대전,2021,1479740,640085,475213,41.5,125.1,20.4,16.3,678043,153724,2742.9
26,울산,2021,1120753,451432,367600,41.7,101.4,18.4,18.1,538342,109786,1054.3
29,세종,2021,366227,145295,130575,36.9,49.9,13.8,27.7,152093,29613,787.9
31,경기,2021,13652529,5290662,4365945,41.4,106.0,18.7,17.7,5918018,1404363,1320.5
32,강원,2021,1521890,674728,573981,45.6,197.0,31.4,15.9,705828,191894,90.5
33,충북,2021,1624764,695611,579966,43.7,154.6,26.0,16.8,807927,185156,219.3
34,충남,2021,2175960,915634,777993,43.6,153.7,27.5,17.9,1072013,250341,263.3
35,전북,2021,1787053,772471,658522,45.2,193.3,32.5,16.8,781504,221756,219.5
36,전남,2021,1778124,777358,695477,46.6,210.0,37.0,17.6,849241,227442,142.9
37,경북,2021,2614029,1145848,964077,45.8,199.5,32.6,16.3,1207047,310670,141.9
38,경남,2021,3305931,1378982,1167677,43.8,143.4,25.8,18.0,1494737,375402,313.2
39,제주,2021,673107,271162,217182,42.1,113.8,22.9,20.2,317914,90729,360.9
11,서울,2022,9417469,4098818,3010617,43.4,184.8,23.8,12.9,5713904,1098529,15558.3
21,부산,2022,3295760,1447825,1197794,45.4,209.5,31.1,14.8,1535226,381127,4200.1
22,대구,2022,2388649,1022019,801562,44.1,167.7,26.3,15.7,1008127,263360,1600.3
23,인천,2022,2989125,1212731,1015801,42.7,132.2,21.2,16.0,1226658,293588,2693.3
24,광주,2022,1468972,623252,515980,41.8,124.2,21.3,17.2,665622,161293,2949.6
25,대전,2022,1473662,646474,483916,42.0,136.9,21.7,15.8,685044,154143,2731.7
26,울산,2022,1110516,453998,370586,42.4,114.0,20.0,17.6,542760,110792,1044.6
29,세종,2022,382589,154019,137890,37.2,53.3,14.2,26.5,157146,32057,823.1
31,경기,2022,13717827,5406963,4463106,41.9,116.2,19.9,17.1,6018236,1429970,1326.8
32,강원,2022,1528037,684895,585022,46.1,214.3,33.2,15.5,718624,194442,90.9
33,충북,2022,1624993,704864,590450,44.2,169.7,27.5,16.2,828407,186942,219.3
34,충남,2022,2193214,931370,793298,44.1,166.1,28.5,17.1,1080290,254458,265.4
35,전북,2022,1774248,777680,665192,45.8,210.1,34.0,16.2,784722,222144,217.9
36,전남,2022,1771431,784645,704354,47.2,225.9,38.4,17.0,854674,228761,142.4
37,경북,2022,2598576,1155121,970716,46.3,217.1,34.3,15.8,1227695,314387,141.1
38,경남,2022,3280829,1392608,1177046,44.5,158.5,27.6,17.4,1511859,379862,310.8
39,제주,2022,676375,276225,220701,42.6,122.8,24.0,19.5,314884,90799,362.7
11,서울,2023,9384512,4141659,3047650,43.9,204.0,25.1,12.3,5699761,1082949,15503.9
21,부산,2023,3279604,1462404,1215110,45.9,227.7,33.0,14.5,1516448,362880,4179.5
22,대구,2023,2379188,1033238,819613,44.7,181.8,27.8,15.3,999816,257165,1593.9
23,인천,2023,3025950,1242168,1046886,43.3,144.8,22.6,15.6,1225102,289393,2726.5
24,광주,2023,1457090,627602,519962,42.4,136.7,22.7,16.6,661840,157099,2925.8
25,대전,2023,1470336,654809,488727,42.5,150.3,23.0,15.3,694651,153032,2725.5
26,울산,2023,1107431,458129,374985,43.1,128.4,21.7,16.9,541419,106775,1041.7
29,세종,2023,386261,156444,140526,37.7,57.9,14.8,25.5,161725,32258,831.0
31,경기,2023,13815367,5500024,4573733,42.5,128.3,21.1,16.5,6053555,1425775,1336.2
32,강원,2023,1528014,698410,592277,46.6,234.7,35.2,15.0,725110,196651,90.9
33,충북,2023,1641481,720231,602237,44.6,185.4,28.7,15.5,827912,186467,221.6
34,충남,2023,2216332,948631,812540,44.5,179.5,29.3,16.3,1081364,257316,268.2
35,전북,2023,1768491,786775,674209,46.4,228.0,35.3,15.5,780532,221557,217.2
36,전남,2023,1776668,793249,713772,47.6,242.8,39.5,16.3,868921,224160,142.8
37,경북,2023,2589880,1166594,977916,46.9,236.8,35.9,15.2,1236039,309794,140.6
38,경남,2023,3271149,1404476,1188246,45.1,175.7,29.2,16.6,1517667,369779,309.9
39,제주,2023,676767,278315,222991,43.3,134.9,25.1,18.6,321869,92352,362.9
11,서울,2024,9335444,4159502,3067776,44.3,222.0,26.6,12.0,5674626,1079304,15422.8
21,부산,2024,3257256,1470562,1227697,46.5,247.3,35.2,14.2,1525476,364695,4151.0
22,대구,2024,2369336,1043730,839266,45.3,197.5,29.8,15.1,994179,260331,1587.3
23,인천,2024,3058033,1268133,1067731,43.8,158.0,24.3,15.4,1241031,298996,2755.4
24,광주,2024,1444170,628550,523260,43.1,150.9,24.3,16.1,657084,159186,2899.8
25,대전,2024,1467093,658831,494332,43.0,164.9,24.5,14.9,690797,157205,2719.5
26,울산,2024,1106894,462342,380814,43.8,144.2,23.5,16.3,558069,107181,1041.2
29,세종,2024,390156,158901,143726,38.3,63.3,15.6,24.7,170096,34293,839.3
31,경기,2024,13914479,5592072,4673651,43.1,141.5,22.6,16.0,6140403,1478619,1345.8
32,강원,2024,1522881,702603,598671,47.2,256.7,37.5,14.6,739442,202785,90.6
33,충북,2024,1646328,726988,609974,45.1,201.4,30.3,15.0,845022,191826,222.2
34,충남,2024,2238243,964538,832028,45.0,194.0,30.4,15.7,1101587,268137,270.8
35,전북,2024,1758836,788621,677980,46.9,247.5,37.1,15.0,799025,234788,216.0
36,전남,2024,1778338,799012,720243,48.1,261.7,41.2,15.7,880240,234526,142.9
37,경북,2024,2578999,1174597,988012,47.5,259.2,37.9,14.6,1257522,319806,140.0
38,경남,2024,3264244,1415780,1203137,45.8,194.0,31.0,16.0,1527590,374512,309.2
39,제주,2024,674817,279657,225290,43.9,147.7,26.5,18.0,324297,93948,361.8
