"행정구역별(1)",행정구역별(2),2010,2010,2011,2011,2012,2012,2013,2013,2014,2014,2015,2015,2016,2016,2017,2017,2018,2018,2019,2019,2020,2020
"행정구역별(1)",행정구역별(2),당해년가격,2015년 기준년가격,당해년가격,2015년 기준년가격,당해년가격,2015년 기준년가격,당해년가격,2015년 기준년가격,당해년가격,2015년 기준년가격,당해년가격,2015년 기준년가격,당해년가격,2015년 기준년가격,당해년가격,2015년 기준년가격,당해년가격,2015년 기준년가격,당해년가격,2015년 기준년가격,당해년가격,2015년 기준년가격
"서울특별시",소계,313281033,333249300,326415107,343756313,334324998,348568408,340711607,354319250,350258443,359661759,370167867,370167867,387364432,380679274,404079600,389584629,423742112,403605888,435927212,414092568,-,-
"서울특별시",종로구,25368342,25907762,26475253,26676515,27054742,27354788,26899141,27492933,28437845,28795987,29331069,29331069,30190706,29843813,31416328,30347175,31868698,30424283,33780610,32427863,-,-
"서울특별시",중구,50231606,48809258,49984232,48050486,47896948,47040011,46545834,46998911,46949514,47020075,49949249,49949249,52623501,52473429,51213292,49962749,54274488,52384539,53823217,52869673,-,-
"서울특별시",용산구,9458938,10450306,9708239,10577186,9617839,10243552,9635228,10103203,9686230,10010946,10023473,10023473,10457073,10221764,11737945,11248337,12300317,11664441,12695516,11992461,-,-
"서울특별시",성동구,7594800,8213234,8134121,8706354,8714556,9173396,9158435,9551326,9597921,9875532,10231864,10231864,10662221,10372266,10735112,10319471,11657151,11038914,12167850,11419293,-,-
"서울특별시",광진구,5470153,6045944,5376706,5881569,5491363,5876051,5577272,5880643,5539718,5729947,5696485,5696485,6097219,5954740,6131450,5899749,6342279,6018697,6587069,6187957,-,-
"서울특별시",동대문구,5883484,6433936,6055224,6524806,6391083,6757866,6492698,6785837,6555042,6749342,6589147,6589147,7185192,6998347,7218027,6934645,7328160,6940198,7555543,7078663,-,-
"서울특별시",중랑구,3558287,3947660,3589529,3951353,3809180,4103536,3912729,4146647,3918661,4065592,3856334,3856334,4120148,4010229,4283062,4126713,4452719,4241319,4741739,4447811,-,-
"서울특별시",성북구,4753282,5275765,4900844,5378532,5147771,5523415,5305256,5589960,5223368,5382851,5407042,5407042,5750131,5624613,5917636,5687338,6054811,5742234,6141921,5761704,-,-
"서울특별시",강북구,3523524,3897307,3099417,3415691,3034754,3269084,2794358,2966538,2762673,2865234,2759140,2759140,2952798,2882038,3057496,2940688,3207289,3050845,3283572,3088259,-,-
"서울특별시",도봉구,2590667,2892873,2680341,2970708,2730446,2952452,2778965,2948645,2864374,2967107,2906723,2906723,3116564,3042411,3325320,3201186,3352742,3196705,3404872,3208282,-,-
"서울특별시",노원구,4968064,5504884,5254223,5782551,5200159,5596591,5255627,5566977,5399253,5585382,5606176,5606176,5901669,5781399,6239829,6008729,6387713,6089681,6620672,6236040,-,-
"서울특별시",은평구,3522078,3927286,3375379,3729544,3408442,3678726,3660969,3884597,3671864,3803247,3866400,3866400,4298312,4202039,4514825,4340123,4754342,4510226,4919715,4601453,-,-
"서울특별시",서대문구,5792314,6389459,6339773,6882611,7102760,7546496,7123557,7489166,7195459,7447964,7507777,7507777,7837950,7661278,8212568,7864202,8363965,7919308,8652191,8107945,-,-
"서울특별시",마포구,12104724,13152867,13633828,14727155,14832137,15770933,16128504,17015917,16959271,17566744,17955655,17955655,18926362,18596061,18740095,18197917,19474677,18734499,19943128,18987571,-,-
"서울특별시",양천구,5789373,6358979,5954917,6501852,6087578,6517287,5938515,6266737,6069052,6270132,6276755,6276755,6399102,6260452,6658836,6423353,6931171,6617796,7125314,6729834,-,-
"서울특별시",강서구,7553259,8259388,7992342,8747605,8110727,8815114,8923765,9582064,9097721,9541179,10149098,10149098,11420676,11134117,16772058,16070578,17607271,16743106,17458926,16470960,-,-
"서울특별시",구로구,10940921,11881642,11041540,11905786,11459277,12161584,11551459,12109115,11490653,11907133,12017187,12017187,12472027,12203198,13254659,12696656,13816661,13061147,14090156,13302390,-,-
"서울특별시",금천구,12415829,13429693,13589560,14582933,14513295,15306673,14541512,15181551,14234518,14730324,14953994,14953994,15751878,15428330,16385145,15700657,17162843,16287912,17614623,16745777,-,-
"서울특별시",영등포구,25966200,27458784,27548300,28811350,27293987,28408551,28078087,29109216,28194672,29046745,30173741,30173741,30667943,30210736,32055158,30802301,34299880,32377459,36095497,34201860,-,-
"서울특별시",동작구,5761951,6330135,5810675,6333388,5916935,6297286,5820494,6130810,5595277,5773906,5521181,5521181,5965426,5842744,6254375,6005916,6362074,6024527,6527100,6115838,-,-
"서울특별시",관악구,4832579,5365298,5036256,5545042,5157841,5537617,5304105,5615912,5504127,5679347,5597548,5597548,5623923,5506898,5755018,5553958,5836563,5578726,5963769,5649476,-,-
"서울특별시",서초구,24520928,26606520,25719896,27635540,27357211,28831392,27854157,29102938,28636972,29573986,30390265,30390265,32366952,31742896,33772132,32412600,35277030,33432374,35570338,33420206,-,-
"서울특별시",강남구,46732957,50124725,49798703,52927768,51039580,53311451,53810793,55879857,57487436,59139013,62295492,62295492,63866440,62600367,65387478,62951638,69186319,65689895,71852681,67789806,-,-
"서울특별시",송파구,17589054,19306616,18431887,19925280,19266071,20398913,20328884,21359856,21853310,22619324,23586997,23586997,24812660,24372060,26815980,25892942,28617470,27402979,29962528,28427927,-,-
"서울특별시",강동구,6357720,6900908,6883921,7407585,7690317,8104649,7291261,7628123,7333512,7559909,7519077,7519077,7897558,7713049,8225774,7905206,8825479,8347156,9348668,8720189,-,-
"부산광역시",소계,-,-,-,-,-,-,-,-,-,-,82701497,82701497,85536348,84114530,87835601,85441974,89979896,86889875,93012134,89105372,91286486,85962709
"부산광역시",중구,-,-,-,-,-,-,-,-,-,-,3106284,3106284,3269729,3270197,3102572,3121840,2973236,3161746,3119522,3352848,3551831,3770781
"부산광역시",서구,-,-,-,-,-,-,-,-,-,-,3039215,3039215,3131976,3136058,3155204,3122220,3287309,2922494,2977265,2664817,3414621,3031302
"부산광역시",동구,-,-,-,-,-,-,-,-,-,-,4203262,4203262,4210995,4106300,4731722,4423362,4552679,4209432,4768625,4264091,4098015,3535620
"부산광역시",영도구,-,-,-,-,-,-,-,-,-,-,2123839,2123839,2373113,2345750,2540393,2435024,2642385,2530950,2731839,2605989,2762062,2568931
"부산광역시",부산진구,-,-,-,-,-,-,-,-,-,-,7185291,7185291,7757805,7627274,8192376,7876844,8516260,8236840,8886673,8512852,8640684,8161304
"부산광역시",동래구,-,-,-,-,-,-,-,-,-,-,3650774,3650774,3793172,3705988,3934188,3767159,4063079,3854616,4097686,3837818,3989457,3687416
"부산광역시",남구,-,-,-,-,-,-,-,-,-,-,5314016,5314016,5286229,5453376,5772151,5890530,5708284,5871329,5649213,5865608,6155947,6390904
"부산광역시",북구,-,-,-,-,-,-,-,-,-,-,2856278,2856278,2981371,2906502,3013728,2886447,3125859,2945297,3116148,2900870,3031318,2788546
"부산광역시",해운대구,-,-,-,-,-,-,-,-,-,-,7083307,7083307,7434863,7248718,8277548,7841800,8845460,8258812,9503602,8778923,9128828,8301391
"부산광역시",사하구,-,-,-,-,-,-,-,-,-,-,6538217,6538217,6886885,6747783,6985761,6905085,6900352,6652990,7190129,6887485,7040858,6632411
"부산광역시",금정구,-,-,-,-,-,-,-,-,-,-,4332302,4332302,4350242,4238552,4619023,4431662,4492619,4250349,4626781,4315413,4367027,3999605
"부산광역시",강서구,-,-,-,-,-,-,-,-,-,-,12953821,12953821,12944025,12833628,12637730,12469117,13354327,13127308,14481984,14136021,13426281,12786715
"부산광역시",연제구,-,-,-,-,-,-,-,-,-,-,5605244,5605244,6121841,5965798,6455583,6120792,6744687,6476820,6880899,6520681,6323236,5875020
"부산광역시",수영구,-,-,-,-,-,-,-,-,-,-,2361267,2361267,2425284,2394832,2555115,2461005,2575439,2422673,2789695,2603116,2770947,2559666
"부산광역시",사상구,-,-,-,-,-,-,-,-,-,-,7090343,7090343,7008698,6825286,6750783,6551934,6760826,6447497,6567881,6248895,6216501,5874274
"부산광역시",기장군,-,-,-,-,-,-,-,-,-,-,5258037,5258037,5560120,5308488,5111724,5148253,5437095,5530633,5624192,5660392,6368873,6206758
"대구광역시",소계,-,-,-,-,-,-,-,-,-,-,51822013,51822013,53167211,51823902,54832958,52721214,56714479,53964991,58094694,54762237,57725389,53668577
"대구광역시",중구,-,-,-,-,-,-,-,-,-,-,5027892,5027892,5129208,5048750,5238995,5041902,5426313,5145715,5374655,5070603,5409289,5045308
"대구광역시",동구,-,-,-,-,-,-,-,-,-,-,6376313,6376313,6266494,6120449,7086698,6818653,7036716,6723325,7671520,7338331,7583912,7137840
"대구광역시",서구,-,-,-,-,-,-,-,-,-,-,3206379,3206379,3390758,3274495,3479958,3373284,3514231,3379325,3591916,3404971,3852826,3602371
"대구광역시",남구,-,-,-,-,-,-,-,-,-,-,2336750,2336750,2383509,2338426,2729404,2624437,2947000,2787943,3219019,3009831,3099186,2849126
"대구광역시",북구,-,-,-,-,-,-,-,-,-,-,9787970,9787970,9857246,9622149,10207588,9767546,10863537,10272214,10578872,9884231,10468227,9592719
"대구광역시",수성구,-,-,-,-,-,-,-,-,-,-,6955681,6955681,7430232,7278264,7364608,7035016,7716974,7228936,8134646,7544102,8389760,7664486
"대구광역시",달서구,-,-,-,-,-,-,-,-,-,-,11014202,11014202,11277453,10963071,11388929,10995266,11620034,11159079,12090472,11498434,11708977,10995447
"대구광역시",달성군,-,-,-,-,-,-,-,-,-,-,7116825,7116825,7432311,7178298,7336778,7067326,7589674,7268108,7433594,7012118,7213212,6777146
"인천광역시",소계,-,-,-,-,-,-,-,-,-,-,80137506,80137506,84663335,82257112,88547364,85791563,88735401,86426825,90040500,87963593,89615465,84907539
"인천광역시",중구,-,-,-,-,-,-,-,-,-,-,13455131,13455131,14426713,13833437,14508857,14139298,14559776,14719739,14798640,15459848,12181626,10456211
"인천광역시",동구,-,-,-,-,-,-,-,-,-,-,3143586,3143586,3131607,3036810,3462433,3360544,3499343,3367432,3470143,3317730,3656940,3492133
"인천광역시",미추홀구,-,-,-,-,-,-,-,-,-,-,6412989,6412989,6653343,6527077,6966050,6737623,6976354,6733129,7129517,6848536,7697533,7314486
"인천광역시",연수구,-,-,-,-,-,-,-,-,-,-,9058324,9058324,9640099,9446321,10536805,10017021,11300722,10672529,11861076,11234514,11845543,11114691
"인천광역시",남동구,-,-,-,-,-,-,-,-,-,-,15137036,15137036,15503392,15158934,16342258,15701016,16079177,15289650,16240920,15388198,16456077,15556773
"인천광역시",부평구,-,-,-,-,-,-,-,-,-,-,9654629,9654629,10380786,10097270,10677427,10305634,10495350,10103096,10352522,9879875,10681732,10170149
"인천광역시",계양구,-,-,-,-,-,-,-,-,-,-,4119440,4119440,4235268,4129769,4504251,4322874,4530580,4308134,4913797,4659269,4830032,4575306
"인천광역시",서구,-,-,-,-,-,-,-,-,-,-,17306008,17306008,18659906,18035555,19391995,19140146,18950490,19025804,18842726,18893553,19760013,19127518
"인천광역시",강화군,-,-,-,-,-,-,-,-,-,-,1254585,1254585,1356992,1331855,1456312,1403270,1649168,1556523,1710277,1608537,1628866,1537648
"인천광역시",옹진군,-,-,-,-,-,-,-,-,-,-,595780,595780,675228,660082,700977,665709,694440,645056,720882,662112,877102,816205
"광주광역시",소계,27882311,30457831,28678421,31011787,29773635,31650181,31263021,32859385,33016736,34169569,34845589,34845589,36819006,35933462,37743917,36384616,39805406,38216077,41519553,39624032,42068384,39530642
"광주광역시",동구,2634954,2826175,2741917,2894465,2903383,3027013,2859086,2985385,3036322,3112946,3003018,3003018,3261257,3207496,3510144,3375351,3728901,3539280,3650708,3451784,3618618,3387681
"광주광역시",서구,6161934,6798103,6720160,7356543,6858336,7367912,7103748,7518927,7644104,7934783,8709905,8709905,9554545,9271296,9328293,9002320,10096608,9737764,10587701,10009373,10465189,9751390
"광주광역시",남구,2248309,2449145,2285322,2472060,2424687,2575816,2476974,2611161,2786612,2868636,2814024,2814024,2836235,2786172,2906857,2807640,3127038,2990612,3302379,3131393,3237215,3024434
"광주광역시",북구,7278168,7859945,7311404,7845105,7624031,8055574,8175230,8540302,8503741,8775801,8669015,8669015,9149277,8967566,9564923,9104798,9955766,9423346,10459568,10036355,10745223,10182132
"광주광역시",광산구,9558946,10517776,9619618,10440718,9963198,10616921,10647983,11197504,11045957,11472815,11649626,11649626,12017691,11700932,12433700,12097138,12897093,12528389,13519198,12996830,14002138,13192664
"대전광역시",소계,-,-,-,-,-,-,-,-,-,-,37162614,37162614,39335023,38456557,40537224,38772485,41308348,39135729,43092218,40684092,44393136,41208249
"대전광역시",동구,-,-,-,-,-,-,-,-,-,-,3062106,3062106,3316367,3238692,3360270,3238191,3503333,3332074,3686416,3461178,3691248,3411721
"대전광역시",중구,-,-,-,-,-,-,-,-,-,-,4305462,4305462,4600637,4539028,4737424,4608251,4902752,4786731,5085859,4969267,4928620,4706689
"대전광역시",서구,-,-,-,-,-,-,-,-,-,-,10677653,10677653,11116724,10906221,11743369,11267523,12044862,11380079,12714786,11942767,12716392,11807578
"대전광역시",유성구,-,-,-,-,-,-,-,-,-,-,11457701,11457701,12300508,12023289,12996543,12163814,13577362,12612401,14019944,13063462,15343406,14027436
"대전광역시",대덕구,-,-,-,-,-,-,-,-,-,-,7659692,7659692,8000787,7749327,7699618,7498908,7280039,7014147,7585213,7236221,7713470,7222836
"울산광역시",소계,-,-,-,-,-,-,-,-,-,-,72854409,72854409,74660841,73477668,75750070,72968962,73647537,71344390,74654628,72024599,69363394,67136435
"울산광역시",중구,-,-,-,-,-,-,-,-,-,-,3987857,3987857,4546377,4434183,4227727,4107466,4292144,4190641,4870330,4645647,4609103,4300831
"울산광역시",남구,-,-,-,-,-,-,-,-,-,-,28394201,28394201,29288463,28835114,30572758,29164342,30758240,29290523,28681406,27987533,26062154,26076120
"울산광역시",동구,-,-,-,-,-,-,-,-,-,-,10090065,10090065,10329372,10494924,10444265,10233641,9408781,8924547,8443353,8066831,7577899,6724571
"울산광역시",북구,-,-,-,-,-,-,-,-,-,-,11200836,11200836,11176434,10628641,10684801,10456214,10724314,10632408,13962650,13056258,13176984,12249616
"울산광역시",울주군,-,-,-,-,-,-,-,-,-,-,19181449,19181449,19320196,19084806,19820519,19007912,18464057,18290209,18696889,18310871,17937255,17799560
"경기도",소계,278532130,300716256,292825058,313748238,311414578,327820620,333380088,346430719,351734517,362159526,381978306,381978306,407437529,399827962,451426420,426172886,479822189,451914662,477413452,462288338,491298336,470022670
"경기도",수원시,22051284,23881178,23140143,24826899,25681173,26972346,27177505,28230186,28863090,29556489,30963276,30963276,31802827,31188232,33949983,32072803,35441134,33040655,36621012,34484604,33039311,30753882
"경기도",성남시,22908827,24827712,24782929,26622381,26763399,28289941,30132069,31416428,33501320,34516252,37687633,37687633,39561196,38847300,40981113,38988602,42307526,39870181,44085982,41967488,46784997,43815319
"경기도",의정부시,4465522,4882074,4711770,5107174,5123477,5442845,5286251,5558333,5118136,5266430,5560895,5560895,6218546,6085900,6930126,6647581,7350069,6958749,7473255,6997227,7326448,6747928
"경기도",안양시,12659511,13507402,12945976,13704934,13593469,14185406,14734671,15325082,14844092,15275172,15525029,15525029,16244293,15962529,17272844,16520904,18138376,17243039,18953542,18211619,17825677,16885535
"경기도",부천시,13095408,13911029,13611987,14354762,14037788,14635261,14824734,15394548,14914972,15348378,15833160,15833160,16514511,16219163,16957907,16284267,17462247,16646782,17561534,16875601,17881348,16968307
"경기도",광명시,5953996,6913539,5774393,6826992,6857359,7658405,6713764,7288567,6433216,6586232,7011796,7011796,7366541,7284209,7569890,7466428,8116318,8208629,7756108,7822633,7961842,7831458
"경기도",평택시,19325806,20595258,20438838,21737119,21484733,22438645,22982434,23610391,23937157,24663345,24535672,24535672,26501831,26067338,30872853,28695467,33792725,31561750,32021073,31405505,31581914,30607224
"경기도",동두천시,1345823,1596878,1280990,1520376,1441849,1686802,1891387,2107094,1743044,1870375,1870134,1870134,1908968,1809450,1885613,1872819,1768912,1785847,1818825,1824463,1779431,1724371
"경기도",안산시,18353691,19466181,20065212,21134912,20841780,21720685,22692257,23353537,22943508,23564680,23708345,23708345,24371695,23837889,26394538,25054490,26110913,24712550,25768170,24829367,24577341,23391766
"경기도",고양시,14341954,15487067,14523406,15576729,15106830,15949422,16351362,17144042,16040511,16514733,17085215,17085215,18551297,18169579,20124858,19340144,21542187,20448764,21702354,20488451,21759387,20264226
"경기도",과천시,5419280,6278849,5332866,5950052,5209663,5624241,3530507,3737292,4322324,4476208,4378579,4378579,4733242,4623968,4701605,4474210,4783175,4470090,4780609,4420767,4338028,3946652
"경기도",구리시,2512332,2693693,2461047,2612222,2665207,2797755,2772856,2902716,3033415,3120377,3029305,3029305,3256155,3187108,3491071,3353586,3722338,3526272,3598393,3384157,3452293,3208482
"경기도",남양주시,5957799,6527961,6296169,6843195,7470922,7972802,7715539,8113247,7592522,7833276,8400958,8400958,9327965,9118680,10154496,9767455,10974908,10397099,11526940,10765280,12682583,11662225
"경기도",오산시,2829773,3142058,3146934,3444607,3362648,3624631,3566935,3772495,4010213,4180263,4475187,4475187,4887579,4753709,5406400,5168486,5649896,5374973,5720968,5448517,5586906,5213210
"경기도",시흥시,10478736,11410212,11102812,11837982,11624231,12235186,12201845,12668108,12865124,13263815,13915814,13915814,14930840,14527855,15941674,15256767,16210910,15371026,16198603,15259529,16762049,15580517
"경기도",군포시,4875568,5282146,4891202,5267416,5220327,5526437,5518579,5764247,5723746,5903872,6089813,6089813,6686773,6540181,7259215,6943017,7487177,7147930,7536001,7229708,7252421,6871563
"경기도",의왕시,2426259,2653275,2682496,2922753,2444862,2613402,2479265,2613487,2648709,2744082,3048257,3048257,2979250,2911636,3487412,3328426,3823873,3605950,4025885,3775301,3972027,3661700
"경기도",하남시,2711348,2990819,2714260,2973086,2970366,3199559,3277670,3475889,3937115,4095976,4828260,4828260,5178589,5043121,5602795,5374947,6491728,6122253,6919187,6430780,7503165,6876263
"경기도",용인시,25524626,26730608,24683828,25883633,26792873,27674183,27450348,28149096,28891212,29622993,28667356,28667356,30792811,30544564,33425175,31216401,30520652,28389064,30181677,28708354,33330635,31372052
"경기도",파주시,11856179,12526632,14067124,14891450,14516139,15133261,16176471,16593600,16043027,16522417,17980185,17980185,18985266,18798833,20970593,19577758,20964078,19620310,20602333,20674549,20991130,20851520
"경기도",이천시,9067307,9673374,9283970,9876903,9929011,10353529,11304070,11632256,12346641,12653520,14418388,14418388,14531375,14329850,18083762,16394228,24581118,22594042,21552715,21657367,24780056,24857246
"경기도",안성시,5629453,6190542,6239757,6759253,6305467,6728012,6820646,7184695,7142950,7405424,7774317,7774317,8109327,7861560,8891671,8484537,9363646,8891661,9405296,8898502,9758935,9048792
"경기도",김포시,7667372,8296294,8443373,8999550,8584539,9016658,8810712,9147586,9401445,9682183,10288273,10288273,11420305,11140979,12273913,11834498,13296398,12607690,13970412,13065223,14369720,13228221
"경기도",화성시,25404369,27272334,27756376,29577415,30200432,31613603,33763891,34726913,39347154,40454800,47545964,47545964,52930086,52237051,68085358,62518646,77734006,72300345,74532143,76110441,81880205,83373909
"경기도",광주시,6112401,6684910,6386977,6896205,6378479,6782468,7550362,7933925,7389299,7635065,7841731,7841731,8962932,8728995,9395522,9046906,9658391,9191959,9766402,9191292,10082476,9332624
"경기도",양주시,4315336,4751466,4430248,4781222,4722211,5023199,5090888,5335539,5348166,5534167,5548441,5548441,5976217,5759201,6259954,5988783,6614566,6233452,6760601,6281177,6847177,6233615
"경기도",포천시,4384832,5005352,4632539,5177674,4957071,5444001,5316400,5711930,5880246,6170403,6164944,6164944,6442729,6191207,6651014,6480163,6705276,6478913,6872305,6502355,7208193,6630377
"경기도",여주시,3132712,3543754,3263167,3668059,3224786,3471512,3265998,3461704,3342079,3430869,3388116,3388116,3597950,3531033,3557251,3467619,3880745,3801246,4122573,4036445,4279906,4068929
"경기도",연천군,1057575,1202208,1083885,1189110,1165573,1239732,1194286,1248425,1227927,1269777,1313318,1313318,1285750,1237742,1311552,1228320,1525901,1390058,1735036,1562870,1767565,1536802
"경기도",가평군,1252055,1427470,1260493,1408657,1339243,1457213,1280521,1363032,1372852,1426573,1494257,1494257,1601945,1556659,1698550,1616230,1831625,1713583,1814241,1678010,1836107,1662681
"경기도",양평군,1414996,1569910,1389891,1510166,1398671,1476818,1505865,1567393,1529305,1575582,1605688,1605688,1778738,1732441,1837712,1745742,1971375,1847468,2029277,1889691,2099063,1911955
"강원특별자치도",소계,31728914,35452559,33087301,36296644,34556834,37021010,36278698,38211948,38775764,40077987,40867985,40867985,43078659,42047331,45511732,43761362,46925797,44574334,48822640,46064137,48656564,44829136
"강원특별자치도",춘천시,4990390,5560213,5263744,5796240,5511018,5944058,5799047,6131755,6176359,6373203,6460226,6460226,7150569,6987051,7481252,7200110,7735704,7348975,8072972,7565855,8133318,7430950
"강원특별자치도",원주시,5665531,6262792,6031452,6570956,6181621,6598274,6659656,7015152,7285896,7521782,8002253,8002253,8511449,8323043,8998662,8658107,9534591,9129436,9665618,9212230,9066919,8503734
"강원특별자치도",강릉시,3705959,4120632,3866396,4263728,4001286,4322129,4091570,4346847,4374447,4542902,4740366,4740366,5019567,4897568,5295106,5084523,5326931,5036573,5651552,5273646,6092737,5576817
"강원특별자치도",동해시,2325739,2627347,2264055,2556681,2461228,2698105,2470471,2645839,2759986,2880677,2798341,2798341,2733073,2678541,3047017,3026291,3161368,3123913,3249883,3168211,3168301,2970209
"강원특별자치도",태백시,769678,853506,779580,857287,798160,863581,855577,903914,881929,912798,912119,912119,943292,914335,978689,918851,978447,900971,1107817,1001388,1025466,908872
"강원특별자치도",속초시,1230671,1363565,1268154,1382172,1238081,1326474,1277256,1350826,1353671,1399814,1401515,1401515,1547535,1516434,1710435,1639450,1740238,1640635,1931948,1795237,1848311,1684561
"강원특별자치도",삼척시,1555088,1842969,1673112,1928101,1976268,2210392,2412487,2602495,2696261,2841301,2668720,2668720,2337032,2279770,2369474,2290306,2383505,2306853,2605220,2492872,2606300,2417616
"강원특별자치도",홍천군,1791845,1959035,1855849,1973812,1912763,1982272,1962821,2014383,2067788,2117208,2109757,2109757,2240933,2181755,2371318,2287681,2488347,2360501,2471133,2368163,2427497,2259987
"강원특별자치도",횡성군,1104871,1186694,1152480,1213484,1196572,1253089,1290324,1365955,1397124,1446509,1519023,1519023,1557368,1503074,1595133,1551284,1667936,1628317,1730581,1705709,1753743,1676904
"강원특별자치도",영월군,1007999,1165155,1102944,1253815,1060021,1174113,1095107,1171148,1096005,1144478,1153672,1153672,1214014,1175676,1238001,1180044,1304256,1225845,1335637,1247412,1300918,1202083
"강원특별자치도",평창군,1125454,1227800,1061441,1147202,1105628,1144250,1217220,1244003,1237511,1278985,1406792,1406792,1691908,1623568,1818752,1679001,1498308,1352512,1411244,1275237,1405949,1236661
"강원특별자치도",정선군,1202451,1312318,1197666,1240780,1210229,1219581,1153283,1154381,1182359,1190867,1212651,1212651,1338379,1323039,1423952,1354513,1444017,1314620,1381354,1255869,1267721,1134042
"강원특별자치도",철원군,1211548,1387224,1338848,1469444,1392216,1487503,1426778,1503794,1505371,1540945,1556122,1556122,1619265,1595480,1741189,1692703,1778940,1752960,1890783,1907544,2005574,1979469
"강원특별자치도",화천군,909707,1026618,995676,1091577,1057023,1125623,1079896,1130064,1120033,1151473,1134705,1134705,1179800,1143411,1251925,1183975,1345860,1248020,1418076,1304671,1464125,1304200
"강원특별자치도",양구군,623529,686431,657980,701158,737192,768254,734530,759360,739788,758931,768477,768477,805195,787562,850230,830087,951402,913447,1017843,980936,1016499,956920
"강원특별자치도",인제군,1052882,1202628,1124771,1236107,1182525,1251465,1198043,1238561,1245078,1271831,1260772,1260772,1351260,1319039,1413310,1342171,1494404,1363561,1615182,1461044,1717530,1511153
"강원특별자치도",고성군,722612,807370,762700,828922,814201,864796,811177,849992,846914,873333,900623,900623,942735,923411,984633,943312,1051002,976332,1194471,1089943,1290653,1142357
"강원특별자치도",양양군,732959,825818,690453,757720,720801,772548,743456,781962,809245,835223,861852,861852,895285,874572,942653,901002,1040540,971789,1071329,986049,1065003,954108
"충청북도",소계,40324269,43498159,43343230,46066867,45510059,47647389,47737291,49519652,50081510,51596698,55191633,55191633,59671234,58380532,65312366,61953138,69636876,65830009,69419635,66927878,69583769,65926299
"충청북도",청주시,12286517,13248423,13169585,13908622,14150357,14745810,15165343,15653088,-,-,-,-,-,-,-,-,-,-,-,-,-,-
"충청북도",충주시,4483785,4891324,4759573,5128053,4987093,5284054,5245737,5494222,6001887,6185638,6082685,6082685,6624972,6436539,6975877,6717988,7618438,7319131,8091610,7681436,7779481,7237384
"충청북도",제천시,2249580,2424129,2271545,2439350,2439439,2565914,2520765,2626424,2738197,2828411,2949072,2949072,3023107,2947551,3123530,3016669,3174936,3039631,3264433,3115287,3185810,3035295
"충청북도",통합청주시,-,-,-,-,-,-,-,-,24597809,25337339,26988712,26988712,28986816,28454197,32907141,30805353,36038153,33948409,34965677,34128905,34817445,33443955
"충청북도",청원군,7658875,8009760,8661098,9190806,9231343,9628989,9149363,9451020,-,-,-,-,-,-,-,-,-,-,-,-,-,-
"충청북도",보은군,766937,836035,713799,762550,777724,817380,781445,816003,1002089,1036775,1010667,1010667,1077012,1043023,1184244,1132737,1173953,1117864,1110390,1062520,1167227,1063270
"충청북도",옥천군,1097438,1188566,1148316,1229222,1120417,1177278,1222752,1273299,1183985,1220827,1276876,1276876,1294795,1259112,1371319,1323831,1369743,1304419,1484119,1387204,1432414,1314589
"충청북도",영동군,854191,928885,891939,957338,927250,965082,883015,910030,919420,941110,1023376,1023376,982235,956332,1017655,975087,1043652,979246,1078785,973899,1129317,1041486
"충청북도",진천군,3963651,4260851,4155702,4380256,4061519,4242046,4359808,4514047,4543631,4666375,5881596,5881596,6565246,6432723,7095940,6710755,7398059,6899362,7614032,7344461,7936249,7500333
"충청북도",괴산군,987528,1141665,1067243,1155364,1025900,1081575,955901,1006616,1005562,1038169,1138380,1138380,1243145,1208671,1359992,1306850,1312967,1242290,1377991,1320575,1498780,1349003
"충청북도",음성군,4170497,4506688,4605336,4880382,4937589,5185902,5580038,5816484,6043066,6233561,6721431,6721431,7703800,7506657,8003556,7753694,8168801,7760057,8168872,7745733,8284106,7693577
"충청북도",단양군,896452,964172,892605,988737,931569,1002805,922926,982930,1010332,1052729,1136012,1136012,1184616,1156723,1194947,1171303,1197262,1172473,1159310,1116303,1165485,1134782
"충청북도",증평군,908817,974717,1006490,1072618,919861,967682,950197,988363,1035532,1067092,982825,982825,985489,969265,1078166,1022912,1140911,1030014,1104417,1018364,1187456,1074665
"충청남도",소계,85104574,92056862,92244734,98515870,94248204,99219568,93938560,97403497,96780692,100199403,101299131,101299131,106869144,104503363,115557697,110165655,115534184,110873163,113488325,112310782,-,-
"충청남도",천안시,19807914,21058372,21341444,22565297,21852984,22813616,22693590,23458586,22232612,22942731,22348506,22348506,23705095,23239518,26008917,24867371,26165157,25018585,24152775,23210826,-,-
"충청남도",공주시,2904316,3315536,3274571,3628370,2919157,3149506,2959596,3139356,2953498,3071730,3197369,3197369,3479922,3359111,3613380,3398698,3628228,3367918,3712791,3429687,-,-
"충청남도",보령시,2993237,3736669,2957905,3771810,2817661,3535914,3272468,3786817,3888902,4259189,4139826,4139826,4109369,3910803,4248901,4386420,3901118,4206383,4234257,4535909,-,-
"충청남도",아산시,21743735,22204509,23229847,23992862,22206224,22625394,21883728,22059413,21736238,22252023,23656597,23656597,26324127,26193419,30788562,28277481,30218688,28195467,28971663,30249211,-,-
"충청남도",서산시,12437052,13780395,13429064,14061244,14943374,15366578,14707527,14910598,15875421,16387498,15509556,15509556,16369603,15970054,17637719,16755897,17793365,17039687,18138852,17525650,-,-
"충청남도",논산시,2838788,3125184,3003438,3203642,3003750,3149008,3247024,3385062,3305561,3397629,3539582,3539582,3663996,3555583,3662308,3505861,3790489,3574104,4080662,3833843,-,-
"충청남도",계룡시,1006814,1154598,1054873,1171618,1123570,1210665,1182376,1247399,1196339,1235259,1352188,1352188,1458295,1407625,1467238,1368703,1534152,1392019,1507709,1344433,-,-
"충청남도",당진시,-,-,-,-,9837797,10388702,10403145,10819760,11160577,11507278,11675103,11675103,11358068,11023966,11479492,11456653,11630730,11723086,11384432,11472335,-,-
"충청남도",금산군,1954680,2129208,1956226,2103319,1991149,2091020,2123752,2232788,2137767,2232291,2260575,2260575,2182095,2129353,2159249,2121520,2176282,2122195,2279225,2176148,-,-
"충청남도",연기군,2452766,2602927,2952632,3080203,3238566,3348647,-,-,-,-,-,-,-,-,-,-,-,-,-,-,-,-
"충청남도",부여군,1728949,1845214,1629132,1669886,1552915,1569439,1624612,1644281,1616340,1644455,1827253,1827253,1885057,1837885,1948200,1872202,2008286,1899179,1925260,1853906,-,-
"충청남도",서천군,1581828,1769373,1675279,1840471,1778467,1913597,1942961,2048440,1907421,1992231,1989613,1989613,2075817,2021999,1961117,1887853,2093446,1971924,2362739,2216385,-,-
"충청남도",청양군,768858,818689,810417,840116,830597,852078,892432,917417,969743,995616,1078537,1078537,1102221,1072977,1220603,1178509,1191448,1147599,1188159,1163345,-,-
"충청남도",홍성군,1785696,2052734,1900264,2134785,2374997,2591609,2668017,2867428,2825902,2932514,3070006,3070006,3170913,3076140,3195308,3009662,3270406,3080905,3349387,3116142,-,-
"충청남도",예산군,1762757,2004667,1882071,2076472,1998218,2160521,2124219,2285002,2469046,2590691,2674979,2674979,3014711,2873477,3229751,2981700,3254282,2934192,3323778,2936828,-,-
"충청남도",태안군,1939723,2414201,1901905,2424846,1778778,2225853,2213113,2564529,2505325,2766588,2979441,2979441,2969855,2831453,2936952,3109989,2878107,3226648,2876636,3237897,-,-
"전라북도",소계,37740823,41674930,40037810,43285951,41200316,43728235,43478228,45637671,45151703,46567890,47018028,47018028,47879046,46664550,49348477,47553099,50595318,48350793,51997535,49506041,52820485,49116252
"전라북도",전주시,10177864,11114360,10714270,11563718,11322730,12031252,12005284,12610999,13077159,13420503,13251346,13251346,13886080,13613759,14587612,14036355,15300987,14480522,15790505,14824559,15656658,14505363
"전라북도",군산시,7986934,8849476,8852973,9654449,8667001,9326693,9099606,9599624,9129308,9485818,9554687,9554687,9399640,9171968,9150677,8956245,9098915,8863168,9218503,8940629,9357449,8856200
"전라북도",익산시,6192055,6812781,6538001,7060625,6720507,7136465,6957934,7325853,6913616,7138433,6990072,6990072,7039090,6867210,7413669,7170365,7618352,7290970,7881218,7537303,8221353,7704713
"전라북도",정읍시,2175921,2401464,2327910,2494086,2398378,2511738,2554628,2642696,2639936,2705963,2740334,2740334,2787689,2704196,2881171,2761373,2867266,2751279,3056405,2930358,3236457,3025670
"전라북도",남원시,1477504,1647286,1466472,1594954,1523681,1631776,1619540,1688054,1631701,1675117,1592415,1592415,1606591,1565311,1594437,1520145,1644180,1549051,1763497,1659301,1782256,1598341
"전라북도",김제시,2052814,2285891,2169160,2301994,2134504,2247937,2338487,2445208,2375718,2432547,2546005,2546005,2650473,2567381,2792260,2654601,2804379,2656453,2928412,2769441,3088783,2835561
"전라북도",완주군,2881970,3224748,2869292,3192548,3080311,3355351,3343463,3576193,3752700,3923299,4620807,4620807,4641344,4467521,4757818,4573996,4792392,4624234,4829382,4642542,4781760,4453114
"전라북도",진안군,474824,544111,505449,546162,529624,558334,559094,601652,562677,580443,550980,550980,556477,545579,594226,563265,630425,584888,626343,598627,670017,625684
"전라북도",무주군,484869,551317,496834,553383,524626,561400,641091,676099,573158,596925,590453,590453,618911,603514,626209,613954,573333,593879,691337,673956,745672,708162
"전라북도",장수군,455208,498143,478601,493514,537028,541354,524084,535521,510436,518761,534164,534164,550863,540035,603202,590148,546368,529694,526612,508645,553433,501418
"전라북도",임실군,667721,698927,673156,682393,678495,679939,654118,672286,703783,715844,699738,699738,697300,677951,714144,678214,782850,722520,744969,695655,789158,708377
"전라북도",순창군,558065,606421,574877,607164,628152,629940,662412,677960,708212,710210,712563,712563,752790,722495,736737,685679,720399,675304,761156,706653,809283,733818
"전라북도",고창군,1151818,1283497,1332373,1385421,1355017,1342102,1324620,1331871,1349420,1372386,1328184,1328184,1409978,1368560,1481276,1425210,1752668,1671223,1697443,1630467,1583028,1465772
"전라북도",부안군,1003256,1139677,1038443,1136576,1100261,1156467,1193868,1242036,1223879,1280853,1306282,1306282,1281819,1249072,1415039,1324664,1462804,1353561,1481752,1385512,1545178,1391594
"전라남도",소계,61792939,67644440,63233950,66697766,64522380,67142356,66475876,68435908,66215322,68405097,68878376,68878376,71615402,70449724,73732402,71340179,75424584,72888289,76948280,74618019,78819152,74972494
"전라남도",목포시,3260328,3524762,3288394,3520738,3410917,3614668,3557167,3743836,3574629,3699363,3797895,3797895,3909811,3857829,4100412,3962565,4222818,4031975,4530502,4282246,4444220,4091328
"전라남도",여수시,23785139,26406012,24597861,25534093,25014131,25586895,25656279,25847308,23157237,23910583,23847547,23847547,24923569,24405635,26114992,24769918,26408107,25201552,25870664,25010450,25733671,25180519
"전라남도",순천시,4559784,4995450,4715686,5056882,5008670,5288952,5393424,5651503,5409377,5592860,5391395,5391395,5841618,5687629,5963037,5794694,6084240,5873757,6125012,5864359,6309237,5969426
"전라남도",나주시,2366373,2651741,2447756,2642315,2421383,2548657,2776452,2917652,3504818,3608914,3842302,3842302,4061975,3968510,4286389,4109893,4381126,4181659,4903816,4597770,4976771,4533880
"전라남도",광양시,9110251,9279035,8821828,9060054,8879531,9139251,8753661,8873896,9401555,9554180,9431290,9431290,9112426,9174985,9440656,9583184,9688279,9770940,10060287,10146399,9979935,9792840
"전라남도",담양군,959493,1052010,960983,1020226,1013184,1062154,1038931,1081382,1068561,1098803,1219135,1219135,1279622,1249375,1255817,1228997,1338706,1245963,1424619,1320027,1550518,1407297
"전라남도",곡성군,990810,1086341,912788,983275,956733,998608,941644,983815,983864,1013907,963998,963998,984646,972822,935487,936246,954984,930916,998105,937604,1071222,983131
"전라남도",구례군,384504,422506,399740,424885,433749,450364,509404,526611,483679,493453,554602,554602,559850,544980,544652,528007,553644,525150,575442,552122,595953,566193
"전라남도",고흥군,1006135,1131500,1014617,1099042,1077091,1147458,1207532,1276722,1157611,1236406,1258868,1258868,1283774,1273866,1368125,1321661,1355894,1275847,1470217,1443629,1604617,1496429
"전라남도",보성군,713796,789762,761406,817928,761743,787760,765916,790225,846474,866919,811238,811238,858477,840566,855587,831833,942601,853639,996309,933114,1008572,914332
"전라남도",화순군,1324373,1459143,1326860,1423220,1460563,1522773,1542890,1592720,1630643,1666239,1596293,1596293,1548525,1513999,1588082,1539619,1559249,1505196,1760151,1714167,1783722,1695256
"전라남도",장흥군,660401,712416,722408,771035,770065,803152,748479,784357,751527,771980,807614,807614,895256,872714,921845,898158,992227,940840,1011194,944533,1034038,955269
"전라남도",강진군,606886,662139,629902,670882,668654,689673,663204,687543,678820,696749,756149,756149,777057,758492,826475,803274,886144,838795,892176,840560,953921,863738
"전라남도",해남군,1524751,1680689,1612693,1683857,1557067,1585059,1593512,1633861,1643161,1683282,1688970,1688970,1874173,1772144,2145735,1865925,2064661,1982592,2119933,2040397,2322251,2145130
"전라남도",영암군,3037644,3175577,3341505,3400481,3252903,3263984,3049280,3104265,3055336,3196042,3144676,3144676,3260031,3334559,2789532,2721804,2899669,2822583,3238786,3178853,3371718,3095097
"전라남도",무안군,1731461,1918649,1923446,2045753,2151471,2252586,2323108,2408947,2432476,2476969,2560963,2560963,2757494,2707972,2795057,2670758,2997313,2795522,3217377,2995494,3358212,2986265
"전라남도",함평군,639326,712646,678281,727376,700431,732089,737902,766531,779818,796485,833345,833345,831278,817195,890785,858204,935405,900076,961784,927290,1092857,1000509
"전라남도",영광군,1770418,2168126,1564882,1952080,1400604,1793969,1556673,1853484,1827442,2034466,2210161,2210161,2521594,2410823,2256694,2416791,2335811,2655142,1871035,2112491,2187878,2278263
"전라남도",장성군,1343812,1508655,1431947,1559451,1493099,1574005,1531440,1595390,1556598,1607456,1608654,1608654,1700150,1659101,1765692,1710245,1791993,1706469,1857218,1747230,1977055,1804468
"전라남도",완도군,776837,853140,808073,856444,786661,836033,826492,886320,866039,925857,951791,951791,1008893,1017840,1056182,1039285,1094448,1071120,1125739,1107951,1262316,1200010
"전라남도",진도군,526640,577165,548869,576688,509426,528443,562823,585926,621249,649624,693594,693594,678448,668068,817225,742697,825791,751186,889973,824063,882092,773483
"전라남도",신안군,713778,803018,724023,767924,794304,820669,739663,760377,784408,811213,907897,907897,946734,940621,1013944,985520,1111474,1015846,1047940,992377,1318376,1140840
"경상북도",소계,-,-,-,-,-,-,-,-,-,-,103120174,103120174,107440609,105745496,110027724,104429785,108782638,103149107,106805459,104376284,105771509,101271960
"경상북도",포항시,-,-,-,-,-,-,-,-,-,-,16587811,16587811,16832213,16577396,18262287,17630564,18577440,17619206,19296003,18214979,18620504,17287574
"경상북도",경주시,-,-,-,-,-,-,-,-,-,-,9960756,9960756,10788832,10368574,10435597,10228853,10170999,10046935,10550480,10212253,9921536,9314077
"경상북도",김천시,-,-,-,-,-,-,-,-,-,-,4964756,4964756,5278287,5119433,5287573,5038723,5528117,5200107,5457629,5111014,5654517,5126081
"경상북도",안동시,-,-,-,-,-,-,-,-,-,-,3248266,3248266,4374643,4294296,4450569,4298957,4898006,4623462,5489203,5155094,6018724,5536046
"경상북도",구미시,-,-,-,-,-,-,-,-,-,-,34732664,34732664,35560024,35813760,36068854,32744028,33860074,31239828,28938854,30306013,27984001,29328743
"경상북도",영주시,-,-,-,-,-,-,-,-,-,-,2784874,2784874,2682658,2620111,2920393,2867844,3005261,2887433,3104536,2978491,3038326,2825525
"경상북도",영천시,-,-,-,-,-,-,-,-,-,-,3258783,3258783,3478398,3345559,3457558,3313975,3620926,3427993,3770337,3511455,3824513,3455562
"경상북도",상주시,-,-,-,-,-,-,-,-,-,-,2196807,2196807,2300239,2204996,2242733,2124917,2158129,2030880,2388160,2260019,2492442,2285260
"경상북도",문경시,-,-,-,-,-,-,-,-,-,-,1431745,1431745,1489604,1461459,1564029,1508876,1678535,1619984,1637905,1580066,1794902,1682114
"경상북도",경산시,-,-,-,-,-,-,-,-,-,-,7231040,7231040,7523611,7367591,7666389,7463495,7793697,7561864,8594507,8187508,7997516,7449378
"경상북도",군위군,-,-,-,-,-,-,-,-,-,-,764963,764963,808467,782144,813431,775816,817747,776092,802975,758859,846953,771085
"경상북도",의성군,-,-,-,-,-,-,-,-,-,-,1229888,1229888,1248065,1215400,1205112,1165354,1291476,1187848,1350418,1256666,1408077,1258233
"경상북도",청송군,-,-,-,-,-,-,-,-,-,-,692663,692663,687372,688724,665578,675302,714079,680437,804201,770325,803523,740320
"경상북도",영양군,-,-,-,-,-,-,-,-,-,-,373745,373745,441207,434077,451749,433371,401808,371830,408518,380529,439126,396427
"경상북도",영덕군,-,-,-,-,-,-,-,-,-,-,801844,801844,780566,766412,804478,763539,778714,730968,849963,792546,928968,840121
"경상북도",청도군,-,-,-,-,-,-,-,-,-,-,1003464,1003464,1024597,1013657,1012459,978754,1021327,962504,1043216,986808,1015755,926507
"경상북도",고령군,-,-,-,-,-,-,-,-,-,-,1358292,1358292,1349229,1297736,1452684,1389872,1506063,1409911,1474060,1359816,1265197,1128511
"경상북도",성주군,-,-,-,-,-,-,-,-,-,-,1608489,1608489,1773532,1658747,2052300,1894497,1829546,1786123,1778458,1711702,2071278,1889778
"경상북도",칠곡군,-,-,-,-,-,-,-,-,-,-,3877013,3877013,4072406,3951429,4293070,4143990,4283321,4130492,4275377,4066651,4584662,4264999
"경상북도",예천군,-,-,-,-,-,-,-,-,-,-,1033787,1033787,1115032,1086330,1160648,1103630,1194195,1094223,1163121,1074295,1150431,1024435
"경상북도",봉화군,-,-,-,-,-,-,-,-,-,-,979520,979520,985253,970191,1010072,980216,1023584,965439,1105448,1067312,1163777,1079446
"경상북도",울진군,-,-,-,-,-,-,-,-,-,-,2718777,2718777,2575115,2436440,2463143,2543797,2311155,2481898,2222383,2367200,2468740,2417106
"경상북도",울릉군,-,-,-,-,-,-,-,-,-,-,280227,280227,271259,271035,287017,275700,318439,300640,299708,278633,278041,251845
"경상남도",소계,-,-,-,-,-,-,-,-,-,-,106590936,106590936,109338189,107343355,109492183,106563463,110720199,107224316,114020931,109370902,-,-
"경상남도",통합창원시,-,-,-,-,-,-,-,-,-,-,36565204,36565204,36864670,36188589,37504782,36378429,38838176,37288077,39860038,37788894,-,-
"경상남도",진주시,-,-,-,-,-,-,-,-,-,-,7094810,7094810,7820266,7806152,8217596,7883398,8412605,7978460,8643663,8128071,-,-
"경상남도",통영시,-,-,-,-,-,-,-,-,-,-,3692983,3692983,3856704,3803160,3322241,3351843,3059771,3192641,3096258,3260445,-,-
"경상남도",사천시,-,-,-,-,-,-,-,-,-,-,4082992,4082992,4226261,4139191,4096220,3973466,4339377,4173077,4619158,4406835,-,-
"경상남도",김해시,-,-,-,-,-,-,-,-,-,-,15064592,15064592,15229177,14904689,15681224,15227001,15827827,15208882,16058319,15235242,-,-
"경상남도",밀양시,-,-,-,-,-,-,-,-,-,-,2688732,2688732,2756863,2729790,2893243,2793600,3008573,2870984,3160717,3007698,-,-
"경상남도",거제시,-,-,-,-,-,-,-,-,-,-,10996802,10996802,11144606,10829581,10168912,9842254,8948449,8619173,9535962,9075712,-,-
"경상남도",양산시,-,-,-,-,-,-,-,-,-,-,9807353,9807353,10431481,10192987,10318896,10024521,10727181,10305117,10952945,10381450,-,-
"경상남도",의령군,-,-,-,-,-,-,-,-,-,-,824993,824993,853379,846684,893333,857127,939165,893746,955750,913427,-,-
"경상남도",함안군,-,-,-,-,-,-,-,-,-,-,3445542,3445542,3588541,3490955,3788138,3683195,3831466,3703791,4003332,3838716,-,-
"경상남도",창녕군,-,-,-,-,-,-,-,-,-,-,2275498,2275498,2379395,2337817,2501469,2421001,2714984,2610261,2786570,2670301,-,-
"경상남도",고성군,-,-,-,-,-,-,-,-,-,-,2450129,2450129,2363817,2315387,2222183,2303283,2092947,2291036,2249551,2488043,-,-
"경상남도",남해군,-,-,-,-,-,-,-,-,-,-,977764,977764,1017806,1020028,1062429,1011956,1102116,1038179,1123864,1061836,-,-
"경상남도",하동군,-,-,-,-,-,-,-,-,-,-,2255074,2255074,2358546,2307921,2239641,2390741,2123904,2514341,2141813,2602575,-,-
"경상남도",산청군,-,-,-,-,-,-,-,-,-,-,925406,925406,945172,942596,982728,942658,1038297,993279,1056199,1019213,-,-
"경상남도",함양군,-,-,-,-,-,-,-,-,-,-,910951,910951,951994,949581,993918,949910,1012785,957481,1051194,1000276,-,-
"경상남도",거창군,-,-,-,-,-,-,-,-,-,-,1451454,1451454,1506123,1495732,1519671,1467138,1582053,1501885,1599712,1521518,-,-
"경상남도",합천군,-,-,-,-,-,-,-,-,-,-,1080656,1080656,1043389,1042516,1085558,1040148,1120522,1062860,1125887,1077016,-,-
"제주특별자치도",소계,11158882,12380394,12207092,13231976,13193136,14067649,13960947,14763437,15147843,15785920,16946709,16946709,18719373,18307842,19981072,19144657,20051121,18968300,20308737,19186190,19615758,17957495
"제주특별자치도",제주시,7908509,8703944,8488505,9203811,9246828,9915492,9769796,10378096,10797689,11257498,12178463,12178463,13463552,13158966,14044135,13496031,14343720,13664991,14859505,14134135,14316106,13224877
"제주특별자치도",서귀포시,3250373,3672218,3718587,4026263,3946308,4150319,4191151,4382878,4350154,4528286,4768246,4768246,5255821,5148876,5936937,5649242,5707401,5306797,5449232,5064244,5299652,4743932
