연월,시도,전월세전환율,연도,월
2012-01,강원,95.7,2012,1
2012-01,경기,74.3,2012,1
2012-01,경남,109.6,2012,1
2012-01,경북,89.4,2012,1
2012-01,광주,79.8,2012,1
2012-01,대구,63.0,2012,1
2012-01,대전,70.5,2012,1
2012-01,부산,84.3,2012,1
2012-01,서울,79.0,2012,1
2012-01,울산,89.9,2012,1
2012-01,인천,76.2,2012,1
2012-01,전남,93.6,2012,1
2012-01,전북,104.6,2012,1
2012-01,제주,74.3,2012,1
2012-01,충남,88.6,2012,1
2012-01,충북,95.7,2012,1
2012-02,강원,96.3,2012,2
2012-02,경기,74.3,2012,2
2012-02,경남,109.5,2012,2
2012-02,경북,89.7,2012,2
2012-02,광주,79.8,2012,2
2012-02,대구,63.3,2012,2
2012-02,대전,70.1,2012,2
2012-02,부산,84.0,2012,2
2012-02,서울,78.8,2012,2
2012-02,울산,90.9,2012,2
2012-02,인천,76.0,2012,2
2012-02,전남,93.9,2012,2
2012-02,전북,104.8,2012,2
2012-02,제주,76.3,2012,2
2012-02,충남,88.8,2012,2
2012-02,충북,96.0,2012,2
2012-03,강원,96.8,2012,3
2012-03,경기,74.1,2012,3
2012-03,경남,109.4,2012,3
2012-03,경북,90.4,2012,3
2012-03,광주,80.3,2012,3
2012-03,대구,63.8,2012,3
2012-03,대전,70.0,2012,3
2012-03,부산,83.8,2012,3
2012-03,서울,78.5,2012,3
2012-03,울산,91.6,2012,3
2012-03,인천,75.9,2012,3
2012-03,전남,93.7,2012,3
2012-03,전북,105.7,2012,3
2012-03,제주,76.6,2012,3
2012-03,충남,89.5,2012,3
2012-03,충북,96.6,2012,3
2012-04,강원,97.2,2012,4
2012-04,경기,73.9,2012,4
2012-04,경남,109.3,2012,4
2012-04,경북,90.9,2012,4
2012-04,광주,80.6,2012,4
2012-04,대구,64.1,2012,4
2012-04,대전,69.7,2012,4
2012-04,부산,83.5,2012,4
2012-04,서울,78.0,2012,4
2012-04,울산,92.3,2012,4
2012-04,인천,75.7,2012,4
2012-04,전남,94.4,2012,4
2012-04,전북,106.0,2012,4
2012-04,제주,77.3,2012,4
2012-04,충남,89.9,2012,4
2012-04,충북,97.2,2012,4
2012-05,강원,97.2,2012,5
2012-05,경기,73.7,2012,5
2012-05,경남,108.9,2012,5
2012-05,경북,91.4,2012,5
2012-05,광주,81.1,2012,5
2012-05,대구,64.3,2012,5
2012-05,대전,69.6,2012,5
2012-05,부산,83.2,2012,5
2012-05,서울,77.6,2012,5
2012-05,울산,93.1,2012,5
2012-05,인천,75.4,2012,5
2012-05,전남,94.6,2012,5
2012-05,전북,105.7,2012,5
2012-05,제주,80.0,2012,5
2012-05,충남,90.3,2012,5
2012-05,충북,97.7,2012,5
2012-06,강원,97.3,2012,6
2012-06,경기,73.3,2012,6
2012-06,경남,108.5,2012,6
2012-06,경북,91.8,2012,6
2012-06,광주,81.6,2012,6
2012-06,대구,64.4,2012,6
2012-06,대전,69.0,2012,6
2012-06,부산,82.8,2012,6
2012-06,서울,77.0,2012,6
2012-06,울산,93.6,2012,6
2012-06,인천,75.0,2012,6
2012-06,전남,95.0,2012,6
2012-06,전북,105.4,2012,6
2012-06,제주,80.0,2012,6
2012-06,충남,90.5,2012,6
2012-06,충북,98.0,2012,6
2012-07,강원,97.3,2012,7
2012-07,경기,72.9,2012,7
2012-07,경남,107.9,2012,7
2012-07,경북,92.2,2012,7
2012-07,광주,81.7,2012,7
2012-07,대구,64.5,2012,7
2012-07,대전,68.6,2012,7
2012-07,부산,82.3,2012,7
2012-07,서울,76.5,2012,7
2012-07,울산,93.1,2012,7
2012-07,인천,74.5,2012,7
2012-07,전남,94.9,2012,7
2012-07,전북,105.0,2012,7
2012-07,제주,80.0,2012,7
2012-07,충남,90.8,2012,7
2012-07,충북,98.1,2012,7
2012-08,강원,97.2,2012,8
2012-08,경기,72.4,2012,8
2012-08,경남,107.5,2012,8
2012-08,경북,92.9,2012,8
2012-08,광주,81.7,2012,8
2012-08,대구,64.6,2012,8
2012-08,대전,68.0,2012,8
2012-08,부산,81.9,2012,8
2012-08,서울,75.8,2012,8
2012-08,울산,92.9,2012,8
2012-08,인천,74.0,2012,8
2012-08,전남,95.2,2012,8
2012-08,전북,104.8,2012,8
2012-08,제주,80.1,2012,8
2012-08,충남,91.3,2012,8
2012-08,충북,98.1,2012,8
2012-09,강원,97.1,2012,9
2012-09,경기,71.8,2012,9
2012-09,경남,107.3,2012,9
2012-09,경북,93.6,2012,9
2012-09,광주,81.7,2012,9
2012-09,대구,64.8,2012,9
2012-09,대전,67.9,2012,9
2012-09,부산,81.6,2012,9
2012-09,서울,75.3,2012,9
2012-09,울산,92.8,2012,9
2012-09,인천,73.6,2012,9
2012-09,전남,95.4,2012,9
2012-09,전북,104.0,2012,9
2012-09,제주,80.1,2012,9
2012-09,충남,91.8,2012,9
2012-09,충북,98.1,2012,9
2012-10,강원,97.1,2012,10
2012-10,경기,71.4,2012,10
2012-10,경남,107.3,2012,10
2012-10,경북,94.1,2012,10
2012-10,광주,81.7,2012,10
2012-10,대구,65.0,2012,10
2012-10,대전,68.0,2012,10
2012-10,부산,81.5,2012,10
2012-10,서울,74.8,2012,10
2012-10,울산,92.8,2012,10
2012-10,인천,73.1,2012,10
2012-10,전남,95.4,2012,10
2012-10,전북,103.6,2012,10
2012-10,제주,80.1,2012,10
2012-10,충남,92.2,2012,10
2012-10,충북,98.2,2012,10
2012-11,강원,97.0,2012,11
2012-11,경기,71.0,2012,11
2012-11,경남,107.2,2012,11
2012-11,경북,94.6,2012,11
2012-11,광주,81.8,2012,11
2012-11,대구,65.1,2012,11
2012-11,대전,68.1,2012,11
2012-11,부산,81.4,2012,11
2012-11,서울,74.4,2012,11
2012-11,세종,61.2,2012,11
2012-11,울산,93.1,2012,11
2012-11,인천,72.7,2012,11
2012-11,전남,95.1,2012,11
2012-11,전북,102.9,2012,11
2012-11,제주,80.1,2012,11
2012-11,충남,92.6,2012,11
2012-11,충북,98.4,2012,11
2012-12,강원,97.1,2012,12
2012-12,경기,70.7,2012,12
2012-12,경남,106.8,2012,12
2012-12,경북,95.1,2012,12
2012-12,광주,82.1,2012,12
2012-12,대구,65.6,2012,12
2012-12,대전,68.2,2012,12
2012-12,부산,81.1,2012,12
2012-12,서울,73.9,2012,12
2012-12,세종,62.2,2012,12
2012-12,울산,92.8,2012,12
2012-12,인천,72.2,2012,12
2012-12,전남,94.9,2012,12
2012-12,전북,101.9,2012,12
2012-12,제주,79.6,2012,12
2012-12,충남,93.3,2012,12
2012-12,충북,98.5,2012,12
2013-01,강원,96.9,2013,1
2013-01,경기,70.2,2013,1
2013-01,경남,106.4,2013,1
2013-01,경북,95.7,2013,1
2013-01,광주,82.1,2013,1
2013-01,대구,66.1,2013,1
2013-01,대전,68.2,2013,1
2013-01,부산,80.8,2013,1
2013-01,서울,73.5,2013,1
2013-01,세종,63.1,2013,1
2013-01,울산,92.7,2013,1
2013-01,인천,71.6,2013,1
2013-01,전남,94.9,2013,1
2013-01,전북,101.1,2013,1
2013-01,제주,79.4,2013,1
2013-01,충남,93.7,2013,1
2013-01,충북,98.5,2013,1
2013-02,강원,96.7,2013,2
2013-02,경기,69.9,2013,2
2013-02,경남,106.2,2013,2
2013-02,경북,96.2,2013,2
2013-02,광주,82.2,2013,2
2013-02,대구,66.2,2013,2
2013-02,대전,68.1,2013,2
2013-02,부산,80.6,2013,2
2013-02,서울,73.2,2013,2
2013-02,세종,63.8,2013,2
2013-02,울산,92.5,2013,2
2013-02,인천,71.2,2013,2
2013-02,전남,94.6,2013,2
2013-02,전북,101.0,2013,2
2013-02,제주,79.4,2013,2
2013-02,충남,93.9,2013,2
2013-02,충북,98.5,2013,2
2013-03,강원,96.4,2013,3
2013-03,경기,69.7,2013,3
2013-03,경남,106.2,2013,3
2013-03,경북,96.8,2013,3
2013-03,광주,82.3,2013,3
2013-03,대구,66.4,2013,3
2013-03,대전,68.2,2013,3
2013-03,부산,80.5,2013,3
2013-03,서울,73.1,2013,3
2013-03,세종,64.7,2013,3
2013-03,울산,92.4,2013,3
2013-03,인천,71.0,2013,3
2013-03,전남,94.4,2013,3
2013-03,전북,100.8,2013,3
2013-03,제주,79.4,2013,3
2013-03,충남,94.1,2013,3
2013-03,충북,98.5,2013,3
2013-04,강원,96.5,2013,4
2013-04,경기,69.6,2013,4
2013-04,경남,106.5,2013,4
2013-04,경북,97.5,2013,4
2013-04,광주,82.6,2013,4
2013-04,대구,67.2,2013,4
2013-04,대전,68.4,2013,4
2013-04,부산,80.5,2013,4
2013-04,서울,73.2,2013,4
2013-04,세종,65.2,2013,4
2013-04,울산,92.4,2013,4
2013-04,인천,71.1,2013,4
2013-04,전남,94.2,2013,4
2013-04,전북,100.8,2013,4
2013-04,제주,79.5,2013,4
2013-04,충남,94.4,2013,4
2013-04,충북,98.8,2013,4
2013-05,강원,96.6,2013,5
2013-05,경기,69.8,2013,5
2013-05,경남,106.7,2013,5
2013-05,경북,98.3,2013,5
2013-05,광주,82.7,2013,5
2013-05,대구,67.8,2013,5
2013-05,대전,68.5,2013,5
2013-05,부산,80.6,2013,5
2013-05,서울,73.4,2013,5
2013-05,세종,65.8,2013,5
2013-05,울산,92.5,2013,5
2013-05,인천,71.2,2013,5
2013-05,전남,94.1,2013,5
2013-05,전북,100.8,2013,5
2013-05,제주,79.5,2013,5
2013-05,충남,94.8,2013,5
2013-05,충북,98.9,2013,5
2013-06,강원,96.4,2013,6
2013-06,경기,69.8,2013,6
2013-06,경남,106.8,2013,6
2013-06,경북,99.1,2013,6
2013-06,광주,82.8,2013,6
2013-06,대구,68.6,2013,6
2013-06,대전,68.5,2013,6
2013-06,부산,80.6,2013,6
2013-06,서울,73.2,2013,6
2013-06,세종,65.9,2013,6
2013-06,울산,92.6,2013,6
2013-06,인천,71.2,2013,6
2013-06,전남,93.9,2013,6
2013-06,전북,100.5,2013,6
2013-06,제주,79.5,2013,6
2013-06,충남,95.0,2013,6
2013-06,충북,99.0,2013,6
2013-07,강원,96.3,2013,7
2013-07,경기,69.7,2013,7
2013-07,경남,106.8,2013,7
2013-07,경북,100.3,2013,7
2013-07,광주,82.8,2013,7
2013-07,대구,69.7,2013,7
2013-07,대전,68.3,2013,7
2013-07,부산,80.4,2013,7
2013-07,서울,72.8,2013,7
2013-07,세종,65.8,2013,7
2013-07,울산,92.7,2013,7
2013-07,인천,71.1,2013,7
2013-07,전남,93.6,2013,7
2013-07,전북,100.3,2013,7
2013-07,제주,79.5,2013,7
2013-07,충남,95.3,2013,7
2013-07,충북,99.1,2013,7
2013-08,강원,96.2,2013,8
2013-08,경기,69.5,2013,8
2013-08,경남,106.7,2013,8
2013-08,경북,100.9,2013,8
2013-08,광주,82.7,2013,8
2013-08,대구,70.2,2013,8
2013-08,대전,68.1,2013,8
2013-08,부산,80.3,2013,8
2013-08,서울,72.5,2013,8
2013-08,세종,65.4,2013,8
2013-08,울산,92.5,2013,8
2013-08,인천,71.0,2013,8
2013-08,전남,93.4,2013,8
2013-08,전북,100.1,2013,8
2013-08,제주,79.3,2013,8
2013-08,충남,95.4,2013,8
2013-08,충북,99.1,2013,8
2013-09,강원,96.3,2013,9
2013-09,경기,69.5,2013,9
2013-09,경남,106.7,2013,9
2013-09,경북,101.6,2013,9
2013-09,광주,82.7,2013,9
2013-09,대구,70.7,2013,9
2013-09,대전,68.1,2013,9
2013-09,부산,80.3,2013,9
2013-09,서울,72.5,2013,9
2013-09,세종,65.6,2013,9
2013-09,울산,92.5,2013,9
2013-09,인천,71.1,2013,9
2013-09,전남,93.2,2013,9
2013-09,전북,100.0,2013,9
2013-09,제주,79.1,2013,9
2013-09,충남,95.5,2013,9
2013-09,충북,99.2,2013,9
2013-10,강원,96.6,2013,10
2013-10,경기,69.8,2013,10
2013-10,경남,107.0,2013,10
2013-10,경북,102.5,2013,10
2013-10,광주,82.8,2013,10
2013-10,대구,71.3,2013,10
2013-10,대전,68.3,2013,10
2013-10,부산,80.4,2013,10
2013-10,서울,72.9,2013,10
2013-10,세종,66.1,2013,10
2013-10,울산,92.7,2013,10
2013-10,인천,71.6,2013,10
2013-10,전남,93.1,2013,10
2013-10,전북,100.0,2013,10
2013-10,제주,79.1,2013,10
2013-10,충남,96.2,2013,10
2013-10,충북,99.4,2013,10
2013-11,강원,96.9,2013,11
2013-11,경기,70.0,2013,11
2013-11,경남,107.1,2013,11
2013-11,경북,103.3,2013,11
2013-11,광주,83.0,2013,11
2013-11,대구,72.2,2013,11
2013-11,대전,68.4,2013,11
2013-11,부산,80.5,2013,11
2013-11,서울,73.0,2013,11
2013-11,세종,66.3,2013,11
2013-11,울산,93.0,2013,11
2013-11,인천,71.9,2013,11
2013-11,전남,93.0,2013,11
2013-11,전북,100.2,2013,11
2013-11,제주,79.1,2013,11
2013-11,충남,96.9,2013,11
2013-11,충북,99.6,2013,11
2013-12,강원,97.3,2013,12
2013-12,경기,70.1,2013,12
2013-12,경남,107.2,2013,12
2013-12,경북,104.2,2013,12
2013-12,광주,83.0,2013,12
2013-12,대구,73.2,2013,12
2013-12,대전,68.5,2013,12
2013-12,부산,80.6,2013,12
2013-12,서울,73.0,2013,12
2013-12,세종,66.4,2013,12
2013-12,울산,93.0,2013,12
2013-12,인천,72.1,2013,12
2013-12,전남,92.9,2013,12
2013-12,전북,100.2,2013,12
2013-12,제주,79.2,2013,12
2013-12,충남,97.5,2013,12
2013-12,충북,100.0,2013,12
2014-01,강원,97.4,2014,1
2014-01,경기,70.4,2014,1
2014-01,경남,107.3,2014,1
2014-01,경북,105.9,2014,1
2014-01,광주,83.0,2014,1
2014-01,대구,74.3,2014,1
2014-01,대전,68.8,2014,1
2014-01,부산,80.7,2014,1
2014-01,서울,73.2,2014,1
2014-01,세종,66.6,2014,1
2014-01,울산,93.1,2014,1
2014-01,인천,72.3,2014,1
2014-01,전남,92.7,2014,1
2014-01,전북,100.2,2014,1
2014-01,제주,79.6,2014,1
2014-01,충남,98.1,2014,1
2014-01,충북,100.3,2014,1
2014-02,강원,97.4,2014,2
2014-02,경기,70.6,2014,2
2014-02,경남,107.5,2014,2
2014-02,경북,106.9,2014,2
2014-02,광주,83.3,2014,2
2014-02,대구,75.0,2014,2
2014-02,대전,68.8,2014,2
2014-02,부산,80.8,2014,2
2014-02,서울,73.5,2014,2
2014-02,세종,66.7,2014,2
2014-02,울산,93.2,2014,2
2014-02,인천,72.6,2014,2
2014-02,전남,92.6,2014,2
2014-02,전북,100.1,2014,2
2014-02,제주,79.8,2014,2
2014-02,충남,98.3,2014,2
2014-02,충북,100.5,2014,2
2014-03,강원,97.4,2014,3
2014-03,경기,71.0,2014,3
2014-03,경남,107.7,2014,3
2014-03,경북,107.5,2014,3
2014-03,광주,83.4,2014,3
2014-03,대구,75.5,2014,3
2014-03,대전,68.8,2014,3
2014-03,부산,80.9,2014,3
2014-03,서울,73.8,2014,3
2014-03,세종,66.7,2014,3
2014-03,울산,93.5,2014,3
2014-03,인천,73.1,2014,3
2014-03,전남,92.4,2014,3
2014-03,전북,100.2,2014,3
2014-03,제주,79.7,2014,3
2014-03,충남,98.8,2014,3
2014-03,충북,100.7,2014,3
2014-04,강원,97.3,2014,4
2014-04,경기,70.9,2014,4
2014-04,경남,107.9,2014,4
2014-04,경북,108.1,2014,4
2014-04,광주,83.6,2014,4
2014-04,대구,75.9,2014,4
2014-04,대전,68.7,2014,4
2014-04,부산,81.0,2014,4
2014-04,서울,73.8,2014,4
2014-04,세종,66.6,2014,4
2014-04,울산,93.7,2014,4
2014-04,인천,73.2,2014,4
2014-04,전남,92.3,2014,4
2014-04,전북,100.1,2014,4
2014-04,제주,79.6,2014,4
2014-04,충남,99.3,2014,4
2014-04,충북,100.9,2014,4
2014-05,강원,97.3,2014,5
2014-05,경기,70.9,2014,5
2014-05,경남,108.1,2014,5
2014-05,경북,108.5,2014,5
2014-05,광주,83.7,2014,5
2014-05,대구,76.3,2014,5
2014-05,대전,68.6,2014,5
2014-05,부산,81.0,2014,5
2014-05,서울,73.7,2014,5
2014-05,세종,66.3,2014,5
2014-05,울산,94.0,2014,5
2014-05,인천,73.3,2014,5
2014-05,전남,92.2,2014,5
2014-05,전북,99.9,2014,5
2014-05,제주,79.7,2014,5
2014-05,충남,99.6,2014,5
2014-05,충북,101.1,2014,5
2014-06,강원,97.2,2014,6
2014-06,경기,70.9,2014,6
2014-06,경남,108.3,2014,6
2014-06,경북,108.8,2014,6
2014-06,광주,83.7,2014,6
2014-06,대구,76.5,2014,6
2014-06,대전,68.5,2014,6
2014-06,부산,81.1,2014,6
2014-06,서울,73.7,2014,6
2014-06,세종,66.1,2014,6
2014-06,울산,94.5,2014,6
2014-06,인천,73.4,2014,6
2014-06,전남,92.0,2014,6
2014-06,전북,99.8,2014,6
2014-06,제주,79.5,2014,6
2014-06,충남,99.9,2014,6
2014-06,충북,101.3,2014,6
2014-07,강원,97.2,2014,7
2014-07,경기,70.8,2014,7
2014-07,경남,108.5,2014,7
2014-07,경북,109.1,2014,7
2014-07,광주,83.9,2014,7
2014-07,대구,76.7,2014,7
2014-07,대전,68.5,2014,7
2014-07,부산,81.2,2014,7
2014-07,서울,73.6,2014,7
2014-07,세종,65.8,2014,7
2014-07,울산,95.0,2014,7
2014-07,인천,73.4,2014,7
2014-07,전남,91.7,2014,7
2014-07,전북,99.6,2014,7
2014-07,제주,79.5,2014,7
2014-07,충남,100.3,2014,7
2014-07,충북,101.7,2014,7
2014-08,강원,97.1,2014,8
2014-08,경기,71.0,2014,8
2014-08,경남,108.8,2014,8
2014-08,경북,109.3,2014,8
2014-08,광주,84.0,2014,8
2014-08,대구,77.0,2014,8
2014-08,대전,68.5,2014,8
2014-08,부산,81.3,2014,8
2014-08,서울,73.7,2014,8
2014-08,세종,65.6,2014,8
2014-08,울산,95.4,2014,8
2014-08,인천,73.6,2014,8
2014-08,전남,91.5,2014,8
2014-08,전북,99.5,2014,8
2014-08,제주,79.7,2014,8
2014-08,충남,100.5,2014,8
2014-08,충북,101.9,2014,8
2014-09,강원,97.2,2014,9
2014-09,경기,71.4,2014,9
2014-09,경남,109.0,2014,9
2014-09,경북,109.7,2014,9
2014-09,광주,84.2,2014,9
2014-09,대구,77.4,2014,9
2014-09,대전,68.7,2014,9
2014-09,부산,81.4,2014,9
2014-09,서울,74.0,2014,9
2014-09,세종,65.3,2014,9
2014-09,울산,95.7,2014,9
2014-09,인천,73.8,2014,9
2014-09,전남,91.5,2014,9
2014-09,전북,99.5,2014,9
2014-09,제주,80.0,2014,9
2014-09,충남,100.7,2014,9
2014-09,충북,102.2,2014,9
2014-10,강원,97.3,2014,10
2014-10,경기,71.7,2014,10
2014-10,경남,109.4,2014,10
2014-10,경북,110.1,2014,10
2014-10,광주,84.4,2014,10
2014-10,대구,77.8,2014,10
2014-10,대전,68.8,2014,10
2014-10,부산,81.6,2014,10
2014-10,서울,74.3,2014,10
2014-10,세종,65.4,2014,10
2014-10,울산,95.9,2014,10
2014-10,인천,74.1,2014,10
2014-10,전남,91.4,2014,10
2014-10,전북,99.6,2014,10
2014-10,제주,80.4,2014,10
2014-10,충남,101.2,2014,10
2014-10,충북,102.8,2014,10
2014-11,강원,97.5,2014,11
2014-11,경기,71.9,2014,11
2014-11,경남,109.7,2014,11
2014-11,경북,110.6,2014,11
2014-11,광주,84.5,2014,11
2014-11,대구,78.4,2014,11
2014-11,대전,68.9,2014,11
2014-11,부산,81.8,2014,11
2014-11,서울,74.4,2014,11
2014-11,세종,65.3,2014,11
2014-11,울산,96.2,2014,11
2014-11,인천,74.3,2014,11
2014-11,전남,91.3,2014,11
2014-11,전북,99.6,2014,11
2014-11,제주,80.7,2014,11
2014-11,충남,101.6,2014,11
2014-11,충북,103.3,2014,11
2014-12,강원,97.7,2014,12
2014-12,경기,72.0,2014,12
2014-12,경남,110.1,2014,12
2014-12,경북,111.1,2014,12
2014-12,광주,84.8,2014,12
2014-12,대구,79.0,2014,12
2014-12,대전,68.9,2014,12
2014-12,부산,82.0,2014,12
2014-12,서울,74.5,2014,12
2014-12,세종,65.3,2014,12
2014-12,울산,96.5,2014,12
2014-12,인천,74.4,2014,12
2014-12,전남,91.2,2014,12
2014-12,전북,99.5,2014,12
2014-12,제주,81.7,2014,12
2014-12,충남,101.8,2014,12
2014-12,충북,103.7,2014,12
2015-01,강원,97.8,2015,1
2015-01,경기,72.2,2015,1
2015-01,경남,110.3,2015,1
2015-01,경북,111.5,2015,1
2015-01,광주,85.1,2015,1
2015-01,대구,79.4,2015,1
2015-01,대전,69.0,2015,1
2015-01,부산,82.1,2015,1
2015-01,서울,74.6,2015,1
2015-01,세종,65.2,2015,1
2015-01,울산,96.6,2015,1
2015-01,인천,74.5,2015,1
2015-01,전남,91.1,2015,1
2015-01,전북,99.4,2015,1
2015-01,제주,82.8,2015,1
2015-01,충남,102.0,2015,1
2015-01,충북,104.0,2015,1
2015-02,강원,98.0,2015,2
2015-02,경기,72.5,2015,2
2015-02,경남,110.5,2015,2
2015-02,경북,112.0,2015,2
2015-02,광주,85.4,2015,2
2015-02,대구,79.9,2015,2
2015-02,대전,69.0,2015,2
2015-02,부산,82.2,2015,2
2015-02,서울,74.8,2015,2
2015-02,세종,65.2,2015,2
2015-02,울산,96.8,2015,2
2015-02,인천,74.7,2015,2
2015-02,전남,90.9,2015,2
2015-02,전북,99.4,2015,2
2015-02,제주,83.4,2015,2
2015-02,충남,102.1,2015,2
2015-02,충북,104.4,2015,2
2015-03,강원,98.2,2015,3
2015-03,경기,72.9,2015,3
2015-03,경남,110.7,2015,3
2015-03,경북,112.5,2015,3
2015-03,광주,86.1,2015,3
2015-03,대구,80.3,2015,3
2015-03,대전,69.0,2015,3
2015-03,부산,82.6,2015,3
2015-03,서울,75.2,2015,3
2015-03,세종,65.1,2015,3
2015-03,울산,97.0,2015,3
2015-03,인천,75.0,2015,3
2015-03,전남,90.9,2015,3
2015-03,전북,99.5,2015,3
2015-03,제주,84.0,2015,3
2015-03,충남,102.3,2015,3
2015-03,충북,104.9,2015,3
2015-04,강원,98.6,2015,4
2015-04,경기,73.5,2015,4
2015-04,경남,111.0,2015,4
2015-04,경북,113.0,2015,4
2015-04,광주,87.4,2015,4
2015-04,대구,81.2,2015,4
2015-04,대전,69.1,2015,4
2015-04,부산,83.0,2015,4
2015-04,서울,75.7,2015,4
2015-04,세종,65.1,2015,4
2015-04,울산,97.4,2015,4
2015-04,인천,75.6,2015,4
2015-04,전남,90.9,2015,4
2015-04,전북,99.5,2015,4
2015-04,제주,84.7,2015,4
2015-04,충남,102.5,2015,4
2015-04,충북,105.4,2015,4
2015-05,강원,98.9,2015,5
2015-05,경기,74.0,2015,5
2015-05,경남,111.2,2015,5
2015-05,경북,113.4,2015,5
2015-05,광주,88.0,2015,5
2015-05,대구,82.0,2015,5
2015-05,대전,69.1,2015,5
2015-05,부산,83.4,2015,5
2015-05,서울,76.2,2015,5
2015-05,세종,65.0,2015,5
2015-05,울산,97.8,2015,5
2015-05,인천,76.0,2015,5
2015-05,전남,90.9,2015,5
2015-05,전북,99.5,2015,5
2015-05,제주,85.3,2015,5
2015-05,충남,102.6,2015,5
2015-05,충북,105.5,2015,5
2015-06,강원,99.2,2015,6
2015-06,경기,74.4,2015,6
2015-06,경남,111.4,2015,6
2015-06,경북,113.9,2015,6
2015-06,광주,88.8,2015,6
2015-06,대구,82.9,2015,6
2015-06,대전,69.1,2015,6
2015-06,부산,83.8,2015,6
2015-06,서울,76.7,2015,6
2015-06,세종,64.9,2015,6
2015-06,울산,98.2,2015,6
2015-06,인천,76.5,2015,6
2015-06,전남,91.1,2015,6
2015-06,전북,99.4,2015,6
2015-06,제주,85.8,2015,6
2015-06,충남,102.7,2015,6
2015-06,충북,105.7,2015,6
2015-07,강원,99.3,2015,7
2015-07,경기,74.8,2015,7
2015-07,경남,111.5,2015,7
2015-07,경북,114.1,2015,7
2015-07,광주,89.3,2015,7
2015-07,대구,83.5,2015,7
2015-07,대전,69.0,2015,7
2015-07,부산,84.1,2015,7
2015-07,서울,77.1,2015,7
2015-07,세종,64.8,2015,7
2015-07,울산,98.6,2015,7
2015-07,인천,76.8,2015,7
2015-07,전남,91.1,2015,7
2015-07,전북,99.5,2015,7
2015-07,제주,86.7,2015,7
2015-07,충남,102.6,2015,7
2015-07,충북,105.7,2015,7
2015-08,강원,99.6,2015,8
2015-08,경기,75.1,2015,8
2015-08,경남,111.7,2015,8
2015-08,경북,114.5,2015,8
2015-08,광주,89.6,2015,8
2015-08,대구,84.1,2015,8
2015-08,대전,69.0,2015,8
2015-08,부산,84.3,2015,8
2015-08,서울,77.6,2015,8
2015-08,세종,64.7,2015,8
2015-08,울산,98.8,2015,8
2015-08,인천,77.1,2015,8
2015-08,전남,91.2,2015,8
2015-08,전북,99.6,2015,8
2015-08,제주,87.4,2015,8
2015-08,충남,102.6,2015,8
2015-08,충북,105.9,2015,8
2015-09,강원,99.9,2015,9
2015-09,경기,75.5,2015,9
2015-09,경남,111.9,2015,9
2015-09,경북,115.0,2015,9
2015-09,광주,89.9,2015,9
2015-09,대구,85.0,2015,9
2015-09,대전,69.0,2015,9
2015-09,부산,84.6,2015,9
2015-09,서울,78.1,2015,9
2015-09,세종,64.7,2015,9
2015-09,울산,99.3,2015,9
2015-09,인천,77.4,2015,9
2015-09,전남,91.3,2015,9
2015-09,전북,99.8,2015,9
2015-09,제주,88.3,2015,9
2015-09,충남,102.6,2015,9
2015-09,충북,106.1,2015,9
2015-10,강원,100.3,2015,10
2015-10,경기,75.9,2015,10
2015-10,경남,112.1,2015,10
2015-10,경북,115.2,2015,10
2015-10,광주,90.3,2015,10
2015-10,대구,85.7,2015,10
2015-10,대전,69.0,2015,10
2015-10,부산,85.0,2015,10
2015-10,서울,78.6,2015,10
2015-10,세종,64.7,2015,10
2015-10,울산,99.7,2015,10
2015-10,인천,77.7,2015,10
2015-10,전남,91.5,2015,10
2015-10,전북,99.9,2015,10
2015-10,제주,89.0,2015,10
2015-10,충남,102.6,2015,10
2015-10,충북,106.1,2015,10
2015-11,강원,100.8,2015,11
2015-11,경기,76.3,2015,11
2015-11,경남,112.2,2015,11
2015-11,경북,115.3,2015,11
2015-11,광주,90.8,2015,11
2015-11,대구,86.1,2015,11
2015-11,대전,69.1,2015,11
2015-11,부산,85.6,2015,11
2015-11,서울,79.1,2015,11
2015-11,세종,64.6,2015,11
2015-11,울산,100.1,2015,11
2015-11,인천,78.0,2015,11
2015-11,전남,91.8,2015,11
2015-11,전북,100.0,2015,11
2015-11,제주,90.3,2015,11
2015-11,충남,102.6,2015,11
2015-11,충북,106.0,2015,11
2015-12,강원,101.0,2015,12
2015-12,경기,76.4,2015,12
2015-12,경남,112.4,2015,12
2015-12,경북,115.1,2015,12
2015-12,광주,91.0,2015,12
2015-12,대구,86.1,2015,12
2015-12,대전,69.1,2015,12
2015-12,부산,85.9,2015,12
2015-12,서울,79.4,2015,12
2015-12,세종,64.6,2015,12
2015-12,울산,100.5,2015,12
2015-12,인천,78.2,2015,12
2015-12,전남,91.9,2015,12
2015-12,전북,100.0,2015,12
2015-12,제주,93.0,2015,12
2015-12,충남,102.5,2015,12
2015-12,충북,106.0,2015,12
2016-01,강원,101.1,2016,1
2016-01,경기,76.5,2016,1
2016-01,경남,112.4,2016,1
2016-01,경북,114.9,2016,1
2016-01,광주,91.1,2016,1
2016-01,대구,85.9,2016,1
2016-01,대전,69.0,2016,1
2016-01,부산,85.9,2016,1
2016-01,서울,79.5,2016,1
2016-01,세종,64.6,2016,1
2016-01,울산,100.7,2016,1
2016-01,인천,78.2,2016,1
2016-01,전남,92.1,2016,1
2016-01,전북,100.0,2016,1
2016-01,제주,95.2,2016,1
2016-01,충남,102.3,2016,1
2016-01,충북,105.9,2016,1
2016-02,강원,101.2,2016,2
2016-02,경기,76.5,2016,2
2016-02,경남,112.3,2016,2
2016-02,경북,114.7,2016,2
2016-02,광주,91.1,2016,2
2016-02,대구,85.7,2016,2
2016-02,대전,69.0,2016,2
2016-02,부산,86.0,2016,2
2016-02,서울,79.5,2016,2
2016-02,세종,64.6,2016,2
2016-02,울산,100.9,2016,2
2016-02,인천,78.2,2016,2
2016-02,전남,92.2,2016,2
2016-02,전북,99.9,2016,2
2016-02,제주,96.9,2016,2
2016-02,충남,102.0,2016,2
2016-02,충북,105.8,2016,2
2016-03,강원,101.3,2016,3
2016-03,경기,76.5,2016,3
2016-03,경남,112.3,2016,3
2016-03,경북,114.3,2016,3
2016-03,광주,91.1,2016,3
2016-03,대구,85.3,2016,3
2016-03,대전,69.0,2016,3
2016-03,부산,86.1,2016,3
2016-03,서울,79.5,2016,3
2016-03,세종,64.7,2016,3
2016-03,울산,101.0,2016,3
2016-03,인천,78.2,2016,3
2016-03,전남,92.3,2016,3
2016-03,전북,99.8,2016,3
2016-03,제주,97.7,2016,3
2016-03,충남,101.7,2016,3
2016-03,충북,105.7,2016,3
2016-04,강원,101.5,2016,4
2016-04,경기,76.5,2016,4
2016-04,경남,112.3,2016,4
2016-04,경북,114.0,2016,4
2016-04,광주,91.3,2016,4
2016-04,대구,85.0,2016,4
2016-04,대전,69.0,2016,4
2016-04,부산,86.2,2016,4
2016-04,서울,79.6,2016,4
2016-04,세종,64.7,2016,4
2016-04,울산,101.2,2016,4
2016-04,인천,78.3,2016,4
2016-04,전남,92.4,2016,4
2016-04,전북,99.8,2016,4
2016-04,제주,97.9,2016,4
2016-04,충남,101.4,2016,4
2016-04,충북,105.6,2016,4
2016-05,강원,101.7,2016,5
2016-05,경기,76.5,2016,5
2016-05,경남,112.2,2016,5
2016-05,경북,113.4,2016,5
2016-05,광주,91.2,2016,5
2016-05,대구,84.8,2016,5
2016-05,대전,68.9,2016,5
2016-05,부산,86.4,2016,5
2016-05,서울,79.7,2016,5
2016-05,세종,64.7,2016,5
2016-05,울산,101.3,2016,5
2016-05,인천,78.3,2016,5
2016-05,전남,92.6,2016,5
2016-05,전북,99.7,2016,5
2016-05,제주,97.8,2016,5
2016-05,충남,101.1,2016,5
2016-05,충북,105.5,2016,5
2016-06,강원,101.8,2016,6
2016-06,경기,76.6,2016,6
2016-06,경남,112.0,2016,6
2016-06,경북,112.8,2016,6
2016-06,광주,91.2,2016,6
2016-06,대구,84.4,2016,6
2016-06,대전,68.9,2016,6
2016-06,부산,86.6,2016,6
2016-06,서울,80.0,2016,6
2016-06,세종,64.7,2016,6
2016-06,울산,101.3,2016,6
2016-06,인천,78.4,2016,6
2016-06,전남,92.6,2016,6
2016-06,전북,99.7,2016,6
2016-06,제주,97.8,2016,6
2016-06,충남,100.8,2016,6
2016-06,충북,105.2,2016,6
2016-07,강원,101.9,2016,7
2016-07,경기,76.7,2016,7
2016-07,경남,111.9,2016,7
2016-07,경북,112.2,2016,7
2016-07,광주,91.1,2016,7
2016-07,대구,84.2,2016,7
2016-07,대전,68.9,2016,7
2016-07,부산,86.8,2016,7
2016-07,서울,80.3,2016,7
2016-07,세종,64.8,2016,7
2016-07,울산,101.1,2016,7
2016-07,인천,78.6,2016,7
2016-07,전남,92.7,2016,7
2016-07,전북,99.7,2016,7
2016-07,제주,97.9,2016,7
2016-07,충남,100.4,2016,7
2016-07,충북,105.0,2016,7
2016-08,강원,102.1,2016,8
2016-08,경기,76.8,2016,8
2016-08,경남,111.8,2016,8
2016-08,경북,111.7,2016,8
2016-08,광주,91.1,2016,8
2016-08,대구,83.9,2016,8
2016-08,대전,68.9,2016,8
2016-08,부산,87.2,2016,8
2016-08,서울,80.6,2016,8
2016-08,세종,64.8,2016,8
2016-08,울산,100.9,2016,8
2016-08,인천,78.7,2016,8
2016-08,전남,92.9,2016,8
2016-08,전북,99.6,2016,8
2016-08,제주,98.0,2016,8
2016-08,충남,100.1,2016,8
2016-08,충북,104.7,2016,8
2016-09,강원,102.2,2016,9
2016-09,경기,76.9,2016,9
2016-09,경남,111.6,2016,9
2016-09,경북,111.2,2016,9
2016-09,광주,91.0,2016,9
2016-09,대구,83.7,2016,9
2016-09,대전,69.0,2016,9
2016-09,부산,87.6,2016,9
2016-09,서울,80.9,2016,9
2016-09,세종,64.8,2016,9
2016-09,울산,100.9,2016,9
2016-09,인천,78.8,2016,9
2016-09,전남,92.9,2016,9
2016-09,전북,99.6,2016,9
2016-09,제주,98.3,2016,9
2016-09,충남,100.0,2016,9
2016-09,충북,104.6,2016,9
2016-10,강원,102.5,2016,10
2016-10,경기,77.1,2016,10
2016-10,경남,111.4,2016,10
2016-10,경북,110.9,2016,10
2016-10,광주,91.1,2016,10
2016-10,대구,83.6,2016,10
2016-10,대전,69.0,2016,10
2016-10,부산,88.3,2016,10
2016-10,서울,81.5,2016,10
2016-10,세종,64.8,2016,10
2016-10,울산,101.0,2016,10
2016-10,인천,79.0,2016,10
2016-10,전남,93.1,2016,10
2016-10,전북,99.6,2016,10
2016-10,제주,98.6,2016,10
2016-10,충남,99.8,2016,10
2016-10,충북,104.5,2016,10
2016-11,강원,102.8,2016,11
2016-11,경기,77.3,2016,11
2016-11,경남,111.3,2016,11
2016-11,경북,110.6,2016,11
2016-11,광주,91.2,2016,11
2016-11,대구,83.5,2016,11
2016-11,대전,69.1,2016,11
2016-11,부산,89.0,2016,11
2016-11,서울,81.9,2016,11
2016-11,세종,64.9,2016,11
2016-11,울산,101.1,2016,11
2016-11,인천,79.2,2016,11
2016-11,전남,93.2,2016,11
2016-11,전북,99.7,2016,11
2016-11,제주,99.2,2016,11
2016-11,충남,99.5,2016,11
2016-11,충북,104.5,2016,11
2016-12,강원,103.0,2016,12
2016-12,경기,77.3,2016,12
2016-12,경남,111.0,2016,12
2016-12,경북,110.1,2016,12
2016-12,광주,91.3,2016,12
2016-12,대구,83.4,2016,12
2016-12,대전,69.1,2016,12
2016-12,부산,89.5,2016,12
2016-12,서울,82.0,2016,12
2016-12,세종,65.0,2016,12
2016-12,울산,101.0,2016,12
2016-12,인천,79.2,2016,12
2016-12,전남,93.4,2016,12
2016-12,전북,99.8,2016,12
2016-12,제주,99.7,2016,12
2016-12,충남,99.3,2016,12
2016-12,충북,104.4,2016,12
2017-01,강원,103.2,2017,1
2017-01,경기,77.3,2017,1
2017-01,경남,110.9,2017,1
2017-01,경북,109.8,2017,1
2017-01,광주,91.3,2017,1
2017-01,대구,83.3,2017,1
2017-01,대전,69.2,2017,1
2017-01,부산,89.8,2017,1
2017-01,서울,82.0,2017,1
2017-01,세종,65.0,2017,1
2017-01,울산,100.8,2017,1
2017-01,인천,79.2,2017,1
2017-01,전남,93.5,2017,1
2017-01,전북,99.9,2017,1
2017-01,제주,100.1,2017,1
2017-01,충남,99.1,2017,1
2017-01,충북,104.3,2017,1
2017-02,강원,103.4,2017,2
2017-02,경기,77.3,2017,2
2017-02,경남,110.8,2017,2
2017-02,경북,109.5,2017,2
2017-02,광주,91.4,2017,2
2017-02,대구,83.2,2017,2
2017-02,대전,69.3,2017,2
2017-02,부산,89.9,2017,2
2017-02,서울,82.1,2017,2
2017-02,세종,64.9,2017,2
2017-02,울산,100.7,2017,2
2017-02,인천,79.1,2017,2
2017-02,전남,93.5,2017,2
2017-02,전북,99.9,2017,2
2017-02,제주,100.2,2017,2
2017-02,충남,98.9,2017,2
2017-02,충북,104.2,2017,2
2017-03,강원,103.6,2017,3
2017-03,경기,77.3,2017,3
2017-03,경남,110.7,2017,3
2017-03,경북,109.1,2017,3
2017-03,광주,91.3,2017,3
2017-03,대구,83.1,2017,3
2017-03,대전,69.3,2017,3
2017-03,부산,90.1,2017,3
2017-03,서울,82.2,2017,3
2017-03,세종,64.9,2017,3
2017-03,울산,100.7,2017,3
2017-03,인천,79.2,2017,3
2017-03,전남,93.6,2017,3
2017-03,전북,100.0,2017,3
2017-03,제주,100.2,2017,3
2017-03,충남,98.7,2017,3
2017-03,충북,104.1,2017,3
2017-04,강원,104.0,2017,4
2017-04,경기,77.4,2017,4
2017-04,경남,110.5,2017,4
2017-04,경북,108.7,2017,4
2017-04,광주,91.4,2017,4
2017-04,대구,82.9,2017,4
2017-04,대전,69.4,2017,4
2017-04,부산,90.4,2017,4
2017-04,서울,82.5,2017,4
2017-04,세종,65.0,2017,4
2017-04,울산,100.6,2017,4
2017-04,인천,79.2,2017,4
2017-04,전남,93.8,2017,4
2017-04,전북,100.1,2017,4
2017-04,제주,100.2,2017,4
2017-04,충남,98.3,2017,4
2017-04,충북,103.9,2017,4
2017-05,강원,104.3,2017,5
2017-05,경기,77.6,2017,5
2017-05,경남,110.2,2017,5
2017-05,경북,108.3,2017,5
2017-05,광주,91.4,2017,5
2017-05,대구,82.7,2017,5
2017-05,대전,69.4,2017,5
2017-05,부산,90.7,2017,5
2017-05,서울,82.8,2017,5
2017-05,세종,65.5,2017,5
2017-05,울산,100.5,2017,5
2017-05,인천,79.3,2017,5
2017-05,전남,94.0,2017,5
2017-05,전북,100.2,2017,5
2017-05,제주,100.2,2017,5
2017-05,충남,98.1,2017,5
2017-05,충북,103.8,2017,5
2017-06,강원,104.5,2017,6
2017-06,경기,77.7,2017,6
2017-06,경남,109.9,2017,6
2017-06,경북,108.0,2017,6
2017-06,광주,91.3,2017,6
2017-06,대구,82.7,2017,6
2017-06,대전,69.4,2017,6
2017-06,부산,91.1,2017,6
2017-06,서울,83.7,2017,6
2017-06,세종,66.9,2017,6
2017-06,울산,100.3,2017,6
2017-06,인천,79.4,2017,6
2017-06,전남,94.2,2017,6
2017-06,전북,100.4,2017,6
2017-06,제주,100.0,2017,6
2017-06,충남,97.8,2017,6
2017-06,충북,103.6,2017,6
2017-07,강원,104.7,2017,7
2017-07,경기,77.9,2017,7
2017-07,경남,109.5,2017,7
2017-07,경북,107.6,2017,7
2017-07,광주,91.4,2017,7
2017-07,대구,82.7,2017,7
2017-07,대전,69.4,2017,7
2017-07,부산,91.3,2017,7
2017-07,서울,84.1,2017,7
2017-07,세종,67.4,2017,7
2017-07,울산,100.1,2017,7
2017-07,인천,79.5,2017,7
2017-07,전남,94.4,2017,7
2017-07,전북,100.5,2017,7
2017-07,제주,100.0,2017,7
2017-07,충남,97.7,2017,7
2017-07,충북,103.4,2017,7
2017-08,강원,104.9,2017,8
2017-08,경기,78.2,2017,8
2017-08,경남,108.9,2017,8
2017-08,경북,107.2,2017,8
2017-08,광주,91.5,2017,8
2017-08,대구,83.1,2017,8
2017-08,대전,69.6,2017,8
2017-08,부산,91.5,2017,8
2017-08,서울,84.6,2017,8
2017-08,세종,67.8,2017,8
2017-08,울산,99.8,2017,8
2017-08,인천,79.8,2017,8
2017-08,전남,94.7,2017,8
2017-08,전북,100.7,2017,8
2017-08,제주,100.3,2017,8
2017-08,충남,97.4,2017,8
2017-08,충북,103.1,2017,8
2017-09,강원,105.1,2017,9
2017-09,경기,78.4,2017,9
2017-09,경남,108.5,2017,9
2017-09,경북,106.9,2017,9
2017-09,광주,91.7,2017,9
2017-09,대구,83.3,2017,9
2017-09,대전,69.8,2017,9
2017-09,부산,91.5,2017,9
2017-09,서울,84.6,2017,9
2017-09,세종,67.8,2017,9
2017-09,울산,99.7,2017,9
2017-09,인천,80.1,2017,9
2017-09,전남,94.9,2017,9
2017-09,전북,100.9,2017,9
2017-09,제주,100.3,2017,9
2017-09,충남,97.2,2017,9
2017-09,충북,102.8,2017,9
2017-10,강원,105.4,2017,10
2017-10,경기,78.5,2017,10
2017-10,경남,107.9,2017,10
2017-10,경북,106.4,2017,10
2017-10,광주,91.9,2017,10
2017-10,대구,83.5,2017,10
2017-10,대전,69.9,2017,10
2017-10,부산,91.5,2017,10
2017-10,서울,84.8,2017,10
2017-10,세종,67.8,2017,10
2017-10,울산,99.4,2017,10
2017-10,인천,80.2,2017,10
2017-10,전남,95.1,2017,10
2017-10,전북,101.1,2017,10
2017-10,제주,100.3,2017,10
2017-10,충남,97.1,2017,10
2017-10,충북,102.7,2017,10
2017-11,강원,105.6,2017,11
2017-11,경기,78.6,2017,11
2017-11,경남,107.2,2017,11
2017-11,경북,105.9,2017,11
2017-11,광주,91.9,2017,11
2017-11,대구,83.7,2017,11
2017-11,대전,70.1,2017,11
2017-11,부산,91.4,2017,11
2017-11,서울,85.2,2017,11
2017-11,세종,67.8,2017,11
2017-11,울산,99.0,2017,11
2017-11,인천,80.4,2017,11
2017-11,전남,95.4,2017,11
2017-11,전북,101.2,2017,11
2017-11,제주,100.3,2017,11
2017-11,충남,96.8,2017,11
2017-11,충북,102.5,2017,11
2017-12,강원,105.5,2017,12
2017-12,경기,78.6,2017,12
2017-12,경남,106.8,2017,12
2017-12,경북,105.5,2017,12
2017-12,광주,92.0,2017,12
2017-12,대구,83.9,2017,12
2017-12,대전,70.2,2017,12
2017-12,부산,91.3,2017,12
2017-12,서울,85.9,2017,12
2017-12,세종,67.7,2017,12
2017-12,울산,98.7,2017,12
2017-12,인천,80.4,2017,12
2017-12,전남,95.5,2017,12
2017-12,전북,101.3,2017,12
2017-12,제주,100.1,2017,12
2017-12,충남,96.6,2017,12
2017-12,충북,102.3,2017,12
2018-01,강원,105.3,2018,1
2018-01,경기,78.7,2018,1
2018-01,경남,106.2,2018,1
2018-01,경북,105.0,2018,1
2018-01,광주,92.1,2018,1
2018-01,대구,84.1,2018,1
2018-01,대전,70.3,2018,1
2018-01,부산,91.1,2018,1
2018-01,서울,87.0,2018,1
2018-01,세종,67.8,2018,1
2018-01,울산,98.2,2018,1
2018-01,인천,80.4,2018,1
2018-01,전남,95.7,2018,1
2018-01,전북,101.2,2018,1
2018-01,제주,99.7,2018,1
2018-01,충남,96.4,2018,1
2018-01,충북,101.9,2018,1
2018-02,강원,105.3,2018,2
2018-02,경기,78.9,2018,2
2018-02,경남,105.6,2018,2
2018-02,경북,104.6,2018,2
2018-02,광주,92.3,2018,2
2018-02,대구,84.2,2018,2
2018-02,대전,70.5,2018,2
2018-02,부산,90.9,2018,2
2018-02,서울,88.2,2018,2
2018-02,세종,67.9,2018,2
2018-02,울산,97.7,2018,2
2018-02,인천,80.5,2018,2
2018-02,전남,95.9,2018,2
2018-02,전북,101.1,2018,2
2018-02,제주,99.6,2018,2
2018-02,충남,96.0,2018,2
2018-02,충북,101.4,2018,2
2018-03,강원,105.3,2018,3
2018-03,경기,79.0,2018,3
2018-03,경남,105.1,2018,3
2018-03,경북,104.3,2018,3
2018-03,광주,92.5,2018,3
2018-03,대구,84.4,2018,3
2018-03,대전,70.5,2018,3
2018-03,부산,90.7,2018,3
2018-03,서울,88.9,2018,3
2018-03,세종,68.0,2018,3
2018-03,울산,97.3,2018,3
2018-03,인천,80.5,2018,3
2018-03,전남,96.1,2018,3
2018-03,전북,100.9,2018,3
2018-03,제주,99.7,2018,3
2018-03,충남,95.5,2018,3
2018-03,충북,101.2,2018,3
2018-04,강원,105.1,2018,4
2018-04,경기,79.1,2018,4
2018-04,경남,104.5,2018,4
2018-04,경북,103.8,2018,4
2018-04,광주,92.7,2018,4
2018-04,대구,84.6,2018,4
2018-04,대전,70.6,2018,4
2018-04,부산,90.5,2018,4
2018-04,서울,89.2,2018,4
2018-04,세종,68.2,2018,4
2018-04,울산,96.7,2018,4
2018-04,인천,80.5,2018,4
2018-04,전남,96.2,2018,4
2018-04,전북,100.8,2018,4
2018-04,제주,99.3,2018,4
2018-04,충남,95.0,2018,4
2018-04,충북,100.6,2018,4
2018-05,강원,104.6,2018,5
2018-05,경기,79.1,2018,5
2018-05,경남,103.5,2018,5
2018-05,경북,103.3,2018,5
2018-05,광주,92.9,2018,5
2018-05,대구,84.8,2018,5
2018-05,대전,70.5,2018,5
2018-05,부산,90.2,2018,5
2018-05,서울,89.4,2018,5
2018-05,세종,68.3,2018,5
2018-05,울산,95.7,2018,5
2018-05,인천,80.4,2018,5
2018-05,전남,96.2,2018,5
2018-05,전북,100.5,2018,5
2018-05,제주,99.0,2018,5
2018-05,충남,94.5,2018,5
2018-05,충북,100.0,2018,5
2018-06,강원,104.0,2018,6
2018-06,경기,79.1,2018,6
2018-06,경남,102.7,2018,6
2018-06,경북,102.8,2018,6
2018-06,광주,92.9,2018,6
2018-06,대구,84.9,2018,6
2018-06,대전,70.5,2018,6
2018-06,부산,89.9,2018,6
2018-06,서울,89.6,2018,6
2018-06,세종,68.4,2018,6
2018-06,울산,94.9,2018,6
2018-06,인천,80.4,2018,6
2018-06,전남,96.2,2018,6
2018-06,전북,100.2,2018,6
2018-06,제주,98.9,2018,6
2018-06,충남,94.1,2018,6
2018-06,충북,99.5,2018,6
2018-07,강원,103.5,2018,7
2018-07,경기,79.0,2018,7
2018-07,경남,101.8,2018,7
2018-07,경북,102.4,2018,7
2018-07,광주,93.1,2018,7
2018-07,대구,85.0,2018,7
2018-07,대전,70.5,2018,7
2018-07,부산,89.6,2018,7
2018-07,서울,89.9,2018,7
2018-07,세종,68.6,2018,7
2018-07,울산,93.9,2018,7
2018-07,인천,80.3,2018,7
2018-07,전남,96.2,2018,7
2018-07,전북,99.9,2018,7
2018-07,제주,98.8,2018,7
2018-07,충남,93.8,2018,7
2018-07,충북,99.0,2018,7
2018-08,강원,102.9,2018,8
2018-08,경기,79.0,2018,8
2018-08,경남,100.7,2018,8
2018-08,경북,101.7,2018,8
2018-08,광주,93.3,2018,8
2018-08,대구,85.2,2018,8
2018-08,대전,70.5,2018,8
2018-08,부산,89.2,2018,8
2018-08,서울,90.7,2018,8
2018-08,세종,68.6,2018,8
2018-08,울산,92.8,2018,8
2018-08,인천,80.0,2018,8
2018-08,전남,96.4,2018,8
2018-08,전북,99.7,2018,8
2018-08,제주,98.1,2018,8
2018-08,충남,93.3,2018,8
2018-08,충북,98.4,2018,8
2018-09,강원,102.4,2018,9
2018-09,경기,79.4,2018,9
2018-09,경남,99.7,2018,9
2018-09,경북,101.1,2018,9
2018-09,광주,93.9,2018,9
2018-09,대구,85.4,2018,9
2018-09,대전,70.6,2018,9
2018-09,부산,88.9,2018,9
2018-09,서울,92.3,2018,9
2018-09,세종,68.4,2018,9
2018-09,울산,92.0,2018,9
2018-09,인천,79.9,2018,9
2018-09,전남,96.5,2018,9
2018-09,전북,99.6,2018,9
2018-09,제주,97.8,2018,9
2018-09,충남,93.2,2018,9
2018-09,충북,97.9,2018,9
2018-10,강원,101.8,2018,10
2018-10,경기,79.8,2018,10
2018-10,경남,98.9,2018,10
2018-10,경북,100.5,2018,10
2018-10,광주,94.6,2018,10
2018-10,대구,85.9,2018,10
2018-10,대전,71.0,2018,10
2018-10,부산,88.7,2018,10
2018-10,서울,92.9,2018,10
2018-10,세종,68.4,2018,10
2018-10,울산,91.0,2018,10
2018-10,인천,80.0,2018,10
2018-10,전남,96.7,2018,10
2018-10,전북,99.6,2018,10
2018-10,제주,97.6,2018,10
2018-10,충남,92.8,2018,10
2018-10,충북,97.3,2018,10
2018-11,강원,101.1,2018,11
2018-11,경기,80.0,2018,11
2018-11,경남,98.3,2018,11
2018-11,경북,100.0,2018,11
2018-11,광주,94.9,2018,11
2018-11,대구,86.3,2018,11
2018-11,대전,71.5,2018,11
2018-11,부산,88.4,2018,11
2018-11,서울,92.9,2018,11
2018-11,세종,68.4,2018,11
2018-11,울산,89.9,2018,11
2018-11,인천,80.1,2018,11
2018-11,전남,97.0,2018,11
2018-11,전북,99.5,2018,11
2018-11,제주,97.4,2018,11
2018-11,충남,92.5,2018,11
2018-11,충북,96.7,2018,11
2018-12,강원,100.4,2018,12
2018-12,경기,80.0,2018,12
2018-12,경남,97.5,2018,12
2018-12,경북,99.3,2018,12
2018-12,광주,95.2,2018,12
2018-12,대구,86.5,2018,12
2018-12,대전,71.9,2018,12
2018-12,부산,88.0,2018,12
2018-12,서울,92.8,2018,12
2018-12,세종,68.4,2018,12
2018-12,울산,88.9,2018,12
2018-12,인천,80.3,2018,12
2018-12,전남,97.1,2018,12
2018-12,전북,99.4,2018,12
2018-12,제주,97.2,2018,12
2018-12,충남,92.2,2018,12
2018-12,충북,96.1,2018,12
2019-01,강원,99.9,2019,1
2019-01,경기,79.8,2019,1
2019-01,경남,96.9,2019,1
2019-01,경북,98.6,2019,1
2019-01,광주,95.3,2019,1
2019-01,대구,86.6,2019,1
2019-01,대전,72.1,2019,1
2019-01,부산,87.7,2019,1
2019-01,서울,92.4,2019,1
2019-01,세종,68.4,2019,1
2019-01,울산,88.0,2019,1
2019-01,인천,80.2,2019,1
2019-01,전남,97.2,2019,1
2019-01,전북,99.1,2019,1
2019-01,제주,96.9,2019,1
2019-01,충남,91.8,2019,1
2019-01,충북,95.4,2019,1
2019-02,강원,99.5,2019,2
2019-02,경기,79.6,2019,2
2019-02,경남,96.4,2019,2
2019-02,경북,98.1,2019,2
2019-02,광주,95.4,2019,2
2019-02,대구,86.5,2019,2
2019-02,대전,72.2,2019,2
2019-02,부산,87.5,2019,2
2019-02,서울,92.1,2019,2
2019-02,세종,68.3,2019,2
2019-02,울산,87.5,2019,2
2019-02,인천,80.2,2019,2
2019-02,전남,97.3,2019,2
2019-02,전북,98.9,2019,2
2019-02,제주,96.7,2019,2
2019-02,충남,91.5,2019,2
2019-02,충북,95.0,2019,2
2019-03,강원,99.0,2019,3
2019-03,경기,79.4,2019,3
2019-03,경남,96.0,2019,3
2019-03,경북,97.6,2019,3
2019-03,광주,95.4,2019,3
2019-03,대구,86.5,2019,3
2019-03,대전,72.2,2019,3
2019-03,부산,87.2,2019,3
2019-03,서울,91.7,2019,3
2019-03,세종,68.1,2019,3
2019-03,울산,87.0,2019,3
2019-03,인천,80.1,2019,3
2019-03,전남,97.3,2019,3
2019-03,전북,98.5,2019,3
2019-03,제주,96.5,2019,3
2019-03,충남,91.1,2019,3
2019-03,충북,94.4,2019,3
2019-04,강원,98.5,2019,4
2019-04,경기,79.0,2019,4
2019-04,경남,95.4,2019,4
2019-04,경북,96.8,2019,4
2019-04,광주,95.4,2019,4
2019-04,대구,86.4,2019,4
2019-04,대전,72.2,2019,4
2019-04,부산,86.8,2019,4
2019-04,서울,91.4,2019,4
2019-04,세종,67.5,2019,4
2019-04,울산,86.3,2019,4
2019-04,인천,80.0,2019,4
2019-04,전남,97.4,2019,4
2019-04,전북,98.0,2019,4
2019-04,제주,96.4,2019,4
2019-04,충남,90.7,2019,4
2019-04,충북,93.7,2019,4
2019-05,강원,97.7,2019,5
2019-05,경기,78.7,2019,5
2019-05,경남,94.9,2019,5
2019-05,경북,96.3,2019,5
2019-05,광주,95.3,2019,5
2019-05,대구,86.4,2019,5
2019-05,대전,72.3,2019,5
2019-05,부산,86.5,2019,5
2019-05,서울,91.2,2019,5
2019-05,세종,67.3,2019,5
2019-05,울산,85.9,2019,5
2019-05,인천,80.0,2019,5
2019-05,전남,97.3,2019,5
2019-05,전북,97.7,2019,5
2019-05,제주,96.3,2019,5
2019-05,충남,90.3,2019,5
2019-05,충북,93.1,2019,5
2019-06,강원,97.1,2019,6
2019-06,경기,78.5,2019,6
2019-06,경남,94.4,2019,6
2019-06,경북,95.7,2019,6
2019-06,광주,95.1,2019,6
2019-06,대구,86.2,2019,6
2019-06,대전,72.6,2019,6
2019-06,부산,86.2,2019,6
2019-06,서울,91.1,2019,6
2019-06,세종,66.9,2019,6
2019-06,울산,85.4,2019,6
2019-06,인천,79.9,2019,6
2019-06,전남,97.2,2019,6
2019-06,전북,97.3,2019,6
2019-06,제주,96.2,2019,6
2019-06,충남,90.1,2019,6
2019-06,충북,92.3,2019,6
2019-07,강원,96.4,2019,7
2019-07,경기,78.3,2019,7
2019-07,경남,93.7,2019,7
2019-07,경북,95.3,2019,7
2019-07,광주,95.0,2019,7
2019-07,대구,86.1,2019,7
2019-07,대전,72.8,2019,7
2019-07,부산,85.9,2019,7
2019-07,서울,91.2,2019,7
2019-07,세종,66.5,2019,7
2019-07,울산,85.1,2019,7
2019-07,인천,79.9,2019,7
2019-07,전남,97.2,2019,7
2019-07,전북,96.9,2019,7
2019-07,제주,95.7,2019,7
2019-07,충남,89.8,2019,7
2019-07,충북,91.7,2019,7
2019-08,강원,95.5,2019,8
2019-08,경기,78.3,2019,8
2019-08,경남,93.1,2019,8
2019-08,경북,94.8,2019,8
2019-08,광주,94.8,2019,8
2019-08,대구,86.0,2019,8
2019-08,대전,73.5,2019,8
2019-08,부산,85.6,2019,8
2019-08,서울,91.3,2019,8
2019-08,세종,66.4,2019,8
2019-08,울산,84.9,2019,8
2019-08,인천,79.7,2019,8
2019-08,전남,97.2,2019,8
2019-08,전북,96.5,2019,8
2019-08,제주,95.3,2019,8
2019-08,충남,89.5,2019,8
2019-08,충북,91.2,2019,8
2019-09,강원,94.7,2019,9
2019-09,경기,78.4,2019,9
2019-09,경남,92.6,2019,9
2019-09,경북,94.4,2019,9
2019-09,광주,94.8,2019,9
2019-09,대구,86.0,2019,9
2019-09,대전,74.4,2019,9
2019-09,부산,85.4,2019,9
2019-09,서울,91.5,2019,9
2019-09,세종,66.3,2019,9
2019-09,울산,84.7,2019,9
2019-09,인천,79.8,2019,9
2019-09,전남,97.2,2019,9
2019-09,전북,96.0,2019,9
2019-09,제주,94.9,2019,9
2019-09,충남,89.4,2019,9
2019-09,충북,90.9,2019,9
2019-10,강원,94.4,2019,10
2019-10,경기,78.5,2019,10
2019-10,경남,92.2,2019,10
2019-10,경북,94.0,2019,10
2019-10,광주,94.7,2019,10
2019-10,대구,86.1,2019,10
2019-10,대전,75.5,2019,10
2019-10,부산,85.2,2019,10
2019-10,서울,92.0,2019,10
2019-10,세종,66.3,2019,10
2019-10,울산,84.8,2019,10
2019-10,인천,79.9,2019,10
2019-10,전남,97.3,2019,10
2019-10,전북,95.7,2019,10
2019-10,제주,94.5,2019,10
2019-10,충남,89.3,2019,10
2019-10,충북,90.5,2019,10
2019-11,강원,94.2,2019,11
2019-11,경기,78.8,2019,11
2019-11,경남,92.0,2019,11
2019-11,경북,93.7,2019,11
2019-11,광주,94.8,2019,11
2019-11,대구,86.2,2019,11
2019-11,대전,76.7,2019,11
2019-11,부산,85.2,2019,11
2019-11,서울,92.7,2019,11
2019-11,세종,66.3,2019,11
2019-11,울산,85.1,2019,11
2019-11,인천,80.1,2019,11
2019-11,전남,97.3,2019,11
2019-11,전북,95.4,2019,11
2019-11,제주,94.0,2019,11
2019-11,충남,89.2,2019,11
2019-11,충북,90.2,2019,11
2019-12,강원,93.8,2019,12
2019-12,경기,79.3,2019,12
2019-12,경남,92.1,2019,12
2019-12,경북,93.4,2019,12
2019-12,광주,94.8,2019,12
2019-12,대구,86.4,2019,12
2019-12,대전,77.7,2019,12
2019-12,부산,85.6,2019,12
2019-12,서울,93.8,2019,12
2019-12,세종,67.0,2019,12
2019-12,울산,85.6,2019,12
2019-12,인천,80.5,2019,12
2019-12,전남,97.2,2019,12
2019-12,전북,95.2,2019,12
2019-12,제주,93.7,2019,12
2019-12,충남,89.3,2019,12
2019-12,충북,90.1,2019,12
2020-01,강원,93.5,2020,1
2020-01,경기,79.9,2020,1
2020-01,경남,92.2,2020,1
2020-01,경북,93.1,2020,1
2020-01,광주,94.9,2020,1
2020-01,대구,86.8,2020,1
2020-01,대전,79.0,2020,1
2020-01,부산,85.8,2020,1
2020-01,서울,94.2,2020,1
2020-01,세종,68.5,2020,1
2020-01,울산,86.0,2020,1
2020-01,인천,80.7,2020,1
2020-01,전남,97.3,2020,1
2020-01,전북,95.2,2020,1
2020-01,제주,93.4,2020,1
2020-01,충남,89.3,2020,1
2020-01,충북,90.1,2020,1
2020-02,강원,93.4,2020,2
2020-02,경기,80.8,2020,2
2020-02,경남,92.3,2020,2
2020-02,경북,92.9,2020,2
2020-02,광주,94.9,2020,2
2020-02,대구,87.1,2020,2
2020-02,대전,80.1,2020,2
2020-02,부산,85.9,2020,2
2020-02,서울,94.3,2020,2
2020-02,세종,70.1,2020,2
2020-02,울산,86.5,2020,2
2020-02,인천,81.1,2020,2
2020-02,전남,97.3,2020,2
2020-02,전북,95.2,2020,2
2020-02,제주,93.2,2020,2
2020-02,충남,89.4,2020,2
2020-02,충북,90.1,2020,2
2020-03,강원,93.4,2020,3
2020-03,경기,82.3,2020,3
2020-03,경남,92.5,2020,3
2020-03,경북,92.8,2020,3
2020-03,광주,95.0,2020,3
2020-03,대구,87.1,2020,3
2020-03,대전,81.4,2020,3
2020-03,부산,85.9,2020,3
2020-03,서울,94.4,2020,3
2020-03,세종,73.7,2020,3
2020-03,울산,86.9,2020,3
2020-03,인천,83.1,2020,3
2020-03,전남,97.3,2020,3
2020-03,전북,95.3,2020,3
2020-03,제주,93.0,2020,3
2020-03,충남,89.4,2020,3
2020-03,충북,90.2,2020,3
2020-04,강원,93.4,2020,4
2020-04,경기,83.1,2020,4
2020-04,경남,92.5,2020,4
2020-04,경북,92.6,2020,4
2020-04,광주,94.9,2020,4
2020-04,대구,86.9,2020,4
2020-04,대전,82.3,2020,4
2020-04,부산,85.8,2020,4
2020-04,서울,94.3,2020,4
2020-04,세종,75.0,2020,4
2020-04,울산,87.1,2020,4
2020-04,인천,84.3,2020,4
2020-04,전남,97.2,2020,4
2020-04,전북,95.3,2020,4
2020-04,제주,92.7,2020,4
2020-04,충남,89.3,2020,4
2020-04,충북,90.2,2020,4
2020-05,강원,93.4,2020,5
2020-05,경기,83.5,2020,5
2020-05,경남,92.4,2020,5
2020-05,경북,92.5,2020,5
2020-05,광주,94.9,2020,5
2020-05,대구,86.9,2020,5
2020-05,대전,82.7,2020,5
2020-05,부산,85.7,2020,5
2020-05,서울,94.1,2020,5
2020-05,세종,75.3,2020,5
2020-05,울산,87.2,2020,5
2020-05,인천,85.0,2020,5
2020-05,전남,97.2,2020,5
2020-05,전북,95.3,2020,5
2020-05,제주,92.4,2020,5
2020-05,충남,89.3,2020,5
2020-05,충북,90.4,2020,5
2020-06,강원,93.6,2020,6
2020-06,경기,84.3,2020,6
2020-06,경남,92.6,2020,6
2020-06,경북,92.4,2020,6
2020-06,광주,94.8,2020,6
2020-06,대구,87.1,2020,6
2020-06,대전,85.1,2020,6
2020-06,부산,85.7,2020,6
2020-06,서울,94.3,2020,6
2020-06,세종,77.2,2020,6
2020-06,울산,87.5,2020,6
2020-06,인천,86.0,2020,6
2020-06,전남,97.3,2020,6
2020-06,전북,95.4,2020,6
2020-06,제주,92.2,2020,6
2020-06,충남,89.5,2020,6
2020-06,충북,92.8,2020,6
2020-07,강원,94.1,2020,7
2020-07,경기,85.4,2020,7
2020-07,경남,93.1,2020,7
2020-07,경북,92.7,2020,7
2020-07,광주,94.8,2020,7
2020-07,대구,87.3,2020,7
2020-07,대전,86.0,2020,7
2020-07,부산,86.4,2020,7
2020-07,서울,95.3,2020,7
2020-07,세종,82.3,2020,7
2020-07,울산,88.0,2020,7
2020-07,인천,86.5,2020,7
2020-07,전남,97.4,2020,7
2020-07,전북,95.7,2020,7
2020-07,제주,92.0,2020,7
2020-07,충남,90.3,2020,7
2020-07,충북,93.5,2020,7
2020-08,강원,94.4,2020,8
2020-08,경기,86.2,2020,8
2020-08,경남,93.4,2020,8
2020-08,경북,93.1,2020,8
2020-08,광주,94.8,2020,8
2020-08,대구,87.8,2020,8
2020-08,대전,86.8,2020,8
2020-08,부산,86.9,2020,8
2020-08,서울,95.8,2020,8
2020-08,세종,89.8,2020,8
2020-08,울산,88.5,2020,8
2020-08,인천,86.7,2020,8
2020-08,전남,97.7,2020,8
2020-08,전북,95.8,2020,8
2020-08,제주,91.9,2020,8
2020-08,충남,91.2,2020,8
2020-08,충북,93.6,2020,8
2020-09,강원,94.6,2020,9
2020-09,경기,86.8,2020,9
2020-09,경남,93.5,2020,9
2020-09,경북,93.4,2020,9
2020-09,광주,94.9,2020,9
2020-09,대구,88.6,2020,9
2020-09,대전,88.1,2020,9
2020-09,부산,87.6,2020,9
2020-09,서울,96.1,2020,9
2020-09,세종,93.9,2020,9
2020-09,울산,89.2,2020,9
2020-09,인천,86.9,2020,9
2020-09,전남,97.9,2020,9
2020-09,전북,96.0,2020,9
2020-09,제주,91.8,2020,9
2020-09,충남,91.9,2020,9
2020-09,충북,93.6,2020,9
2020-10,강원,94.9,2020,10
2020-10,경기,87.3,2020,10
2020-10,경남,93.6,2020,10
2020-10,경북,93.5,2020,10
2020-10,광주,94.9,2020,10
2020-10,대구,89.4,2020,10
2020-10,대전,89.1,2020,10
2020-10,부산,88.1,2020,10
2020-10,서울,96.2,2020,10
2020-10,세종,95.3,2020,10
2020-10,울산,90.0,2020,10
2020-10,인천,87.1,2020,10
2020-10,전남,98.1,2020,10
2020-10,전북,96.2,2020,10
2020-10,제주,91.7,2020,10
2020-10,충남,92.3,2020,10
2020-10,충북,93.7,2020,10
2020-11,강원,95.3,2020,11
2020-11,경기,88.2,2020,11
2020-11,경남,94.2,2020,11
2020-11,경북,93.8,2020,11
2020-11,광주,95.2,2020,11
2020-11,대구,90.6,2020,11
2020-11,대전,90.2,2020,11
2020-11,부산,89.7,2020,11
2020-11,서울,96.4,2020,11
2020-11,세종,96.2,2020,11
2020-11,울산,91.4,2020,11
2020-11,인천,87.6,2020,11
2020-11,전남,98.5,2020,11
2020-11,전북,96.5,2020,11
2020-11,제주,91.7,2020,11
2020-11,충남,92.9,2020,11
2020-11,충북,93.9,2020,11
2020-12,강원,95.8,2020,12
2020-12,경기,89.4,2020,12
2020-12,경남,96.1,2020,12
2020-12,경북,94.7,2020,12
2020-12,광주,96.4,2020,12
2020-12,대구,92.6,2020,12
2020-12,대전,91.8,2020,12
2020-12,부산,92.4,2020,12
2020-12,서울,96.6,2020,12
2020-12,세종,97.1,2020,12
2020-12,울산,94.6,2020,12
2020-12,인천,88.2,2020,12
2020-12,전남,98.9,2020,12
2020-12,전북,97.7,2020,12
2020-12,제주,91.8,2020,12
2020-12,충남,94.1,2020,12
2020-12,충북,94.8,2020,12
2021-01,강원,96.5,2021,1
2021-01,경기,90.7,2021,1
2021-01,경남,97.1,2021,1
2021-01,경북,95.8,2021,1
2021-01,광주,97.0,2021,1
2021-01,대구,94.0,2021,1
2021-01,대전,93.2,2021,1
2021-01,부산,94.2,2021,1
2021-01,서울,97.0,2021,1
2021-01,세종,98.0,2021,1
2021-01,울산,96.6,2021,1
2021-01,인천,89.2,2021,1
2021-01,전남,99.0,2021,1
2021-01,전북,97.9,2021,1
2021-01,제주,92.2,2021,1
2021-01,충남,95.1,2021,1
2021-01,충북,95.4,2021,1
2021-02,강원,97.3,2021,2
2021-02,경기,92.8,2021,2
2021-02,경남,97.7,2021,2
2021-02,경북,96.8,2021,2
2021-02,광주,97.4,2021,2
2021-02,대구,95.6,2021,2
2021-02,대전,94.7,2021,2
2021-02,부산,95.5,2021,2
2021-02,서울,97.7,2021,2
2021-02,세종,98.9,2021,2
2021-02,울산,97.7,2021,2
2021-02,인천,90.8,2021,2
2021-02,전남,99.1,2021,2
2021-02,전북,98.1,2021,2
2021-02,제주,92.8,2021,2
2021-02,충남,96.0,2021,2
2021-02,충북,96.1,2021,2
2021-03,강원,98.0,2021,3
2021-03,경기,94.5,2021,3
2021-03,경남,98.1,2021,3
2021-03,경북,97.5,2021,3
2021-03,광주,97.8,2021,3
2021-03,대구,97.0,2021,3
2021-03,대전,96.2,2021,3
2021-03,부산,96.3,2021,3
2021-03,서울,98.1,2021,3
2021-03,세종,99.6,2021,3
2021-03,울산,98.3,2021,3
2021-03,인천,92.6,2021,3
2021-03,전남,99.2,2021,3
2021-03,전북,98.2,2021,3
2021-03,제주,93.2,2021,3
2021-03,충남,96.8,2021,3
2021-03,충북,96.8,2021,3
2021-04,강원,98.6,2021,4
2021-04,경기,96.0,2021,4
2021-04,경남,98.7,2021,4
2021-04,경북,98.2,2021,4
2021-04,광주,98.3,2021,4
2021-04,대구,98.0,2021,4
2021-04,대전,97.4,2021,4
2021-04,부산,97.0,2021,4
2021-04,서울,98.6,2021,4
2021-04,세종,100.0,2021,4
2021-04,울산,98.7,2021,4
2021-04,인천,94.7,2021,4
2021-04,전남,99.3,2021,4
2021-04,전북,98.6,2021,4
2021-04,제주,93.8,2021,4
2021-04,충남,97.9,2021,4
2021-04,충북,97.7,2021,4
2021-05,강원,99.2,2021,5
2021-05,경기,97.4,2021,5
2021-05,경남,99.2,2021,5
2021-05,경북,99.0,2021,5
2021-05,광주,98.8,2021,5
2021-05,대구,99.0,2021,5
2021-05,대전,98.6,2021,5
2021-05,부산,98.0,2021,5
2021-05,서울,99.0,2021,5
2021-05,세종,100.1,2021,5
2021-05,울산,99.1,2021,5
2021-05,인천,96.8,2021,5
2021-05,전남,99.5,2021,5
2021-05,전북,99.1,2021,5
2021-05,제주,95.7,2021,5
2021-05,충남,98.8,2021,5
2021-05,충북,98.6,2021,5
2021-06,강원,100.0,2021,6
2021-06,경기,100.0,2021,6
2021-06,경남,100.0,2021,6
2021-06,경북,100.0,2021,6
2021-06,광주,100.0,2021,6
2021-06,대구,100.0,2021,6
2021-06,대전,100.0,2021,6
2021-06,부산,100.0,2021,6
2021-06,서울,100.0,2021,6
2021-06,세종,100.0,2021,6
2021-06,울산,100.0,2021,6
2021-06,인천,100.0,2021,6
2021-06,전남,100.0,2021,6
2021-06,전북,100.0,2021,6
2021-06,제주,100.0,2021,6
2021-06,충남,100.0,2021,6
2021-06,충북,100.0,2021,6
2021-07,강원,100.7,2021,7
2021-07,경기,102.0,2021,7
2021-07,경남,100.6,2021,7
2021-07,경북,100.7,2021,7
2021-07,광주,100.9,2021,7
2021-07,대구,100.4,2021,7
2021-07,대전,101.0,2021,7
2021-07,부산,101.1,2021,7
2021-07,서울,100.8,2021,7
2021-07,세종,99.8,2021,7
2021-07,울산,100.9,2021,7
2021-07,인천,102.0,2021,7
2021-07,전남,100.4,2021,7
2021-07,전북,101.0,2021,7
2021-07,제주,101.9,2021,7
2021-07,충남,101.0,2021,7
2021-07,충북,101.1,2021,7
2021-08,강원,101.7,2021,8
2021-08,경기,104.3,2021,8
2021-08,경남,101.5,2021,8
2021-08,경북,101.5,2021,8
2021-08,광주,101.9,2021,8
2021-08,대구,100.7,2021,8
2021-08,대전,102.3,2021,8
2021-08,부산,102.3,2021,8
2021-08,서울,101.7,2021,8
2021-08,세종,99.5,2021,8
2021-08,울산,101.8,2021,8
2021-08,인천,104.0,2021,8
2021-08,전남,100.8,2021,8
2021-08,전북,102.0,2021,8
2021-08,제주,104.2,2021,8
2021-08,충남,102.2,2021,8
2021-08,충북,102.4,2021,8
2021-09,강원,102.7,2021,9
2021-09,경기,106.3,2021,9
2021-09,경남,102.4,2021,9
2021-09,경북,102.1,2021,9
2021-09,광주,102.9,2021,9
2021-09,대구,100.8,2021,9
2021-09,대전,103.4,2021,9
2021-09,부산,103.3,2021,9
2021-09,서울,102.7,2021,9
2021-09,세종,99.3,2021,9
2021-09,울산,102.7,2021,9
2021-09,인천,106.0,2021,9
2021-09,전남,101.3,2021,9
2021-09,전북,103.1,2021,9
2021-09,제주,105.6,2021,9
2021-09,충남,103.4,2021,9
2021-09,충북,103.6,2021,9
2021-10,강원,103.6,2021,10
2021-10,경기,108.0,2021,10
2021-10,경남,103.7,2021,10
2021-10,경북,102.9,2021,10
2021-10,광주,104.1,2021,10
2021-10,대구,100.8,2021,10
2021-10,대전,104.4,2021,10
2021-10,부산,104.5,2021,10
2021-10,서울,103.5,2021,10
2021-10,세종,99.2,2021,10
2021-10,울산,103.6,2021,10
2021-10,인천,108.0,2021,10
2021-10,전남,101.7,2021,10
2021-10,전북,104.0,2021,10
2021-10,제주,107.1,2021,10
2021-10,충남,104.9,2021,10
2021-10,충북,105.2,2021,10
2021-11,강원,104.6,2021,11
2021-11,경기,109.1,2021,11
2021-11,경남,104.8,2021,11
2021-11,경북,103.5,2021,11
2021-11,광주,105.1,2021,11
2021-11,대구,100.7,2021,11
2021-11,대전,105.1,2021,11
2021-11,부산,105.4,2021,11
2021-11,서울,104.1,2021,11
2021-11,세종,98.4,2021,11
2021-11,울산,104.2,2021,11
2021-11,인천,109.3,2021,11
2021-11,전남,102.0,2021,11
2021-11,전북,104.8,2021,11
2021-11,제주,108.2,2021,11
2021-11,충남,106.0,2021,11
2021-11,충북,106.4,2021,11
2021-12,강원,105.1,2021,12
2021-12,경기,109.5,2021,12
2021-12,경남,105.4,2021,12
2021-12,경북,104.0,2021,12
2021-12,광주,105.7,2021,12
2021-12,대구,100.6,2021,12
2021-12,대전,105.2,2021,12
2021-12,부산,105.6,2021,12
2021-12,서울,104.4,2021,12
2021-12,세종,96.3,2021,12
2021-12,울산,104.4,2021,12
2021-12,인천,109.8,2021,12
2021-12,전남,102.1,2021,12
2021-12,전북,105.4,2021,12
2021-12,제주,108.8,2021,12
2021-12,충남,106.7,2021,12
2021-12,충북,106.9,2021,12
2022-01,강원,105.4,2022,1
2022-01,경기,109.5,2022,1
2022-01,경남,105.7,2022,1
2022-01,경북,104.3,2022,1
2022-01,광주,106.2,2022,1
2022-01,대구,100.2,2022,1
2022-01,대전,105.1,2022,1
2022-01,부산,105.7,2022,1
2022-01,서울,104.4,2022,1
2022-01,세종,95.4,2022,1
2022-01,울산,104.5,2022,1
2022-01,인천,109.9,2022,1
2022-01,전남,102.1,2022,1
2022-01,전북,105.7,2022,1
2022-01,제주,109.2,2022,1
2022-01,충남,107.0,2022,1
2022-01,충북,107.2,2022,1
2022-02,강원,105.6,2022,2
2022-02,경기,109.4,2022,2
2022-02,경남,106.0,2022,2
2022-02,경북,104.4,2022,2
2022-02,광주,106.4,2022,2
2022-02,대구,99.8,2022,2
2022-02,대전,104.9,2022,2
2022-02,부산,105.7,2022,2
2022-02,서울,104.3,2022,2
2022-02,세종,94.7,2022,2
2022-02,울산,104.4,2022,2
2022-02,인천,109.9,2022,2
2022-02,전남,102.1,2022,2
2022-02,전북,106.0,2022,2
2022-02,제주,109.5,2022,2
2022-02,충남,107.1,2022,2
2022-02,충북,107.3,2022,2
2022-03,강원,105.8,2022,3
2022-03,경기,109.3,2022,3
2022-03,경남,106.4,2022,3
2022-03,경북,104.5,2022,3
2022-03,광주,106.6,2022,3
2022-03,대구,99.1,2022,3
2022-03,대전,104.6,2022,3
2022-03,부산,105.7,2022,3
2022-03,서울,104.2,2022,3
2022-03,세종,94.0,2022,3
2022-03,울산,104.3,2022,3
2022-03,인천,109.7,2022,3
2022-03,전남,101.9,2022,3
2022-03,전북,106.3,2022,3
2022-03,제주,109.7,2022,3
2022-03,충남,107.2,2022,3
2022-03,충북,107.4,2022,3
2022-04,강원,106.1,2022,4
2022-04,경기,109.2,2022,4
2022-04,경남,106.8,2022,4
2022-04,경북,104.6,2022,4
2022-04,광주,106.8,2022,4
2022-04,대구,98.5,2022,4
2022-04,대전,104.4,2022,4
2022-04,부산,105.8,2022,4
2022-04,서울,104.2,2022,4
2022-04,세종,93.3,2022,4
2022-04,울산,104.3,2022,4
2022-04,인천,109.7,2022,4
2022-04,전남,101.8,2022,4
2022-04,전북,106.8,2022,4
2022-04,제주,109.8,2022,4
2022-04,충남,107.0,2022,4
2022-04,충북,107.5,2022,4
2022-05,강원,106.3,2022,5
2022-05,경기,109.1,2022,5
2022-05,경남,107.1,2022,5
2022-05,경북,104.7,2022,5
2022-05,광주,107.0,2022,5
2022-05,대구,97.7,2022,5
2022-05,대전,104.1,2022,5
2022-05,부산,105.8,2022,5
2022-05,서울,104.2,2022,5
2022-05,세종,92.8,2022,5
2022-05,울산,104.4,2022,5
2022-05,인천,109.4,2022,5
2022-05,전남,101.7,2022,5
2022-05,전북,107.5,2022,5
2022-05,제주,110.0,2022,5
2022-05,충남,106.8,2022,5
2022-05,충북,107.7,2022,5
2022-06,강원,106.5,2022,6
2022-06,경기,108.9,2022,6
2022-06,경남,107.2,2022,6
2022-06,경북,104.8,2022,6
2022-06,광주,107.1,2022,6
2022-06,대구,97.0,2022,6
2022-06,대전,103.9,2022,6
2022-06,부산,105.8,2022,6
2022-06,서울,104.1,2022,6
2022-06,세종,92.0,2022,6
2022-06,울산,104.3,2022,6
2022-06,인천,109.2,2022,6
2022-06,전남,101.4,2022,6
2022-06,전북,108.0,2022,6
2022-06,제주,110.2,2022,6
2022-06,충남,106.7,2022,6
2022-06,충북,107.7,2022,6
2022-07,강원,106.5,2022,7
2022-07,경기,108.6,2022,7
2022-07,경남,107.2,2022,7
2022-07,경북,104.7,2022,7
2022-07,광주,107.1,2022,7
2022-07,대구,96.5,2022,7
2022-07,대전,103.5,2022,7
2022-07,부산,105.6,2022,7
2022-07,서울,103.9,2022,7
2022-07,세종,91.3,2022,7
2022-07,울산,104.1,2022,7
2022-07,인천,108.8,2022,7
2022-07,전남,101.2,2022,7
2022-07,전북,108.4,2022,7
2022-07,제주,110.3,2022,7
2022-07,충남,106.6,2022,7
2022-07,충북,107.7,2022,7
2022-08,강원,106.5,2022,8
2022-08,경기,107.8,2022,8
2022-08,경남,106.9,2022,8
2022-08,경북,104.5,2022,8
2022-08,광주,106.9,2022,8
2022-08,대구,95.6,2022,8
2022-08,대전,102.8,2022,8
2022-08,부산,105.2,2022,8
2022-08,서울,103.4,2022,8
2022-08,세종,90.2,2022,8
2022-08,울산,103.5,2022,8
2022-08,인천,107.7,2022,8
2022-08,전남,100.9,2022,8
2022-08,전북,108.5,2022,8
2022-08,제주,110.2,2022,8
2022-08,충남,106.3,2022,8
2022-08,충북,107.4,2022,8
2022-09,강원,106.3,2022,9
2022-09,경기,106.7,2022,9
2022-09,경남,106.5,2022,9
2022-09,경북,104.2,2022,9
2022-09,광주,106.2,2022,9
2022-09,대구,94.6,2022,9
2022-09,대전,101.5,2022,9
2022-09,부산,104.3,2022,9
2022-09,서울,102.6,2022,9
2022-09,세종,88.7,2022,9
2022-09,울산,102.5,2022,9
2022-09,인천,106.3,2022,9
2022-09,전남,100.5,2022,9
2022-09,전북,108.3,2022,9
2022-09,제주,110.0,2022,9
2022-09,충남,105.9,2022,9
2022-09,충북,107.1,2022,9
2022-10,강원,105.9,2022,10
2022-10,경기,105.0,2022,10
2022-10,경남,105.4,2022,10
2022-10,경북,103.7,2022,10
2022-10,광주,105.4,2022,10
2022-10,대구,93.3,2022,10
2022-10,대전,100.0,2022,10
2022-10,부산,103.2,2022,10
2022-10,서울,101.4,2022,10
2022-10,세종,87.1,2022,10
2022-10,울산,101.4,2022,10
2022-10,인천,104.3,2022,10
2022-10,전남,99.9,2022,10
2022-10,전북,108.0,2022,10
2022-10,제주,109.6,2022,10
2022-10,충남,105.2,2022,10
2022-10,충북,106.4,2022,10
2022-11,강원,105.3,2022,11
2022-11,경기,102.3,2022,11
2022-11,경남,103.4,2022,11
2022-11,경북,102.7,2022,11
2022-11,광주,103.5,2022,11
2022-11,대구,91.3,2022,11
2022-11,대전,97.8,2022,11
2022-11,부산,101.2,2022,11
2022-11,서울,99.3,2022,11
2022-11,세종,84.8,2022,11
2022-11,울산,99.0,2022,11
2022-11,인천,100.8,2022,11
2022-11,전남,99.0,2022,11
2022-11,전북,106.5,2022,11
2022-11,제주,109.1,2022,11
2022-11,충남,104.3,2022,11
2022-11,충북,105.5,2022,11
2022-12,강원,104.4,2022,12
2022-12,경기,98.4,2022,12
2022-12,경남,100.6,2022,12
2022-12,경북,101.0,2022,12
2022-12,광주,101.4,2022,12
2022-12,대구,88.1,2022,12
2022-12,대전,94.9,2022,12
2022-12,부산,98.7,2022,12
2022-12,서울,96.3,2022,12
2022-12,세종,79.8,2022,12
2022-12,울산,96.8,2022,12
2022-12,인천,96.1,2022,12
2022-12,전남,97.8,2022,12
2022-12,전북,104.8,2022,12
2022-12,제주,107.3,2022,12
2022-12,충남,103.1,2022,12
2022-12,충북,103.9,2022,12
2023-01,강원,103.9,2023,1
2023-01,경기,95.5,2023,1
2023-01,경남,98.6,2023,1
2023-01,경북,100.1,2023,1
2023-01,광주,99.9,2023,1
2023-01,대구,85.9,2023,1
2023-01,대전,92.9,2023,1
2023-01,부산,96.4,2023,1
2023-01,서울,94.6,2023,1
2023-01,세종,76.1,2023,1
2023-01,울산,95.3,2023,1
2023-01,인천,93.4,2023,1
2023-01,전남,96.3,2023,1
2023-01,전북,103.8,2023,1
2023-01,제주,106.5,2023,1
2023-01,충남,102.0,2023,1
2023-01,충북,102.8,2023,1
2023-02,강원,103.3,2023,2
2023-02,경기,93.2,2023,2
2023-02,경남,97.6,2023,2
2023-02,경북,99.3,2023,2
2023-02,광주,98.7,2023,2
2023-02,대구,84.0,2023,2
2023-02,대전,91.3,2023,2
2023-02,부산,94.5,2023,2
2023-02,서울,93.6,2023,2
2023-02,세종,73.6,2023,2
2023-02,울산,93.9,2023,2
2023-02,인천,91.8,2023,2
2023-02,전남,95.5,2023,2
2023-02,전북,103.0,2023,2
2023-02,제주,105.8,2023,2
2023-02,충남,100.9,2023,2
2023-02,충북,101.7,2023,2
2023-03,강원,102.9,2023,3
2023-03,경기,91.8,2023,3
2023-03,경남,97.0,2023,3
2023-03,경북,98.8,2023,3
2023-03,광주,97.7,2023,3
2023-03,대구,82.6,2023,3
2023-03,대전,90.1,2023,3
2023-03,부산,93.1,2023,3
2023-03,서울,92.9,2023,3
2023-03,세종,73.4,2023,3
2023-03,울산,92.5,2023,3
2023-03,인천,90.8,2023,3
2023-03,전남,94.9,2023,3
2023-03,전북,102.3,2023,3
2023-03,제주,105.2,2023,3
2023-03,충남,99.9,2023,3
2023-03,충북,100.8,2023,3
2023-04,강원,102.5,2023,4
2023-04,경기,91.0,2023,4
2023-04,경남,96.5,2023,4
2023-04,경북,98.4,2023,4
2023-04,광주,97.0,2023,4
2023-04,대구,81.6,2023,4
2023-04,대전,89.6,2023,4
2023-04,부산,92.2,2023,4
2023-04,서울,92.6,2023,4
2023-04,세종,73.9,2023,4
2023-04,울산,91.6,2023,4
2023-04,인천,90.5,2023,4
2023-04,전남,94.4,2023,4
2023-04,전북,101.7,2023,4
2023-04,제주,104.4,2023,4
2023-04,충남,99.3,2023,4
2023-04,충북,100.4,2023,4
2023-05,강원,102.2,2023,5
2023-05,경기,90.9,2023,5
2023-05,경남,96.2,2023,5
2023-05,경북,98.2,2023,5
2023-05,광주,96.5,2023,5
2023-05,대구,81.1,2023,5
2023-05,대전,89.5,2023,5
2023-05,부산,91.7,2023,5
2023-05,서울,92.6,2023,5
2023-05,세종,74.7,2023,5
2023-05,울산,91.2,2023,5
2023-05,인천,90.6,2023,5
2023-05,전남,94.0,2023,5
2023-05,전북,101.3,2023,5
2023-05,제주,103.8,2023,5
2023-05,충남,99.1,2023,5
2023-05,충북,100.3,2023,5
2023-06,강원,102.1,2023,6
2023-06,경기,90.9,2023,6
2023-06,경남,96.0,2023,6
2023-06,경북,98.2,2023,6
2023-06,광주,96.3,2023,6
2023-06,대구,80.8,2023,6
2023-06,대전,89.4,2023,6
2023-06,부산,91.4,2023,6
2023-06,서울,92.7,2023,6
2023-06,세종,75.4,2023,6
2023-06,울산,91.1,2023,6
2023-06,인천,90.7,2023,6
2023-06,전남,93.7,2023,6
2023-06,전북,101.1,2023,6
2023-06,제주,103.5,2023,6
2023-06,충남,99.0,2023,6
2023-06,충북,100.3,2023,6
2023-07,강원,102.1,2023,7
2023-07,경기,91.1,2023,7
2023-07,경남,95.8,2023,7
2023-07,경북,98.1,2023,7
2023-07,광주,96.1,2023,7
2023-07,대구,80.6,2023,7
2023-07,대전,89.4,2023,7
2023-07,부산,91.2,2023,7
2023-07,서울,93.0,2023,7
2023-07,세종,76.1,2023,7
2023-07,울산,91.0,2023,7
2023-07,인천,91.0,2023,7
2023-07,전남,93.4,2023,7
2023-07,전북,100.9,2023,7
2023-07,제주,103.1,2023,7
2023-07,충남,99.0,2023,7
2023-07,충북,100.3,2023,7
2023-08,강원,102.2,2023,8
2023-08,경기,91.6,2023,8
2023-08,경남,95.8,2023,8
2023-08,경북,98.4,2023,8
2023-08,광주,96.0,2023,8
2023-08,대구,80.8,2023,8
2023-08,대전,89.6,2023,8
2023-08,부산,91.0,2023,8
2023-08,서울,93.4,2023,8
2023-08,세종,76.3,2023,8
2023-08,울산,91.2,2023,8
2023-08,인천,91.3,2023,8
2023-08,전남,93.2,2023,8
2023-08,전북,100.9,2023,8
2023-08,제주,103.0,2023,8
2023-08,충남,99.1,2023,8
2023-08,충북,100.4,2023,8
2023-09,강원,102.5,2023,9
2023-09,경기,92.2,2023,9
2023-09,경남,95.9,2023,9
2023-09,경북,98.7,2023,9
2023-09,광주,96.0,2023,9
2023-09,대구,81.0,2023,9
2023-09,대전,89.9,2023,9
2023-09,부산,90.9,2023,9
2023-09,서울,93.9,2023,9
2023-09,세종,76.7,2023,9
2023-09,울산,91.4,2023,9
2023-09,인천,91.6,2023,9
2023-09,전남,93.2,2023,9
2023-09,전북,101.0,2023,9
2023-09,제주,102.8,2023,9
2023-09,충남,99.2,2023,9
2023-09,충북,100.8,2023,9
2023-10,강원,102.8,2023,10
2023-10,경기,92.7,2023,10
2023-10,경남,95.9,2023,10
2023-10,경북,99.0,2023,10
2023-10,광주,96.1,2023,10
2023-10,대구,81.1,2023,10
2023-10,대전,90.2,2023,10
2023-10,부산,90.8,2023,10
2023-10,서울,94.2,2023,10
2023-10,세종,76.7,2023,10
2023-10,울산,91.6,2023,10
2023-10,인천,91.8,2023,10
2023-10,전남,93.1,2023,10
2023-10,전북,101.0,2023,10
2023-10,제주,102.7,2023,10
2023-10,충남,99.2,2023,10
2023-10,충북,101.3,2023,10
2023-11,강원,103.0,2023,11
2023-11,경기,92.8,2023,11
2023-11,경남,95.9,2023,11
2023-11,경북,99.0,2023,11
2023-11,광주,96.1,2023,11
2023-11,대구,81.1,2023,11
2023-11,대전,90.3,2023,11
2023-11,부산,90.6,2023,11
2023-11,서울,94.4,2023,11
2023-11,세종,76.7,2023,11
2023-11,울산,91.6,2023,11
2023-11,인천,91.6,2023,11
2023-11,전남,93.0,2023,11
2023-11,전북,101.2,2023,11
2023-11,제주,102.6,2023,11
2023-11,충남,99.3,2023,11
2023-11,충북,101.5,2023,11
2023-12,강원,103.0,2023,12
2023-12,경기,92.6,2023,12
2023-12,경남,95.7,2023,12
2023-12,경북,99.0,2023,12
2023-12,광주,96.1,2023,12
2023-12,대구,80.8,2023,12
2023-12,대전,90.3,2023,12
2023-12,부산,90.3,2023,12
2023-12,서울,94.2,2023,12
2023-12,세종,76.5,2023,12
2023-12,울산,91.6,2023,12
2023-12,인천,91.4,2023,12
2023-12,전남,92.8,2023,12
2023-12,전북,101.1,2023,12
2023-12,제주,102.4,2023,12
2023-12,충남,99.2,2023,12
2023-12,충북,101.7,2023,12
2024-01,강원,103.1,2024,1
2024-01,경기,92.3,2024,1
2024-01,경남,95.5,2024,1
2024-01,경북,98.9,2024,1
2024-01,광주,96.0,2024,1
2024-01,대구,80.5,2024,1
2024-01,대전,90.3,2024,1
2024-01,부산,90.0,2024,1
2024-01,서울,94.1,2024,1
2024-01,세종,76.2,2024,1
2024-01,울산,91.5,2024,1
2024-01,인천,91.3,2024,1
2024-01,전남,92.7,2024,1
2024-01,전북,101.1,2024,1
2024-01,제주,102.2,2024,1
2024-01,충남,99.1,2024,1
2024-01,충북,101.7,2024,1
2024-02,강원,103.2,2024,2
2024-02,경기,92.1,2024,2
2024-02,경남,95.4,2024,2
2024-02,경북,98.8,2024,2
2024-02,광주,95.8,2024,2
2024-02,대구,80.1,2024,2
2024-02,대전,90.2,2024,2
2024-02,부산,89.7,2024,2
2024-02,서울,93.9,2024,2
2024-02,세종,75.4,2024,2
2024-02,울산,91.4,2024,2
2024-02,인천,91.1,2024,2
2024-02,전남,92.6,2024,2
2024-02,전북,100.9,2024,2
2024-02,제주,102.0,2024,2
2024-02,충남,98.8,2024,2
2024-02,충북,101.6,2024,2
2024-03,강원,103.3,2024,3
2024-03,경기,91.8,2024,3
2024-03,경남,95.2,2024,3
2024-03,경북,98.8,2024,3
2024-03,광주,95.8,2024,3
2024-03,대구,79.7,2024,3
2024-03,대전,90.1,2024,3
2024-03,부산,89.4,2024,3
2024-03,서울,93.9,2024,3
2024-03,세종,74.5,2024,3
2024-03,울산,91.4,2024,3
2024-03,인천,91.1,2024,3
2024-03,전남,92.6,2024,3
2024-03,전북,100.9,2024,3
2024-03,제주,101.8,2024,3
2024-03,충남,98.5,2024,3
2024-03,충북,101.5,2024,3
2024-04,강원,103.3,2024,4
2024-04,경기,91.8,2024,4
2024-04,경남,95.0,2024,4
2024-04,경북,98.9,2024,4
2024-04,광주,95.7,2024,4
2024-04,대구,79.5,2024,4
2024-04,대전,89.9,2024,4
2024-04,부산,89.2,2024,4
2024-04,서울,94.0,2024,4
2024-04,세종,73.8,2024,4
2024-04,울산,91.3,2024,4
2024-04,인천,91.1,2024,4
2024-04,전남,92.5,2024,4
2024-04,전북,100.9,2024,4
2024-04,제주,101.6,2024,4
2024-04,충남,98.3,2024,4
2024-04,충북,101.4,2024,4
2024-05,강원,103.5,2024,5
2024-05,경기,91.7,2024,5
2024-05,경남,94.9,2024,5
2024-05,경북,99.0,2024,5
2024-05,광주,95.6,2024,5
2024-05,대구,79.2,2024,5
2024-05,대전,89.9,2024,5
2024-05,부산,89.1,2024,5
2024-05,서울,94.2,2024,5
2024-05,세종,73.1,2024,5
2024-05,울산,91.2,2024,5
2024-05,인천,91.3,2024,5
2024-05,전남,92.5,2024,5
2024-05,전북,101.1,2024,5
2024-05,제주,101.3,2024,5
2024-05,충남,98.3,2024,5
2024-05,충북,101.4,2024,5
2024-06,강원,103.6,2024,6
2024-06,경기,91.8,2024,6
2024-06,경남,94.7,2024,6
2024-06,경북,98.8,2024,6
2024-06,광주,95.5,2024,6
2024-06,대구,78.8,2024,6
2024-06,대전,89.7,2024,6
2024-06,부산,88.8,2024,6
2024-06,서울,94.8,2024,6
2024-06,세종,72.8,2024,6
2024-06,울산,91.2,2024,6
2024-06,인천,91.6,2024,6
2024-06,전남,92.4,2024,6
2024-06,전북,101.2,2024,6
2024-06,제주,101.1,2024,6
2024-06,충남,98.3,2024,6
2024-06,충북,101.4,2024,6
2024-07,강원,103.7,2024,7
2024-07,경기,92.0,2024,7
2024-07,경남,94.7,2024,7
2024-07,경북,98.6,2024,7
2024-07,광주,95.3,2024,7
2024-07,대구,78.4,2024,7
2024-07,대전,89.6,2024,7
2024-07,부산,88.6,2024,7
2024-07,서울,95.9,2024,7
2024-07,세종,72.4,2024,7
2024-07,울산,91.2,2024,7
2024-07,인천,91.9,2024,7
2024-07,전남,92.3,2024,7
2024-07,전북,101.3,2024,7
2024-07,제주,100.9,2024,7
2024-07,충남,98.3,2024,7
2024-07,충북,101.4,2024,7
2024-08,강원,103.9,2024,8
2024-08,경기,92.5,2024,8
2024-08,경남,94.6,2024,8
2024-08,경북,98.6,2024,8
2024-08,광주,95.2,2024,8
2024-08,대구,78.0,2024,8
2024-08,대전,89.5,2024,8
2024-08,부산,88.5,2024,8
2024-08,서울,97.1,2024,8
2024-08,세종,72.3,2024,8
2024-08,울산,91.2,2024,8
2024-08,인천,92.6,2024,8
2024-08,전남,92.3,2024,8
2024-08,전북,101.5,2024,8
2024-08,제주,100.7,2024,8
2024-08,충남,98.2,2024,8
2024-08,충북,101.5,2024,8
2024-09,강원,103.9,2024,9
2024-09,경기,92.9,2024,9
2024-09,경남,94.5,2024,9
2024-09,경북,98.5,2024,9
2024-09,광주,95.1,2024,9
2024-09,대구,77.8,2024,9
2024-09,대전,89.5,2024,9
2024-09,부산,88.5,2024,9
2024-09,서울,97.9,2024,9
2024-09,세종,72.1,2024,9
2024-09,울산,91.3,2024,9
2024-09,인천,92.9,2024,9
2024-09,전남,92.2,2024,9
2024-09,전북,101.6,2024,9
2024-09,제주,100.5,2024,9
2024-09,충남,98.2,2024,9
2024-09,충북,101.5,2024,9
2024-10,강원,103.9,2024,10
2024-10,경기,93.1,2024,10
2024-10,경남,94.5,2024,10
2024-10,경북,98.4,2024,10
2024-10,광주,95.0,2024,10
2024-10,대구,77.5,2024,10
2024-10,대전,89.4,2024,10
2024-10,부산,88.3,2024,10
2024-10,서울,98.3,2024,10
2024-10,세종,72.0,2024,10
2024-10,울산,91.3,2024,10
2024-10,인천,93.1,2024,10
2024-10,전남,92.2,2024,10
2024-10,전북,101.8,2024,10
2024-10,제주,100.4,2024,10
2024-10,충남,98.2,2024,10
2024-10,충북,101.5,2024,10
2024-11,강원,103.8,2024,11
2024-11,경기,93.1,2024,11
2024-11,경남,94.5,2024,11
2024-11,경북,98.3,2024,11
2024-11,광주,94.9,2024,11
2024-11,대구,77.3,2024,11
2024-11,대전,89.3,2024,11
2024-11,부산,88.1,2024,11
2024-11,서울,98.6,2024,11
2024-11,세종,71.7,2024,11
2024-11,울산,91.3,2024,11
2024-11,인천,93.1,2024,11
2024-11,전남,92.2,2024,11
2024-11,전북,101.7,2024,11
2024-11,제주,100.2,2024,11
2024-11,충남,98.1,2024,11
2024-11,충북,101.5,2024,11
2024-12,강원,103.7,2024,12
2024-12,경기,93.1,2024,12
2024-12,경남,94.3,2024,12
2024-12,경북,98.0,2024,12
2024-12,광주,94.8,2024,12
2024-12,대구,76.9,2024,12
2024-12,대전,89.2,2024,12
2024-12,부산,87.9,2024,12
2024-12,서울,98.6,2024,12
2024-12,세종,71.6,2024,12
2024-12,울산,91.3,2024,12
2024-12,인천,92.8,2024,12
2024-12,전남,92.0,2024,12
2024-12,전북,101.5,2024,12
2024-12,제주,100.0,2024,12
2024-12,충남,98.0,2024,12
2024-12,충북,101.4,2024,12
2025-01,강원,103.6,2025,1
2025-01,경기,93.0,2025,1
2025-01,경남,94.1,2025,1
2025-01,경북,97.9,2025,1
2025-01,광주,94.6,2025,1
2025-01,대구,76.4,2025,1
2025-01,대전,89.1,2025,1
2025-01,부산,87.7,2025,1
2025-01,서울,98.7,2025,1
2025-01,세종,71.3,2025,1
2025-01,울산,91.3,2025,1
2025-01,인천,92.5,2025,1
2025-01,전남,91.9,2025,1
2025-01,전북,101.3,2025,1
2025-01,제주,99.8,2025,1
2025-01,충남,97.9,2025,1
2025-01,충북,101.2,2025,1
2025-02,강원,103.6,2025,2
2025-02,경기,92.9,2025,2
2025-02,경남,94.0,2025,2
2025-02,경북,97.6,2025,2
2025-02,광주,94.5,2025,2
2025-02,대구,76.1,2025,2
2025-02,대전,88.9,2025,2
2025-02,부산,87.5,2025,2
2025-02,서울,98.9,2025,2
2025-02,세종,71.1,2025,2
2025-02,울산,91.3,2025,2
2025-02,인천,92.3,2025,2
2025-02,전남,91.8,2025,2
2025-02,전북,101.4,2025,2
2025-02,제주,99.7,2025,2
2025-02,충남,97.8,2025,2
2025-02,충북,101.3,2025,2
2025-03,강원,103.5,2025,3
2025-03,경기,92.9,2025,3
2025-03,경남,93.8,2025,3
2025-03,경북,97.4,2025,3
2025-03,광주,94.3,2025,3
2025-03,대구,75.8,2025,3
2025-03,대전,88.7,2025,3
2025-03,부산,87.3,2025,3
2025-03,서울,99.7,2025,3
2025-03,세종,70.8,2025,3
2025-03,울산,91.4,2025,3
2025-03,인천,92.1,2025,3
2025-03,전남,91.7,2025,3
2025-03,전북,101.5,2025,3
2025-03,제주,99.4,2025,3
2025-03,충남,97.6,2025,3
2025-03,충북,101.2,2025,3
