연월,시도,전월세전환율,연도,월
2012-01,강원,10.4,2012,1
2012-01,경기,8.2,2012,1
2012-01,경남,8.1,2012,1
2012-01,경북,10.2,2012,1
2012-01,광주,7.9,2012,1
2012-01,대구,7.1,2012,1
2012-01,대전,7.3,2012,1
2012-01,부산,7.1,2012,1
2012-01,서울,7.1,2012,1
2012-01,울산,8.0,2012,1
2012-01,인천,8.7,2012,1
2012-01,전남,12.0,2012,1
2012-01,전북,9.3,2012,1
2012-01,제주,7.9,2012,1
2012-01,충남,10.1,2012,1
2012-01,충북,9.6,2012,1
2012-02,강원,10.0,2012,2
2012-02,경기,8.0,2012,2
2012-02,경남,8.0,2012,2
2012-02,경북,9.7,2012,2
2012-02,광주,7.9,2012,2
2012-02,대구,7.0,2012,2
2012-02,대전,7.3,2012,2
2012-02,부산,7.0,2012,2
2012-02,서울,7.1,2012,2
2012-02,울산,8.0,2012,2
2012-02,인천,8.6,2012,2
2012-02,전남,12.0,2012,2
2012-02,전북,9.4,2012,2
2012-02,제주,7.9,2012,2
2012-02,충남,10.1,2012,2
2012-02,충북,9.6,2012,2
2012-03,강원,9.9,2012,3
2012-03,경기,8.0,2012,3
2012-03,경남,8.0,2012,3
2012-03,경북,10.0,2012,3
2012-03,광주,7.9,2012,3
2012-03,대구,6.9,2012,3
2012-03,대전,7.4,2012,3
2012-03,부산,6.9,2012,3
2012-03,서울,7.0,2012,3
2012-03,울산,7.8,2012,3
2012-03,인천,8.6,2012,3
2012-03,전남,12.0,2012,3
2012-03,전북,9.2,2012,3
2012-03,제주,8.3,2012,3
2012-03,충남,10.0,2012,3
2012-03,충북,10.3,2012,3
2012-04,강원,9.7,2012,4
2012-04,경기,8.0,2012,4
2012-04,경남,7.9,2012,4
2012-04,경북,10.1,2012,4
2012-04,광주,8.0,2012,4
2012-04,대구,6.8,2012,4
2012-04,대전,7.3,2012,4
2012-04,부산,6.9,2012,4
2012-04,서울,7.0,2012,4
2012-04,울산,7.6,2012,4
2012-04,인천,8.5,2012,4
2012-04,전남,12.0,2012,4
2012-04,전북,9.0,2012,4
2012-04,제주,8.1,2012,4
2012-04,충남,9.7,2012,4
2012-04,충북,10.3,2012,4
2012-05,강원,9.9,2012,5
2012-05,경기,8.0,2012,5
2012-05,경남,8.0,2012,5
2012-05,경북,10.4,2012,5
2012-05,광주,8.0,2012,5
2012-05,대구,6.8,2012,5
2012-05,대전,7.3,2012,5
2012-05,부산,6.8,2012,5
2012-05,서울,7.0,2012,5
2012-05,울산,7.4,2012,5
2012-05,인천,8.5,2012,5
2012-05,전남,11.9,2012,5
2012-05,전북,9.0,2012,5
2012-05,제주,8.1,2012,5
2012-05,충남,9.6,2012,5
2012-05,충북,10.4,2012,5
2012-06,강원,9.9,2012,6
2012-06,경기,8.0,2012,6
2012-06,경남,8.0,2012,6
2012-06,경북,10.8,2012,6
2012-06,광주,7.8,2012,6
2012-06,대구,6.8,2012,6
2012-06,대전,7.4,2012,6
2012-06,부산,6.8,2012,6
2012-06,서울,6.9,2012,6
2012-06,울산,7.5,2012,6
2012-06,인천,8.4,2012,6
2012-06,전남,12.0,2012,6
2012-06,전북,9.3,2012,6
2012-06,제주,7.9,2012,6
2012-06,충남,9.6,2012,6
2012-06,충북,10.3,2012,6
2012-07,강원,9.9,2012,7
2012-07,경기,8.0,2012,7
2012-07,경남,8.0,2012,7
2012-07,경북,10.9,2012,7
2012-07,광주,7.9,2012,7
2012-07,대구,6.7,2012,7
2012-07,대전,7.4,2012,7
2012-07,부산,6.8,2012,7
2012-07,서울,6.9,2012,7
2012-07,세종,8.1,2012,7
2012-07,울산,7.4,2012,7
2012-07,인천,8.4,2012,7
2012-07,전남,11.9,2012,7
2012-07,전북,9.4,2012,7
2012-07,제주,8.0,2012,7
2012-07,충남,9.4,2012,7
2012-07,충북,10.3,2012,7
2012-08,강원,10.0,2012,8
2012-08,경기,8.0,2012,8
2012-08,경남,8.0,2012,8
2012-08,경북,10.6,2012,8
2012-08,광주,8.0,2012,8
2012-08,대구,6.7,2012,8
2012-08,대전,7.3,2012,8
2012-08,부산,6.7,2012,8
2012-08,서울,6.9,2012,8
2012-08,세종,7.7,2012,8
2012-08,울산,7.4,2012,8
2012-08,인천,8.4,2012,8
2012-08,전남,11.1,2012,8
2012-08,전북,9.4,2012,8
2012-08,제주,8.2,2012,8
2012-08,충남,9.5,2012,8
2012-08,충북,10.1,2012,8
2012-09,강원,10.0,2012,9
2012-09,경기,8.0,2012,9
2012-09,경남,8.0,2012,9
2012-09,경북,9.2,2012,9
2012-09,광주,8.0,2012,9
2012-09,대구,6.7,2012,9
2012-09,대전,7.4,2012,9
2012-09,부산,6.7,2012,9
2012-09,서울,6.9,2012,9
2012-09,세종,8.0,2012,9
2012-09,울산,7.5,2012,9
2012-09,인천,8.3,2012,9
2012-09,전남,11.2,2012,9
2012-09,전북,9.2,2012,9
2012-09,제주,7.8,2012,9
2012-09,충남,9.3,2012,9
2012-09,충북,9.2,2012,9
2012-10,강원,10.0,2012,10
2012-10,경기,8.0,2012,10
2012-10,경남,8.0,2012,10
2012-10,경북,9.3,2012,10
2012-10,광주,7.7,2012,10
2012-10,대구,6.7,2012,10
2012-10,대전,7.2,2012,10
2012-10,부산,6.8,2012,10
2012-10,서울,6.9,2012,10
2012-10,세종,8.0,2012,10
2012-10,울산,7.5,2012,10
2012-10,인천,8.3,2012,10
2012-10,전남,11.7,2012,10
2012-10,전북,9.2,2012,10
2012-10,제주,7.5,2012,10
2012-10,충남,9.4,2012,10
2012-10,충북,9.0,2012,10
2012-11,강원,10.0,2012,11
2012-11,경기,8.0,2012,11
2012-11,경남,7.9,2012,11
2012-11,경북,9.6,2012,11
2012-11,광주,7.7,2012,11
2012-11,대구,6.6,2012,11
2012-11,대전,7.2,2012,11
2012-11,부산,6.7,2012,11
2012-11,서울,6.8,2012,11
2012-11,세종,8.0,2012,11
2012-11,울산,7.5,2012,11
2012-11,인천,8.3,2012,11
2012-11,전남,10.8,2012,11
2012-11,전북,9.2,2012,11
2012-11,제주,7.9,2012,11
2012-11,충남,9.3,2012,11
2012-11,충북,8.5,2012,11
2012-12,강원,9.9,2012,12
2012-12,경기,7.8,2012,12
2012-12,경남,7.8,2012,12
2012-12,경북,9.9,2012,12
2012-12,광주,7.6,2012,12
2012-12,대구,6.6,2012,12
2012-12,대전,7.1,2012,12
2012-12,부산,6.7,2012,12
2012-12,서울,6.7,2012,12
2012-12,세종,8.0,2012,12
2012-12,울산,7.4,2012,12
2012-12,인천,8.3,2012,12
2012-12,전남,10.5,2012,12
2012-12,전북,8.0,2012,12
2012-12,제주,7.8,2012,12
2012-12,충남,9.4,2012,12
2012-12,충북,8.7,2012,12
2013-01,강원,9.9,2013,1
2013-01,경기,7.7,2013,1
2013-01,경남,7.5,2013,1
2013-01,경북,10.0,2013,1
2013-01,광주,7.5,2013,1
2013-01,대구,6.6,2013,1
2013-01,대전,7.1,2013,1
2013-01,부산,6.7,2013,1
2013-01,서울,6.7,2013,1
2013-01,세종,8.0,2013,1
2013-01,울산,7.2,2013,1
2013-01,인천,8.3,2013,1
2013-01,전남,10.4,2013,1
2013-01,전북,7.9,2013,1
2013-01,제주,8.0,2013,1
2013-01,충남,9.4,2013,1
2013-01,충북,7.9,2013,1
2013-02,강원,9.8,2013,2
2013-02,경기,7.6,2013,2
2013-02,경남,7.5,2013,2
2013-02,경북,10.4,2013,2
2013-02,광주,7.6,2013,2
2013-02,대구,6.5,2013,2
2013-02,대전,7.0,2013,2
2013-02,부산,6.7,2013,2
2013-02,서울,6.7,2013,2
2013-02,세종,8.0,2013,2
2013-02,울산,7.4,2013,2
2013-02,인천,8.3,2013,2
2013-02,전남,10.5,2013,2
2013-02,전북,8.0,2013,2
2013-02,제주,7.8,2013,2
2013-02,충남,9.2,2013,2
2013-02,충북,8.2,2013,2
2013-03,강원,9.8,2013,3
2013-03,경기,7.5,2013,3
2013-03,경남,7.3,2013,3
2013-03,경북,10.3,2013,3
2013-03,광주,7.6,2013,3
2013-03,대구,6.4,2013,3
2013-03,대전,7.0,2013,3
2013-03,부산,6.5,2013,3
2013-03,서울,6.6,2013,3
2013-03,세종,7.8,2013,3
2013-03,울산,7.3,2013,3
2013-03,인천,8.3,2013,3
2013-03,전남,10.0,2013,3
2013-03,전북,7.7,2013,3
2013-03,제주,7.8,2013,3
2013-03,충남,9.0,2013,3
2013-03,충북,9.2,2013,3
2013-04,강원,10.0,2013,4
2013-04,경기,7.4,2013,4
2013-04,경남,7.3,2013,4
2013-04,경북,10.3,2013,4
2013-04,광주,7.5,2013,4
2013-04,대구,6.4,2013,4
2013-04,대전,6.9,2013,4
2013-04,부산,6.5,2013,4
2013-04,서울,6.6,2013,4
2013-04,세종,7.6,2013,4
2013-04,울산,7.1,2013,4
2013-04,인천,8.2,2013,4
2013-04,전남,10.4,2013,4
2013-04,전북,7.8,2013,4
2013-04,제주,7.7,2013,4
2013-04,충남,8.9,2013,4
2013-04,충북,9.6,2013,4
2013-05,강원,9.6,2013,5
2013-05,경기,7.4,2013,5
2013-05,경남,7.3,2013,5
2013-05,경북,10.3,2013,5
2013-05,광주,7.5,2013,5
2013-05,대구,6.4,2013,5
2013-05,대전,6.9,2013,5
2013-05,부산,6.5,2013,5
2013-05,서울,6.6,2013,5
2013-05,세종,7.2,2013,5
2013-05,울산,7.0,2013,5
2013-05,인천,8.0,2013,5
2013-05,전남,10.8,2013,5
2013-05,전북,7.6,2013,5
2013-05,제주,7.9,2013,5
2013-05,충남,8.6,2013,5
2013-05,충북,9.5,2013,5
2013-06,강원,9.6,2013,6
2013-06,경기,7.3,2013,6
2013-06,경남,7.2,2013,6
2013-06,경북,10.3,2013,6
2013-06,광주,7.5,2013,6
2013-06,대구,6.3,2013,6
2013-06,대전,6.9,2013,6
2013-06,부산,6.4,2013,6
2013-06,서울,6.5,2013,6
2013-06,세종,7.0,2013,6
2013-06,울산,7.1,2013,6
2013-06,인천,8.0,2013,6
2013-06,전남,11.2,2013,6
2013-06,전북,8.0,2013,6
2013-06,제주,7.8,2013,6
2013-06,충남,8.6,2013,6
2013-06,충북,9.5,2013,6
2013-07,강원,9.5,2013,7
2013-07,경기,7.3,2013,7
2013-07,경남,7.3,2013,7
2013-07,경북,10.0,2013,7
2013-07,광주,7.4,2013,7
2013-07,대구,6.3,2013,7
2013-07,대전,6.9,2013,7
2013-07,부산,6.3,2013,7
2013-07,서울,6.5,2013,7
2013-07,세종,7.2,2013,7
2013-07,울산,7.2,2013,7
2013-07,인천,8.0,2013,7
2013-07,전남,11.1,2013,7
2013-07,전북,8.0,2013,7
2013-07,제주,8.1,2013,7
2013-07,충남,8.6,2013,7
2013-07,충북,9.0,2013,7
2013-08,강원,9.4,2013,8
2013-08,경기,7.2,2013,8
2013-08,경남,7.3,2013,8
2013-08,경북,9.7,2013,8
2013-08,광주,7.3,2013,8
2013-08,대구,6.2,2013,8
2013-08,대전,6.7,2013,8
2013-08,부산,6.2,2013,8
2013-08,서울,6.4,2013,8
2013-08,세종,7.1,2013,8
2013-08,울산,7.2,2013,8
2013-08,인천,7.8,2013,8
2013-08,전남,10.2,2013,8
2013-08,전북,7.4,2013,8
2013-08,제주,8.1,2013,8
2013-08,충남,8.6,2013,8
2013-08,충북,9.0,2013,8
2013-09,강원,9.4,2013,9
2013-09,경기,7.2,2013,9
2013-09,경남,7.2,2013,9
2013-09,경북,9.8,2013,9
2013-09,광주,7.2,2013,9
2013-09,대구,6.1,2013,9
2013-09,대전,6.7,2013,9
2013-09,부산,6.2,2013,9
2013-09,서울,6.4,2013,9
2013-09,세종,7.0,2013,9
2013-09,울산,7.2,2013,9
2013-09,인천,7.8,2013,9
2013-09,전남,10.1,2013,9
2013-09,전북,7.4,2013,9
2013-09,제주,7.6,2013,9
2013-09,충남,8.6,2013,9
2013-09,충북,8.9,2013,9
2013-10,강원,9.2,2013,10
2013-10,경기,7.1,2013,10
2013-10,경남,7.2,2013,10
2013-10,경북,9.3,2013,10
2013-10,광주,7.1,2013,10
2013-10,대구,6.0,2013,10
2013-10,대전,6.7,2013,10
2013-10,부산,6.1,2013,10
2013-10,서울,6.3,2013,10
2013-10,세종,7.2,2013,10
2013-10,울산,7.2,2013,10
2013-10,인천,7.7,2013,10
2013-10,전남,9.6,2013,10
2013-10,전북,7.2,2013,10
2013-10,제주,7.5,2013,10
2013-10,충남,8.6,2013,10
2013-10,충북,8.1,2013,10
2013-11,강원,9.2,2013,11
2013-11,경기,7.0,2013,11
2013-11,경남,7.2,2013,11
2013-11,경북,9.3,2013,11
2013-11,광주,7.1,2013,11
2013-11,대구,6.0,2013,11
2013-11,대전,6.6,2013,11
2013-11,부산,6.0,2013,11
2013-11,서울,6.2,2013,11
2013-11,세종,7.0,2013,11
2013-11,울산,7.2,2013,11
2013-11,인천,7.5,2013,11
2013-11,전남,9.6,2013,11
2013-11,전북,7.2,2013,11
2013-11,제주,7.5,2013,11
2013-11,충남,8.6,2013,11
2013-11,충북,8.1,2013,11
2013-12,강원,9.3,2013,12
2013-12,경기,6.9,2013,12
2013-12,경남,7.1,2013,12
2013-12,경북,9.7,2013,12
2013-12,광주,7.1,2013,12
2013-12,대구,6.0,2013,12
2013-12,대전,6.5,2013,12
2013-12,부산,6.0,2013,12
2013-12,서울,6.1,2013,12
2013-12,세종,6.8,2013,12
2013-12,울산,7.1,2013,12
2013-12,인천,7.5,2013,12
2013-12,전남,9.6,2013,12
2013-12,전북,7.1,2013,12
2013-12,제주,7.5,2013,12
2013-12,충남,8.4,2013,12
2013-12,충북,8.2,2013,12
2014-01,강원,9.3,2014,1
2014-01,경기,6.8,2014,1
2014-01,경남,7.0,2014,1
2014-01,경북,9.9,2014,1
2014-01,광주,7.1,2014,1
2014-01,대구,6.0,2014,1
2014-01,대전,6.5,2014,1
2014-01,부산,6.0,2014,1
2014-01,서울,6.0,2014,1
2014-01,세종,6.4,2014,1
2014-01,울산,6.9,2014,1
2014-01,인천,7.4,2014,1
2014-01,전남,9.7,2014,1
2014-01,전북,7.3,2014,1
2014-01,제주,7.2,2014,1
2014-01,충남,8.6,2014,1
2014-01,충북,8.2,2014,1
2014-02,강원,9.0,2014,2
2014-02,경기,6.6,2014,2
2014-02,경남,7.0,2014,2
2014-02,경북,9.2,2014,2
2014-02,광주,7.1,2014,2
2014-02,대구,5.8,2014,2
2014-02,대전,6.3,2014,2
2014-02,부산,6.0,2014,2
2014-02,서울,6.0,2014,2
2014-02,세종,6.0,2014,2
2014-02,울산,6.8,2014,2
2014-02,인천,7.2,2014,2
2014-02,전남,9.9,2014,2
2014-02,전북,7.7,2014,2
2014-02,제주,7.1,2014,2
2014-02,충남,8.0,2014,2
2014-02,충북,8.4,2014,2
2014-03,강원,9.2,2014,3
2014-03,경기,6.5,2014,3
2014-03,경남,7.0,2014,3
2014-03,경북,8.8,2014,3
2014-03,광주,7.0,2014,3
2014-03,대구,5.8,2014,3
2014-03,대전,6.2,2014,3
2014-03,부산,6.0,2014,3
2014-03,서울,5.9,2014,3
2014-03,세종,6.0,2014,3
2014-03,울산,6.5,2014,3
2014-03,인천,7.2,2014,3
2014-03,전남,10.0,2014,3
2014-03,전북,7.6,2014,3
2014-03,제주,6.9,2014,3
2014-03,충남,8.0,2014,3
2014-03,충북,8.7,2014,3
2014-04,강원,9.2,2014,4
2014-04,경기,6.4,2014,4
2014-04,경남,7.0,2014,4
2014-04,경북,8.6,2014,4
2014-04,광주,6.9,2014,4
2014-04,대구,5.8,2014,4
2014-04,대전,6.2,2014,4
2014-04,부산,6.0,2014,4
2014-04,서울,5.9,2014,4
2014-04,세종,6.0,2014,4
2014-04,울산,6.5,2014,4
2014-04,인천,7.1,2014,4
2014-04,전남,10.2,2014,4
2014-04,전북,7.6,2014,4
2014-04,제주,6.7,2014,4
2014-04,충남,7.7,2014,4
2014-04,충북,8.9,2014,4
2014-05,강원,9.3,2014,5
2014-05,경기,6.4,2014,5
2014-05,경남,6.9,2014,5
2014-05,경북,8.6,2014,5
2014-05,광주,6.8,2014,5
2014-05,대구,5.7,2014,5
2014-05,대전,6.2,2014,5
2014-05,부산,6.0,2014,5
2014-05,서울,5.8,2014,5
2014-05,세종,6.1,2014,5
2014-05,울산,6.5,2014,5
2014-05,인천,7.0,2014,5
2014-05,전남,10.1,2014,5
2014-05,전북,7.5,2014,5
2014-05,제주,6.8,2014,5
2014-05,충남,7.6,2014,5
2014-05,충북,9.2,2014,5
2014-06,강원,9.3,2014,6
2014-06,경기,6.3,2014,6
2014-06,경남,6.9,2014,6
2014-06,경북,8.5,2014,6
2014-06,광주,6.7,2014,6
2014-06,대구,5.7,2014,6
2014-06,대전,6.3,2014,6
2014-06,부산,6.0,2014,6
2014-06,서울,5.8,2014,6
2014-06,세종,6.5,2014,6
2014-06,울산,6.5,2014,6
2014-06,인천,7.0,2014,6
2014-06,전남,9.5,2014,6
2014-06,전북,7.6,2014,6
2014-06,제주,6.6,2014,6
2014-06,충남,7.6,2014,6
2014-06,충북,9.1,2014,6
2014-07,강원,9.0,2014,7
2014-07,경기,6.3,2014,7
2014-07,경남,6.9,2014,7
2014-07,경북,8.6,2014,7
2014-07,광주,6.6,2014,7
2014-07,대구,5.6,2014,7
2014-07,대전,6.3,2014,7
2014-07,부산,6.0,2014,7
2014-07,서울,5.8,2014,7
2014-07,세종,6.4,2014,7
2014-07,울산,6.4,2014,7
2014-07,인천,6.9,2014,7
2014-07,전남,9.2,2014,7
2014-07,전북,7.6,2014,7
2014-07,제주,6.7,2014,7
2014-07,충남,7.5,2014,7
2014-07,충북,9.3,2014,7
2014-08,강원,9.0,2014,8
2014-08,경기,6.3,2014,8
2014-08,경남,6.8,2014,8
2014-08,경북,8.7,2014,8
2014-08,광주,6.5,2014,8
2014-08,대구,5.6,2014,8
2014-08,대전,6.4,2014,8
2014-08,부산,6.0,2014,8
2014-08,서울,5.8,2014,8
2014-08,세종,6.4,2014,8
2014-08,울산,6.4,2014,8
2014-08,인천,6.9,2014,8
2014-08,전남,8.5,2014,8
2014-08,전북,7.6,2014,8
2014-08,제주,8.2,2014,8
2014-08,충남,7.5,2014,8
2014-08,충북,9.3,2014,8
2014-09,강원,8.8,2014,9
2014-09,경기,6.3,2014,9
2014-09,경남,6.7,2014,9
2014-09,경북,8.7,2014,9
2014-09,광주,6.5,2014,9
2014-09,대구,5.5,2014,9
2014-09,대전,6.4,2014,9
2014-09,부산,6.0,2014,9
2014-09,서울,5.8,2014,9
2014-09,세종,6.4,2014,9
2014-09,울산,6.5,2014,9
2014-09,인천,6.9,2014,9
2014-09,전남,8.0,2014,9
2014-09,전북,7.6,2014,9
2014-09,제주,7.1,2014,9
2014-09,충남,7.5,2014,9
2014-09,충북,8.8,2014,9
2014-10,강원,8.7,2014,10
2014-10,경기,6.2,2014,10
2014-10,경남,6.7,2014,10
2014-10,경북,8.5,2014,10
2014-10,광주,6.5,2014,10
2014-10,대구,5.5,2014,10
2014-10,대전,6.5,2014,10
2014-10,부산,6.0,2014,10
2014-10,서울,5.7,2014,10
2014-10,세종,6.3,2014,10
2014-10,울산,6.4,2014,10
2014-10,인천,6.7,2014,10
2014-10,전남,7.7,2014,10
2014-10,전북,7.6,2014,10
2014-10,제주,7.2,2014,10
2014-10,충남,7.5,2014,10
2014-10,충북,9.0,2014,10
2014-11,강원,8.7,2014,11
2014-11,경기,6.1,2014,11
2014-11,경남,6.6,2014,11
2014-11,경북,8.4,2014,11
2014-11,광주,6.5,2014,11
2014-11,대구,5.5,2014,11
2014-11,대전,6.4,2014,11
2014-11,부산,6.0,2014,11
2014-11,서울,5.6,2014,11
2014-11,세종,6.2,2014,11
2014-11,울산,6.4,2014,11
2014-11,인천,6.6,2014,11
2014-11,전남,7.6,2014,11
2014-11,전북,7.4,2014,11
2014-11,제주,7.2,2014,11
2014-11,충남,7.5,2014,11
2014-11,충북,8.2,2014,11
2014-12,강원,8.7,2014,12
2014-12,경기,6.0,2014,12
2014-12,경남,6.5,2014,12
2014-12,경북,8.4,2014,12
2014-12,광주,6.5,2014,12
2014-12,대구,5.5,2014,12
2014-12,대전,6.3,2014,12
2014-12,부산,6.0,2014,12
2014-12,서울,5.5,2014,12
2014-12,세종,6.3,2014,12
2014-12,울산,6.4,2014,12
2014-12,인천,6.5,2014,12
2014-12,전남,7.6,2014,12
2014-12,전북,7.4,2014,12
2014-12,제주,7.1,2014,12
2014-12,충남,7.4,2014,12
2014-12,충북,8.0,2014,12
2015-01,강원,8.7,2015,1
2015-01,경기,6.0,2015,1
2015-01,경남,6.4,2015,1
2015-01,경북,8.0,2015,1
2015-01,광주,6.4,2015,1
2015-01,대구,5.4,2015,1
2015-01,대전,6.3,2015,1
2015-01,부산,6.0,2015,1
2015-01,서울,5.5,2015,1
2015-01,세종,6.1,2015,1
2015-01,울산,6.3,2015,1
2015-01,인천,6.5,2015,1
2015-01,전남,7.8,2015,1
2015-01,전북,7.4,2015,1
2015-01,제주,7.2,2015,1
2015-01,충남,7.4,2015,1
2015-01,충북,8.0,2015,1
2015-02,강원,8.3,2015,2
2015-02,경기,5.9,2015,2
2015-02,경남,6.3,2015,2
2015-02,경북,8.0,2015,2
2015-02,광주,6.4,2015,2
2015-02,대구,5.3,2015,2
2015-02,대전,6.0,2015,2
2015-02,부산,6.0,2015,2
2015-02,서울,5.4,2015,2
2015-02,세종,6.2,2015,2
2015-02,울산,6.3,2015,2
2015-02,인천,6.3,2015,2
2015-02,전남,7.8,2015,2
2015-02,전북,6.9,2015,2
2015-02,제주,7.2,2015,2
2015-02,충남,7.2,2015,2
2015-02,충북,7.6,2015,2
2015-03,강원,8.4,2015,3
2015-03,경기,5.7,2015,3
2015-03,경남,6.2,2015,3
2015-03,경북,7.5,2015,3
2015-03,광주,6.4,2015,3
2015-03,대구,5.2,2015,3
2015-03,대전,6.0,2015,3
2015-03,부산,6.0,2015,3
2015-03,서울,5.3,2015,3
2015-03,세종,6.0,2015,3
2015-03,울산,6.3,2015,3
2015-03,인천,6.2,2015,3
2015-03,전남,8.3,2015,3
2015-03,전북,6.7,2015,3
2015-03,제주,7.2,2015,3
2015-03,충남,7.2,2015,3
2015-03,충북,7.3,2015,3
2015-04,강원,8.4,2015,4
2015-04,경기,5.7,2015,4
2015-04,경남,6.0,2015,4
2015-04,경북,7.4,2015,4
2015-04,광주,6.4,2015,4
2015-04,대구,5.2,2015,4
2015-04,대전,6.0,2015,4
2015-04,부산,5.8,2015,4
2015-04,서울,5.3,2015,4
2015-04,세종,6.0,2015,4
2015-04,울산,6.0,2015,4
2015-04,인천,6.0,2015,4
2015-04,전남,8.1,2015,4
2015-04,전북,6.6,2015,4
2015-04,제주,7.2,2015,4
2015-04,충남,7.2,2015,4
2015-04,충북,7.3,2015,4
2015-05,강원,8.3,2015,5
2015-05,경기,5.6,2015,5
2015-05,경남,6.1,2015,5
2015-05,경북,7.2,2015,5
2015-05,광주,6.3,2015,5
2015-05,대구,5.1,2015,5
2015-05,대전,6.0,2015,5
2015-05,부산,5.7,2015,5
2015-05,서울,5.2,2015,5
2015-05,세종,5.8,2015,5
2015-05,울산,6.0,2015,5
2015-05,인천,6.0,2015,5
2015-05,전남,8.0,2015,5
2015-05,전북,6.9,2015,5
2015-05,제주,7.2,2015,5
2015-05,충남,7.2,2015,5
2015-05,충북,7.2,2015,5
2015-06,강원,8.2,2015,6
2015-06,경기,5.5,2015,6
2015-06,경남,6.1,2015,6
2015-06,경북,7.3,2015,6
2015-06,광주,6.2,2015,6
2015-06,대구,5.0,2015,6
2015-06,대전,6.0,2015,6
2015-06,부산,5.6,2015,6
2015-06,서울,5.1,2015,6
2015-06,세종,5.3,2015,6
2015-06,울산,6.0,2015,6
2015-06,인천,6.0,2015,6
2015-06,전남,7.9,2015,6
2015-06,전북,7.0,2015,6
2015-06,제주,7.2,2015,6
2015-06,충남,7.1,2015,6
2015-06,충북,7.4,2015,6
2015-07,강원,8.1,2015,7
2015-07,경기,5.5,2015,7
2015-07,경남,6.0,2015,7
2015-07,경북,7.1,2015,7
2015-07,광주,6.2,2015,7
2015-07,대구,5.0,2015,7
2015-07,대전,6.0,2015,7
2015-07,부산,5.5,2015,7
2015-07,서울,5.1,2015,7
2015-07,세종,5.3,2015,7
2015-07,울산,6.0,2015,7
2015-07,인천,6.0,2015,7
2015-07,전남,7.9,2015,7
2015-07,전북,7.1,2015,7
2015-07,제주,7.2,2015,7
2015-07,충남,7.0,2015,7
2015-07,충북,7.3,2015,7
2015-08,강원,8.0,2015,8
2015-08,경기,5.4,2015,8
2015-08,경남,6.0,2015,8
2015-08,경북,7.1,2015,8
2015-08,광주,6.1,2015,8
2015-08,대구,4.9,2015,8
2015-08,대전,6.0,2015,8
2015-08,부산,5.5,2015,8
2015-08,서울,5.0,2015,8
2015-08,세종,5.2,2015,8
2015-08,울산,6.0,2015,8
2015-08,인천,5.8,2015,8
2015-08,전남,7.8,2015,8
2015-08,전북,7.4,2015,8
2015-08,제주,7.1,2015,8
2015-08,충남,7.0,2015,8
2015-08,충북,7.0,2015,8
2015-09,강원,7.905430898,2015,9
2015-09,경기,5.333333333,2015,9
2015-09,경남,6.0,2015,9
2015-09,경북,6.970954357,2015,9
2015-09,광주,6.0,2015,9
2015-09,대구,4.836330413,2015,9
2015-09,대전,5.746788991,2015,9
2015-09,부산,5.45199623,2015,9
2015-09,서울,4.941176471,2015,9
2015-09,세종,5.113770641,2015,9
2015-09,울산,6.0,2015,9
2015-09,인천,5.637583893,2015,9
2015-09,전남,7.636363636,2015,9
2015-09,전북,7.446921672,2015,9
2015-09,제주,7.125,2015,9
2015-09,충남,6.857142857,2015,9
2015-09,충북,7.131102048,2015,9
2015-10,강원,7.902439024,2015,10
2015-10,경기,5.202312139,2015,10
2015-10,경남,6.0,2015,10
2015-10,경북,6.857142857,2015,10
2015-10,광주,6.0,2015,10
2015-10,대구,4.791791801,2015,10
2015-10,대전,5.700754612,2015,10
2015-10,부산,5.333333333,2015,10
2015-10,서울,4.806263221,2015,10
2015-10,세종,5.052631579,2015,10
2015-10,울산,6.0,2015,10
2015-10,인천,5.558685446,2015,10
2015-10,전남,7.51674327,2015,10
2015-10,전북,7.446921672,2015,10
2015-10,제주,7.125,2015,10
2015-10,충남,7.0,2015,10
2015-10,충북,7.2,2015,10
2015-11,강원,7.894736842,2015,11
2015-11,경기,5.106382979,2015,11
2015-11,경남,6.0,2015,11
2015-11,경북,6.486486486,2015,11
2015-11,광주,6.0,2015,11
2015-11,대구,4.731786861,2015,11
2015-11,대전,5.6,2015,11
2015-11,부산,5.333333333,2015,11
2015-11,서울,4.8,2015,11
2015-11,세종,5.0,2015,11
2015-11,울산,5.828571429,2015,11
2015-11,인천,5.446371719,2015,11
2015-11,전남,7.384615385,2015,11
2015-11,전북,7.446921672,2015,11
2015-11,제주,7.238095238,2015,11
2015-11,충남,7.0,2015,11
2015-11,충북,7.04271438,2015,11
2015-12,강원,7.902439024,2015,12
2015-12,경기,5.0,2015,12
2015-12,경남,6.0,2015,12
2015-12,경북,6.268287279,2015,12
2015-12,광주,6.0,2015,12
2015-12,대구,4.656092029,2015,12
2015-12,대전,5.56789743,2015,12
2015-12,부산,5.256964302,2015,12
2015-12,서울,4.695652174,2015,12
2015-12,세종,4.909090909,2015,12
2015-12,울산,5.666666667,2015,12
2015-12,인천,5.333333333,2015,12
2015-12,전남,7.223838929,2015,12
2015-12,전북,7.439455958,2015,12
2015-12,제주,7.238095238,2015,12
2015-12,충남,6.75,2015,12
2015-12,충북,6.857142857,2015,12
2016-01,강원,7.860410281,2016,1
2016-01,경기,4.941176471,2016,1
2016-01,경남,6.0,2016,1
2016-01,경북,6.313349282,2016,1
2016-01,광주,5.99409082,2016,1
2016-01,대구,4.615384615,2016,1
2016-01,대전,5.533518805,2016,1
2016-01,부산,5.25,2016,1
2016-01,서울,4.615384615,2016,1
2016-01,세종,4.800198328,2016,1
2016-01,울산,5.647058824,2016,1
2016-01,인천,5.187117174,2016,1
2016-01,전남,7.384615385,2016,1
2016-01,전북,7.354997943,2016,1
2016-01,제주,6.656026902,2016,1
2016-01,충남,6.666666667,2016,1
2016-01,충북,6.896551724,2016,1
2016-02,강원,7.618921396,2016,2
2016-02,경기,4.811444035,2016,2
2016-02,경남,6.0,2016,2
2016-02,경북,6.147306007,2016,2
2016-02,광주,5.838943265,2016,2
2016-02,대구,4.588235294,2016,2
2016-02,대전,5.4,2016,2
2016-02,부산,5.236363636,2016,2
2016-02,서울,4.551724138,2016,2
2016-02,세종,4.8,2016,2
2016-02,울산,5.455203974,2016,2
2016-02,인천,5.076923077,2016,2
2016-02,전남,7.2,2016,2
2016-02,전북,6.666666667,2016,2
2016-02,제주,6.137741406,2016,2
2016-02,충남,6.620689655,2016,2
2016-02,충북,6.941195404,2016,2
2016-03,강원,7.384615385,2016,3
2016-03,경기,4.8,2016,3
2016-03,경남,5.979522184,2016,3
2016-03,경북,6.148351648,2016,3
2016-03,광주,5.647058824,2016,3
2016-03,대구,4.578387396,2016,3
2016-03,대전,5.333333333,2016,3
2016-03,부산,5.145525075,2016,3
2016-03,서울,4.5,2016,3
2016-03,세종,4.909090909,2016,3
2016-03,울산,5.454545455,2016,3
2016-03,인천,5.007458322,2016,3
2016-03,전남,7.250544628,2016,3
2016-03,전북,6.545454545,2016,3
2016-03,제주,5.789469474,2016,3
2016-03,충남,6.545454545,2016,3
2016-03,충북,6.857142857,2016,3
2016-04,강원,7.379009275,2016,4
2016-04,경기,4.8,2016,4
2016-04,경남,5.990692208,2016,4
2016-04,경북,6.0,2016,4
2016-04,광주,5.55,2016,4
2016-04,대구,4.588235294,2016,4
2016-04,대전,5.333333333,2016,4
2016-04,부산,5.142857143,2016,4
2016-04,서울,4.5,2016,4
2016-04,세종,5.0,2016,4
2016-04,울산,5.333333333,2016,4
2016-04,인천,4.952700253,2016,4
2016-04,전남,7.5,2016,4
2016-04,전북,6.461538462,2016,4
2016-04,제주,5.585996736,2016,4
2016-04,충남,6.4,2016,4
2016-04,충북,6.857142857,2016,4
2016-05,강원,7.325203252,2016,5
2016-05,경기,4.8,2016,5
2016-05,경남,5.806451613,2016,5
2016-05,경북,6.306493506,2016,5
2016-05,광주,5.575261028,2016,5
2016-05,대구,4.626506024,2016,5
2016-05,대전,5.333333333,2016,5
2016-05,부산,5.103203273,2016,5
2016-05,서울,4.495501323,2016,5
2016-05,세종,5.997797912,2016,5
2016-05,울산,5.150384193,2016,5
2016-05,인천,4.941176471,2016,5
2016-05,전남,6.951699893,2016,5
2016-05,전북,6.398778928,2016,5
2016-05,제주,5.544632041,2016,5
2016-05,충남,6.343898289,2016,5
2016-05,충북,6.781180795,2016,5
2016-06,강원,7.372382539,2016,6
2016-06,경기,4.8,2016,6
2016-06,경남,5.76,2016,6
2016-06,경북,6.241249187,2016,6
2016-06,광주,5.647058824,2016,6
2016-06,대구,4.662397387,2016,6
2016-06,대전,5.314764355,2016,6
2016-06,부산,5.13409168,2016,6
2016-06,서울,4.457142857,2016,6
2016-06,세종,5.818181818,2016,6
2016-06,울산,5.142857143,2016,6
2016-06,인천,4.938757753,2016,6
2016-06,전남,7.0,2016,6
2016-06,전북,6.428571429,2016,6
2016-06,제주,5.289152485,2016,6
2016-06,충남,6.260869565,2016,6
2016-06,충북,6.772850679,2016,6
2016-07,강원,7.30931677,2016,7
2016-07,경기,4.8,2016,7
2016-07,경남,5.684210526,2016,7
2016-07,경북,6.352941176,2016,7
2016-07,광주,5.66059939,2016,7
2016-07,대구,4.670892653,2016,7
2016-07,대전,5.212013347,2016,7
2016-07,부산,5.058434317,2016,7
2016-07,서울,4.434782609,2016,7
2016-07,세종,5.333333333,2016,7
2016-07,울산,5.023255814,2016,7
2016-07,인천,4.941176471,2016,7
2016-07,전남,7.451886201,2016,7
2016-07,전북,6.406515413,2016,7
2016-07,제주,5.172413793,2016,7
2016-07,충남,6.315789474,2016,7
2016-07,충북,6.666666667,2016,7
2016-08,강원,7.314845274,2016,8
2016-08,경기,4.8,2016,8
2016-08,경남,5.538461538,2016,8
2016-08,경북,6.0,2016,8
2016-08,광주,5.708993026,2016,8
2016-08,대구,4.662631125,2016,8
2016-08,대전,5.143809107,2016,8
2016-08,부산,5.003487885,2016,8
2016-08,서울,4.390243902,2016,8
2016-08,세종,5.6,2016,8
2016-08,울산,4.981251647,2016,8
2016-08,인천,4.941176471,2016,8
2016-08,전남,7.622093023,2016,8
2016-08,전북,6.545454545,2016,8
2016-08,제주,5.185182222,2016,8
2016-08,충남,6.315789474,2016,8
2016-08,충북,6.516853305,2016,8
2016-09,강원,7.384615385,2016,9
2016-09,경기,4.772727273,2016,9
2016-09,경남,5.541731551,2016,9
2016-09,경북,5.957198076,2016,9
2016-09,광주,5.6,2016,9
2016-09,대구,4.608296404,2016,9
2016-09,대전,5.142857143,2016,9
2016-09,부산,5.0,2016,9
2016-09,서울,4.362593731,2016,9
2016-09,세종,5.0,2016,9
2016-09,울산,4.90952461,2016,9
2016-09,인천,4.909090909,2016,9
2016-09,전남,7.636363636,2016,9
2016-09,전북,6.248070141,2016,9
2016-09,제주,5.172413793,2016,9
2016-09,충남,6.24,2016,9
2016-09,충북,6.0,2016,9
2016-10,강원,7.568488598,2016,10
2016-10,경기,4.727497032,2016,10
2016-10,경남,5.6,2016,10
2016-10,경북,5.882352941,2016,10
2016-10,광주,5.58152522,2016,10
2016-10,대구,4.594592432,2016,10
2016-10,대전,5.169230769,2016,10
2016-10,부산,4.881845756,2016,10
2016-10,서울,4.285714286,2016,10
2016-10,세종,4.714285714,2016,10
2016-10,울산,4.909090909,2016,10
2016-10,인천,4.857142857,2016,10
2016-10,전남,7.873754153,2016,10
2016-10,전북,6.248070141,2016,10
2016-10,제주,5.245714286,2016,10
2016-10,충남,6.268656716,2016,10
2016-10,충북,6.0,2016,10
2016-11,강원,7.422680412,2016,11
2016-11,경기,4.682267387,2016,11
2016-11,경남,5.469690205,2016,11
2016-11,경북,5.714285714,2016,11
2016-11,광주,5.454545455,2016,11
2016-11,대구,4.562844357,2016,11
2016-11,대전,5.142857143,2016,11
2016-11,부산,4.8,2016,11
2016-11,서울,4.246153846,2016,11
2016-11,세종,4.118623277,2016,11
2016-11,울산,4.809600084,2016,11
2016-11,인천,4.8,2016,11
2016-11,전남,7.636363636,2016,11
2016-11,전북,6.248070141,2016,11
2016-11,제주,5.333333333,2016,11
2016-11,충남,6.109090909,2016,11
2016-11,충북,6.0,2016,11
2016-12,강원,7.2,2016,12
2016-12,경기,4.645571063,2016,12
2016-12,경남,5.333333333,2016,12
2016-12,경북,5.656348798,2016,12
2016-12,광주,5.4,2016,12
2016-12,대구,4.5,2016,12
2016-12,대전,5.142857143,2016,12
2016-12,부산,4.787163252,2016,12
2016-12,서울,4.2,2016,12
2016-12,세종,4.125,2016,12
2016-12,울산,4.8,2016,12
2016-12,인천,4.8,2016,12
2016-12,전남,7.5,2016,12
2016-12,전북,6.068612067,2016,12
2016-12,제주,5.027015247,2016,12
2016-12,충남,6.166577387,2016,12
2016-12,충북,6.0,2016,12
2017-01,강원,7.105917978,2017,1
2017-01,경기,4.615384615,2017,1
2017-01,경남,5.333333333,2017,1
2017-01,경북,5.865604778,2017,1
2017-01,광주,5.333333333,2017,1
2017-01,대구,4.454998378,2017,1
2017-01,대전,5.076923077,2017,1
2017-01,부산,4.722274172,2017,1
2017-01,서울,4.181818182,2017,1
2017-01,세종,4.125174312,2017,1
2017-01,울산,4.8,2017,1
2017-01,인천,4.782906979,2017,1
2017-01,전남,7.304347826,2017,1
2017-01,전북,6.0,2017,1
2017-01,제주,5.29395,2017,1
2017-01,충남,6.177253763,2017,1
2017-01,충북,5.967349843,2017,1
2017-02,강원,6.857142857,2017,2
2017-02,경기,4.581818182,2017,2
2017-02,경남,5.247686769,2017,2
2017-02,경북,5.6,2017,2
2017-02,광주,5.333333333,2017,2
2017-02,대구,4.363636364,2017,2
2017-02,대전,5.142857143,2017,2
2017-02,부산,4.666666667,2017,2
2017-02,서울,4.153846154,2017,2
2017-02,세종,4.186046512,2017,2
2017-02,울산,4.729100118,2017,2
2017-02,인천,4.714285714,2017,2
2017-02,전남,6.923076923,2017,2
2017-02,전북,6.0,2017,2
2017-02,제주,4.999999,2017,2
2017-02,충남,6.266666667,2017,2
2017-02,충북,6.0,2017,2
2017-03,강원,6.595441624,2017,3
2017-03,경기,4.571428571,2017,3
2017-03,경남,5.25,2017,3
2017-03,경북,5.714285714,2017,3
2017-03,광주,5.217391304,2017,3
2017-03,대구,4.361278295,2017,3
2017-03,대전,5.16,2017,3
2017-03,부산,4.666666667,2017,3
2017-03,서울,4.136483906,2017,3
2017-03,세종,4.2,2017,3
2017-03,울산,4.8,2017,3
2017-03,인천,4.714285714,2017,3
2017-03,전남,7.017973118,2017,3
2017-03,전북,6.0,2017,3
2017-03,제주,4.823425423,2017,3
2017-03,충남,6.228992564,2017,3
2017-03,충북,6.136116269,2017,3
2017-04,강원,6.48,2017,4
2017-04,경기,4.554744526,2017,4
2017-04,경남,5.194061443,2017,4
2017-04,경북,5.714285714,2017,4
2017-04,광주,5.236736659,2017,4
2017-04,대구,4.363636364,2017,4
2017-04,대전,5.151970058,2017,4
2017-04,부산,4.695652174,2017,4
2017-04,서울,4.128366854,2017,4
2017-04,세종,4.235294118,2017,4
2017-04,울산,4.8,2017,4
2017-04,인천,4.724466673,2017,4
2017-04,전남,6.934140214,2017,4
2017-04,전북,6.0,2017,4
2017-04,제주,4.761902857,2017,4
2017-04,충남,6.0,2017,4
2017-04,충북,6.260869565,2017,4
2017-05,강원,6.5,2017,5
2017-05,경기,4.569995817,2017,5
2017-05,경남,5.189446142,2017,5
2017-05,경북,5.948829017,2017,5
2017-05,광주,5.257065949,2017,5
2017-05,대구,4.421052632,2017,5
2017-05,대전,5.142857143,2017,5
2017-05,부산,4.719033614,2017,5
2017-05,서울,4.125,2017,5
2017-05,세종,4.333333333,2017,5
2017-05,울산,4.880802894,2017,5
2017-05,인천,4.750517793,2017,5
2017-05,전남,7.058823529,2017,5
2017-05,전북,6.0,2017,5
2017-05,제주,4.815317616,2017,5
2017-05,충남,6.000457723,2017,5
2017-05,충북,6.24,2017,5
2017-06,강원,6.75,2017,6
2017-06,경기,4.571428571,2017,6
2017-06,경남,5.217391304,2017,6
2017-06,경북,6.0,2017,6
2017-06,광주,5.255864942,2017,6
2017-06,대구,4.363636364,2017,6
2017-06,대전,5.176367084,2017,6
2017-06,부산,4.714285714,2017,6
2017-06,서울,4.129032258,2017,6
2017-06,세종,4.426229508,2017,6
2017-06,울산,4.867926454,2017,6
2017-06,인천,4.78536091,2017,6
2017-06,전남,7.384615385,2017,6
2017-06,전북,6.0,2017,6
2017-06,제주,4.75804208,2017,6
2017-06,충남,6.0,2017,6
2017-06,충북,6.17369727,2017,6
2017-07,강원,6.835026341,2017,7
2017-07,경기,4.615384615,2017,7
2017-07,경남,5.25,2017,7
2017-07,경북,6.0,2017,7
2017-07,광주,5.333333333,2017,7
2017-07,대구,4.429056788,2017,7
2017-07,대전,5.181818182,2017,7
2017-07,부산,4.765108052,2017,7
2017-07,서울,4.109653275,2017,7
2017-07,세종,4.714285714,2017,7
2017-07,울산,4.962407342,2017,7
2017-07,인천,4.8,2017,7
2017-07,전남,7.259813084,2017,7
2017-07,전북,6.153846154,2017,7
2017-07,제주,4.745454545,2017,7
2017-07,충남,6.0,2017,7
2017-07,충북,6.0,2017,7
2017-08,강원,6.857142857,2017,8
2017-08,경기,4.615988686,2017,8
2017-08,경남,5.333333333,2017,8
2017-08,경북,6.0,2017,8
2017-08,광주,5.4,2017,8
2017-08,대구,4.5,2017,8
2017-08,대전,5.142857143,2017,8
2017-08,부산,4.796282826,2017,8
2017-08,서울,4.097560976,2017,8
2017-08,세종,4.793860452,2017,8
2017-08,울산,4.941176471,2017,8
2017-08,인천,4.8,2017,8
2017-08,전남,7.507425743,2017,8
2017-08,전북,6.273385446,2017,8
2017-08,제주,4.740165119,2017,8
2017-08,충남,6.0,2017,8
2017-08,충북,6.176470588,2017,8
2017-09,강원,6.857142857,2017,9
2017-09,경기,4.615384615,2017,9
2017-09,경남,5.247977754,2017,9
2017-09,경북,6.0,2017,9
2017-09,광주,5.454545455,2017,9
2017-09,대구,4.50041038,2017,9
2017-09,대전,5.142857143,2017,9
2017-09,부산,4.714285714,2017,9
2017-09,서울,4.085106383,2017,9
2017-09,세종,4.778033808,2017,9
2017-09,울산,4.863958288,2017,9
2017-09,인천,4.8,2017,9
2017-09,전남,7.589473684,2017,9
2017-09,전북,6.302991927,2017,9
2017-09,제주,4.745454545,2017,9
2017-09,충남,6.0,2017,9
2017-09,충북,6.052823518,2017,9
2017-10,강원,6.908575101,2017,10
2017-10,경기,4.615384615,2017,10
2017-10,경남,5.24921558,2017,10
2017-10,경북,5.916267258,2017,10
2017-10,광주,5.4,2017,10
2017-10,대구,4.50216356,2017,10
2017-10,대전,5.134502153,2017,10
2017-10,부산,4.666666667,2017,10
2017-10,서울,4.071428571,2017,10
2017-10,세종,4.665591233,2017,10
2017-10,울산,5.0,2017,10
2017-10,인천,4.8,2017,10
2017-10,전남,7.5,2017,10
2017-10,전북,6.128735632,2017,10
2017-10,제주,4.705913474,2017,10
2017-10,충남,6.0,2017,10
2017-10,충북,6.066231133,2017,10
2017-11,강원,6.857142857,2017,11
2017-11,경기,4.615384615,2017,11
2017-11,경남,5.184280174,2017,11
2017-11,경북,5.76,2017,11
2017-11,광주,5.4,2017,11
2017-11,대구,4.5,2017,11
2017-11,대전,5.142857143,2017,11
2017-11,부산,4.666666667,2017,11
2017-11,서울,4.064293295,2017,11
2017-11,세종,4.615700445,2017,11
2017-11,울산,4.997788747,2017,11
2017-11,인천,4.8,2017,11
2017-11,전남,7.507425743,2017,11
2017-11,전북,6.193548387,2017,11
2017-11,제주,4.749473684,2017,11
2017-11,충남,6.0,2017,11
2017-11,충북,6.317469205,2017,11
2017-12,강원,6.666666667,2017,12
2017-12,경기,4.631578947,2017,12
2017-12,경남,5.142857143,2017,12
2017-12,경북,5.538461538,2017,12
2017-12,광주,5.322570862,2017,12
2017-12,대구,4.5,2017,12
2017-12,대전,5.142857143,2017,12
2017-12,부산,4.666666667,2017,12
2017-12,서울,4.051948052,2017,12
2017-12,세종,4.618519726,2017,12
2017-12,울산,4.909090909,2017,12
2017-12,인천,4.8,2017,12
2017-12,전남,7.43114164,2017,12
2017-12,전북,6.074991704,2017,12
2017-12,제주,4.995139802,2017,12
2017-12,충남,6.0,2017,12
2017-12,충북,6.033388181,2017,12
2018-01,강원,6.981818182,2018,1
2018-01,경기,4.626029228,2018,1
2018-01,경남,5.153788447,2018,1
2018-01,경북,5.569469192,2018,1
2018-01,광주,5.228655545,2018,1
2018-01,대구,4.444444444,2018,1
2018-01,대전,5.076923077,2018,1
2018-01,부산,4.666666667,2018,1
2018-01,서울,4.008405894,2018,1
2018-01,세종,4.617895985,2018,1
2018-01,울산,4.965517241,2018,1
2018-01,인천,4.8,2018,1
2018-01,전남,7.294382022,2018,1
2018-01,전북,6.0,2018,1
2018-01,제주,4.736842105,2018,1
2018-01,충남,6.0,2018,1
2018-01,충북,6.0,2018,1
2018-02,강원,6.75,2018,2
2018-02,경기,4.615384615,2018,2
2018-02,경남,5.140878403,2018,2
2018-02,경북,5.538461538,2018,2
2018-02,광주,5.179150648,2018,2
2018-02,대구,4.409898757,2018,2
2018-02,대전,5.0,2018,2
2018-02,부산,4.666666667,2018,2
2018-02,서울,4.000835204,2018,2
2018-02,세종,4.66161401,2018,2
2018-02,울산,4.8,2018,2
2018-02,인천,4.803351851,2018,2
2018-02,전남,7.058823529,2018,2
2018-02,전북,6.0,2018,2
2018-02,제주,4.797125615,2018,2
2018-02,충남,6.0,2018,2
2018-02,충북,6.0,2018,2
2018-03,강원,6.639524672,2018,3
2018-03,경기,4.628571429,2018,3
2018-03,경남,5.12,2018,3
2018-03,경북,5.702500297,2018,3
2018-03,광주,5.217391304,2018,3
2018-03,대구,4.415575044,2018,3
2018-03,대전,5.142857143,2018,3
2018-03,부산,4.685521003,2018,3
2018-03,서울,4.004198536,2018,3
2018-03,세종,4.716664144,2018,3
2018-03,울산,4.8,2018,3
2018-03,인천,4.888888889,2018,3
2018-03,전남,7.157095827,2018,3
2018-03,전북,6.0,2018,3
2018-03,제주,4.727275636,2018,3
2018-03,충남,6.0,2018,3
2018-03,충북,6.126352263,2018,3
2018-04,강원,6.545454545,2018,4
2018-04,경기,4.666666667,2018,4
2018-04,경남,5.054035574,2018,4
2018-04,경북,5.715058057,2018,4
2018-04,광주,5.222385897,2018,4
2018-04,대구,4.44444,2018,4
2018-04,대전,5.142857143,2018,4
2018-04,부산,4.730800656,2018,4
2018-04,서울,4.017594571,2018,4
2018-04,세종,4.8,2018,4
2018-04,울산,4.8,2018,4
2018-04,인천,4.897959184,2018,4
2018-04,전남,7.36066533,2018,4
2018-04,전북,6.0,2018,4
2018-04,제주,4.762285714,2018,4
2018-04,충남,6.0,2018,4
2018-04,충북,6.399753391,2018,4
2018-05,강원,6.545454545,2018,5
2018-05,경기,4.695652174,2018,5
2018-05,경남,5.070094766,2018,5
2018-05,경북,5.793103448,2018,5
2018-05,광주,5.189200882,2018,5
2018-05,대구,4.4,2018,5
2018-05,대전,5.151704858,2018,5
2018-05,부산,4.736842105,2018,5
2018-05,서울,4.051948052,2018,5
2018-05,세종,4.786785684,2018,5
2018-05,울산,4.8,2018,5
2018-05,인천,4.888888889,2018,5
2018-05,전남,7.2,2018,5
2018-05,전북,6.0,2018,5
2018-05,제주,4.745454545,2018,5
2018-05,충남,6.0,2018,5
2018-05,충북,6.189088255,2018,5
2018-06,강원,6.4,2018,6
2018-06,경기,4.695652174,2018,6
2018-06,경남,5.076923077,2018,6
2018-06,경북,5.9697736,2018,6
2018-06,광주,5.316455696,2018,6
2018-06,대구,4.4,2018,6
2018-06,대전,5.2,2018,6
2018-06,부산,4.79122086,2018,6
2018-06,서울,4.054054054,2018,6
2018-06,세종,4.8,2018,6
2018-06,울산,4.8,2018,6
2018-06,인천,4.888888889,2018,6
2018-06,전남,7.272727273,2018,6
2018-06,전북,5.97067807,2018,6
2018-06,제주,4.745454545,2018,6
2018-06,충남,6.0,2018,6
2018-06,충북,6.067074718,2018,6
2018-07,강원,6.4,2018,7
2018-07,경기,4.695652174,2018,7
2018-07,경남,5.052631579,2018,7
2018-07,경북,5.825242718,2018,7
2018-07,광주,5.333333333,2018,7
2018-07,대구,4.385905895,2018,7
2018-07,대전,5.172413793,2018,7
2018-07,부산,4.73635971,2018,7
2018-07,서울,4.068179147,2018,7
2018-07,세종,4.909090909,2018,7
2018-07,울산,4.8,2018,7
2018-07,인천,4.885714286,2018,7
2018-07,전남,7.507425743,2018,7
2018-07,전북,6.4,2018,7
2018-07,제주,4.745454545,2018,7
2018-07,충남,6.0,2018,7
2018-07,충북,6.0,2018,7
2018-08,강원,6.4,2018,8
2018-08,경기,4.714285714,2018,8
2018-08,경남,5.034415131,2018,8
2018-08,경북,5.962732919,2018,8
2018-08,광주,5.340414343,2018,8
2018-08,대구,4.408163265,2018,8
2018-08,대전,5.16,2018,8
2018-08,부산,4.733966005,2018,8
2018-08,서울,4.06779661,2018,8
2018-08,세종,5.028497383,2018,8
2018-08,울산,4.811433385,2018,8
2018-08,인천,4.875,2018,8
2018-08,전남,7.507281553,2018,8
2018-08,전북,6.461538462,2018,8
2018-08,제주,4.745454545,2018,8
2018-08,충남,6.0,2018,8
2018-08,충북,6.0,2018,8
2018-09,강원,6.421487083,2018,9
2018-09,경기,4.721311475,2018,9
2018-09,경남,5.04,2018,9
2018-09,경북,5.825242718,2018,9
2018-09,광주,5.344734813,2018,9
2018-09,대구,4.5,2018,9
2018-09,대전,5.0,2018,9
2018-09,부산,4.666666667,2018,9
2018-09,서울,4.043455004,2018,9
2018-09,세종,5.142857143,2018,9
2018-09,울산,4.8,2018,9
2018-09,인천,4.864864865,2018,9
2018-09,전남,7.404255319,2018,9
2018-09,전북,6.545454545,2018,9
2018-09,제주,4.745454545,2018,9
2018-09,충남,6.0,2018,9
2018-09,충북,6.0,2018,9
2018-10,강원,6.44295302,2018,10
2018-10,경기,4.695652174,2018,10
2018-10,경남,5.042639213,2018,10
2018-10,경북,5.908566151,2018,10
2018-10,광주,5.333333333,2018,10
2018-10,대구,4.571428571,2018,10
2018-10,대전,4.919933261,2018,10
2018-10,부산,4.651610478,2018,10
2018-10,서울,4.000656023,2018,10
2018-10,세종,5.077712524,2018,10
2018-10,울산,4.87225954,2018,10
2018-10,인천,4.86749749,2018,10
2018-10,전남,7.379447435,2018,10
2018-10,전북,6.461538462,2018,10
2018-10,제주,4.741721854,2018,10
2018-10,충남,6.0,2018,10
2018-10,충북,6.0,2018,10
2018-11,강원,6.374769104,2018,11
2018-11,경기,4.668702864,2018,11
2018-11,경남,5.033593598,2018,11
2018-11,경북,5.796933603,2018,11
2018-11,광주,5.312651162,2018,11
2018-11,대구,4.562279342,2018,11
2018-11,대전,4.864864865,2018,11
2018-11,부산,4.66362821,2018,11
2018-11,서울,4.0,2018,11
2018-11,세종,5.0,2018,11
2018-11,울산,4.88372093,2018,11
2018-11,인천,4.864747519,2018,11
2018-11,전남,7.181672932,2018,11
2018-11,전북,6.666666667,2018,11
2018-11,제주,4.741721854,2018,11
2018-11,충남,6.0,2018,11
2018-11,충북,5.920022709,2018,11
2018-12,강원,6.072324543,2018,12
2018-12,경기,4.666666667,2018,12
2018-12,경남,5.001181425,2018,12
2018-12,경북,5.658760108,2018,12
2018-12,광주,5.260566614,2018,12
2018-12,대구,4.511329779,2018,12
2018-12,대전,4.8,2018,12
2018-12,부산,4.660194175,2018,12
2018-12,서울,4.0,2018,12
2018-12,세종,4.976401375,2018,12
2018-12,울산,4.8,2018,12
2018-12,인천,4.865765766,2018,12
2018-12,전남,6.226495726,2018,12
2018-12,전북,6.666666667,2018,12
2018-12,제주,4.842101053,2018,12
2018-12,충남,6.0,2018,12
2018-12,충북,5.739130435,2018,12
2019-01,강원,6.034391434,2019,1
2019-01,경기,4.666666667,2019,1
2019-01,경남,5.0,2019,1
2019-01,경북,5.652173913,2019,1
2019-01,광주,5.173665067,2019,1
2019-01,대구,4.444444444,2019,1
2019-01,대전,4.8,2019,1
2019-01,부산,4.660865887,2019,1
2019-01,서울,4.0,2019,1
2019-01,세종,4.909090909,2019,1
2019-01,울산,4.8,2019,1
2019-01,인천,4.896322477,2019,1
2019-01,전남,6.0,2019,1
2019-01,전북,6.0,2019,1
2019-01,제주,4.766547648,2019,1
2019-01,충남,6.0,2019,1
2019-01,충북,5.731343284,2019,1
2019-02,강원,6.0,2019,2
2019-02,경기,4.660102534,2019,2
2019-02,경남,5.0,2019,2
2019-02,경북,5.584607053,2019,2
2019-02,광주,5.076923077,2019,2
2019-02,대구,4.375,2019,2
2019-02,대전,4.714285714,2019,2
2019-02,부산,4.653942611,2019,2
2019-02,서울,4.0,2019,2
2019-02,세종,4.8,2019,2
2019-02,울산,4.864864865,2019,2
2019-02,인천,4.893639765,2019,2
2019-02,전남,6.0,2019,2
2019-02,전북,6.0,2019,2
2019-02,제주,4.785550685,2019,2
2019-02,충남,5.806451613,2019,2
2019-02,충북,5.726473098,2019,2
2019-03,강원,6.0,2019,3
2019-03,경기,4.682926829,2019,3
2019-03,경남,5.0,2019,3
2019-03,경북,5.553706851,2019,3
2019-03,광주,5.071252882,2019,3
2019-03,대구,4.380136807,2019,3
2019-03,대전,4.717241379,2019,3
2019-03,부산,4.666666667,2019,3
2019-03,서울,4.0,2019,3
2019-03,세종,4.705585033,2019,3
2019-03,울산,4.901098914,2019,3
2019-03,인천,4.900277326,2019,3
2019-03,전남,6.0,2019,3
2019-03,전북,6.0,2019,3
2019-03,제주,4.813019361,2019,3
2019-03,충남,5.769230769,2019,3
2019-03,충북,5.660377358,2019,3
2019-04,강원,6.0,2019,4
2019-04,경기,4.714285714,2019,4
2019-04,경남,5.0,2019,4
2019-04,경북,5.538461538,2019,4
2019-04,광주,5.142857143,2019,4
2019-04,대구,4.4,2019,4
2019-04,대전,4.8,2019,4
2019-04,부산,4.714285714,2019,4
2019-04,서울,4.059361246,2019,4
2019-04,세종,4.661538952,2019,4
2019-04,울산,4.875,2019,4
2019-04,인천,4.941176471,2019,4
2019-04,전남,6.250434783,2019,4
2019-04,전북,6.0,2019,4
2019-04,제주,4.777484113,2019,4
2019-04,충남,5.806451613,2019,4
2019-04,충북,5.669289152,2019,4
2019-05,강원,6.0,2019,5
2019-05,경기,4.721311475,2019,5
2019-05,경남,5.0,2019,5
2019-05,경북,5.538461538,2019,5
2019-05,광주,5.162068966,2019,5
2019-05,대구,4.51318445,2019,5
2019-05,대전,4.8,2019,5
2019-05,부산,4.727272727,2019,5
2019-05,서울,4.074810724,2019,5
2019-05,세종,4.710351377,2019,5
2019-05,울산,4.814163566,2019,5
2019-05,인천,4.965517241,2019,5
2019-05,전남,6.315789474,2019,5
2019-05,전북,6.0,2019,5
2019-05,제주,4.76114176,2019,5
2019-05,충남,5.970375997,2019,5
2019-05,충북,5.755836293,2019,5
2019-06,강원,6.0,2019,6
2019-06,경기,4.724409449,2019,6
2019-06,경남,5.001397629,2019,6
2019-06,경북,5.569273654,2019,6
2019-06,광주,5.25,2019,6
2019-06,대구,4.571428571,2019,6
2019-06,대전,4.837904564,2019,6
2019-06,부산,4.714285714,2019,6
2019-06,서울,4.085106383,2019,6
2019-06,세종,4.799866773,2019,6
2019-06,울산,4.814268932,2019,6
2019-06,인천,4.984615385,2019,6
2019-06,전남,6.4,2019,6
2019-06,전북,6.0,2019,6
2019-06,제주,4.782605217,2019,6
2019-06,충남,6.0,2019,6
2019-06,충북,5.76,2019,6
2019-07,강원,6.0,2019,7
2019-07,경기,4.744186047,2019,7
2019-07,경남,5.0,2019,7
2019-07,경북,5.516877323,2019,7
2019-07,광주,5.268292683,2019,7
2019-07,대구,4.554939051,2019,7
2019-07,대전,4.897959184,2019,7
2019-07,부산,4.682926829,2019,7
2019-07,서울,4.08,2019,7
2019-07,세종,4.8,2019,7
2019-07,울산,4.801354153,2019,7
2019-07,인천,4.940198932,2019,7
2019-07,전남,6.461538462,2019,7
2019-07,전북,6.0,2019,7
2019-07,제주,4.745454545,2019,7
2019-07,충남,6.0,2019,7
2019-07,충북,5.793103448,2019,7
2019-08,강원,6.545454545,2019,8
2019-08,경기,4.750672783,2019,8
2019-08,경남,5.0,2019,8
2019-08,경북,5.276935355,2019,8
2019-08,광주,5.25,2019,8
2019-08,대구,4.609928656,2019,8
2019-08,대전,5.0,2019,8
2019-08,부산,4.695652174,2019,8
2019-08,서울,4.05389791,2019,8
2019-08,세종,4.897959184,2019,8
2019-08,울산,4.8,2019,8
2019-08,인천,4.941176471,2019,8
2019-08,전남,6.461538462,2019,8
2019-08,전북,6.0,2019,8
2019-08,제주,4.745454545,2019,8
2019-08,충남,6.0,2019,8
2019-08,충북,5.76,2019,8
2019-09,강원,6.461538462,2019,9
2019-09,경기,4.727272727,2019,9
2019-09,경남,5.0,2019,9
2019-09,경북,5.25,2019,9
2019-09,광주,5.217391304,2019,9
2019-09,대구,4.638181818,2019,9
2019-09,대전,5.050641967,2019,9
2019-09,부산,4.666666667,2019,9
2019-09,서울,4.026205841,2019,9
2019-09,세종,4.845407446,2019,9
2019-09,울산,4.8,2019,9
2019-09,인천,4.909944248,2019,9
2019-09,전남,6.328204098,2019,9
2019-09,전북,6.0,2019,9
2019-09,제주,4.745454545,2019,9
2019-09,충남,6.0,2019,9
2019-09,충북,5.863222645,2019,9
2019-10,강원,6.316544892,2019,10
2019-10,경기,4.695078605,2019,10
2019-10,경남,5.0,2019,10
2019-10,경북,5.211119459,2019,10
2019-10,광주,5.142857143,2019,10
2019-10,대구,4.571428571,2019,10
2019-10,대전,5.031533582,2019,10
2019-10,부산,4.615384615,2019,10
2019-10,서울,4.0,2019,10
2019-10,세종,4.827863954,2019,10
2019-10,울산,4.8,2019,10
2019-10,인천,4.870836166,2019,10
2019-10,전남,6.127659574,2019,10
2019-10,전북,5.997280145,2019,10
2019-10,제주,4.743860469,2019,10
2019-10,충남,6.0,2019,10
2019-10,충북,5.868458381,2019,10
2019-11,강원,6.238842997,2019,11
2019-11,경기,4.64516129,2019,11
2019-11,경남,5.0,2019,11
2019-11,경북,5.260143198,2019,11
2019-11,광주,5.142857143,2019,11
2019-11,대구,4.408163265,2019,11
2019-11,대전,5.045376647,2019,11
2019-11,부산,4.615384615,2019,11
2019-11,서울,4.0,2019,11
2019-11,세종,4.8,2019,11
2019-11,울산,4.8,2019,11
2019-11,인천,4.8,2019,11
2019-11,전남,6.076132931,2019,11
2019-11,전북,5.999319959,2019,11
2019-11,제주,4.741721854,2019,11
2019-11,충남,6.0,2019,11
2019-11,충북,5.926925153,2019,11
2019-12,강원,6.0,2019,12
2019-12,경기,4.588745712,2019,12
2019-12,경남,4.9875,2019,12
2019-12,경북,5.142857143,2019,12
2019-12,광주,4.941176471,2019,12
2019-12,대구,4.412903226,2019,12
2019-12,대전,4.941176471,2019,12
2019-12,부산,4.588235294,2019,12
2019-12,서울,3.964703255,2019,12
2019-12,세종,4.615384615,2019,12
2019-12,울산,4.684263792,2019,12
2019-12,인천,4.764403558,2019,12
2019-12,전남,6.857142857,2019,12
2019-12,전북,6.109090909,2019,12
2019-12,제주,4.81151068,2019,12
2019-12,충남,6.0,2019,12
2019-12,충북,5.6,2019,12
2020-01,강원,6.0,2020,1
2020-01,경기,4.535032253,2020,1
2020-01,경남,4.976470588,2020,1
2020-01,경북,5.204819277,2020,1
2020-01,광주,4.909090909,2020,1
2020-01,대구,4.363636364,2020,1
2020-01,대전,5.027407889,2020,1
2020-01,부산,4.588235294,2020,1
2020-01,서울,3.988183161,2020,1
2020-01,세종,4.638675842,2020,1
2020-01,울산,4.695652174,2020,1
2020-01,인천,4.777777778,2020,1
2020-01,전남,6.76056338,2020,1
2020-01,전북,6.0,2020,1
2020-01,제주,4.90565434,2020,1
2020-01,충남,5.907692308,2020,1
2020-01,충북,5.718358675,2020,1
2020-02,강원,6.0,2020,2
2020-02,경기,4.5,2020,2
2020-02,경남,4.909090909,2020,2
2020-02,경북,5.211119459,2020,2
2020-02,광주,4.909090909,2020,2
2020-02,대구,4.32,2020,2
2020-02,대전,4.941176471,2020,2
2020-02,부산,4.574112579,2020,2
2020-02,서울,3.9799077,2020,2
2020-02,세종,4.500602234,2020,2
2020-02,울산,4.615384615,2020,2
2020-02,인천,4.753894081,2020,2
2020-02,전남,6.654654168,2020,2
2020-02,전북,6.202632525,2020,2
2020-02,제주,4.88167,2020,2
2020-02,충남,6.0,2020,2
2020-02,충북,5.818181818,2020,2
2020-03,강원,5.538461538,2020,3
2020-03,경기,4.5,2020,3
2020-03,경남,4.9402524,2020,3
2020-03,경북,5.260143198,2020,3
2020-03,광주,4.914285714,2020,3
2020-03,대구,4.294896577,2020,3
2020-03,대전,4.8,2020,3
2020-03,부산,4.597927846,2020,3
2020-03,서울,3.997415135,2020,3
2020-03,세종,4.5,2020,3
2020-03,울산,4.628571429,2020,3
2020-03,인천,4.714285714,2020,3
2020-03,전남,6.857142857,2020,3
2020-03,전북,6.214036719,2020,3
2020-03,제주,4.864864865,2020,3
2020-03,충남,6.0,2020,3
2020-03,충북,5.851262405,2020,3
2020-04,강원,5.76,2020,4
2020-04,경기,4.5,2020,4
2020-04,경남,4.909090909,2020,4
2020-04,경북,5.245463626,2020,4
2020-04,광주,4.99998,2020,4
2020-04,대구,4.375734044,2020,4
2020-04,대전,4.8,2020,4
2020-04,부산,4.595689825,2020,4
2020-04,서울,3.994363272,2020,4
2020-04,세종,4.450911774,2020,4
2020-04,울산,4.615384615,2020,4
2020-04,인천,4.726061429,2020,4
2020-04,전남,6.918489066,2020,4
2020-04,전북,6.10666837,2020,4
2020-04,제주,4.747565982,2020,4
2020-04,충남,6.0,2020,4
2020-04,충북,5.93630758,2020,4
2020-05,강원,5.6,2020,5
2020-05,경기,4.5,2020,5
2020-05,경남,4.909090909,2020,5
2020-05,경북,5.169230769,2020,5
2020-05,광주,5.001823227,2020,5
2020-05,대구,4.444444444,2020,5
2020-05,대전,4.8,2020,5
2020-05,부산,4.589067508,2020,5
2020-05,서울,3.991049759,2020,5
2020-05,세종,4.444444444,2020,5
2020-05,울산,4.658823529,2020,5
2020-05,인천,4.736842105,2020,5
2020-05,전남,6.9375,2020,5
2020-05,전북,6.124914055,2020,5
2020-05,제주,4.827583448,2020,5
2020-05,충남,6.0,2020,5
2020-05,충북,5.806451613,2020,5
2020-06,강원,5.789472983,2020,6
2020-06,경기,4.5,2020,6
2020-06,경남,4.906796308,2020,6
2020-06,경북,5.169230769,2020,6
2020-06,광주,5.025945894,2020,6
2020-06,대구,4.446545536,2020,6
2020-06,대전,4.8,2020,6
2020-06,부산,4.573776951,2020,6
2020-06,서울,3.985338829,2020,6
2020-06,세종,4.5,2020,6
2020-06,울산,4.615384615,2020,6
2020-06,인천,4.781643861,2020,6
2020-06,전남,6.352941176,2020,6
2020-06,전북,6.008838932,2020,6
2020-06,제주,4.745454545,2020,6
2020-06,충남,6.0,2020,6
2020-06,충북,5.944954128,2020,6
2020-07,강원,5.733333333,2020,7
2020-07,경기,4.5,2020,7
2020-07,경남,4.909090909,2020,7
2020-07,경북,5.142857143,2020,7
2020-07,광주,5.073672806,2020,7
2020-07,대구,4.444444444,2020,7
2020-07,대전,4.784378834,2020,7
2020-07,부산,4.554079696,2020,7
2020-07,서울,3.96,2020,7
2020-07,세종,4.570933505,2020,7
2020-07,울산,4.655402313,2020,7
2020-07,인천,4.714285714,2020,7
2020-07,전남,6.352941176,2020,7
2020-07,전북,6.05783237,2020,7
2020-07,제주,4.741721854,2020,7
2020-07,충남,6.339622642,2020,7
2020-07,충북,5.882887551,2020,7
2020-08,강원,5.825242718,2020,8
2020-08,경기,4.5,2020,8
2020-08,경남,4.989528936,2020,8
2020-08,경북,5.142857143,2020,8
2020-08,광주,5.108571429,2020,8
2020-08,대구,4.5,2020,8
2020-08,대전,4.615384615,2020,8
2020-08,부산,4.533729258,2020,8
2020-08,서울,3.969250988,2020,8
2020-08,세종,4.615923612,2020,8
2020-08,울산,4.68651695,2020,8
2020-08,인천,4.725129385,2020,8
2020-08,전남,6.352941176,2020,8
2020-08,전북,6.0,2020,8
2020-08,제주,4.741721854,2020,8
2020-08,충남,6.24,2020,8
2020-08,충북,5.76,2020,8
2020-09,강원,6.0,2020,9
2020-09,경기,4.490847458,2020,9
2020-09,경남,4.92972973,2020,9
2020-09,경북,5.142857143,2020,9
2020-09,광주,5.175427493,2020,9
2020-09,대구,4.411214953,2020,9
2020-09,대전,4.615384615,2020,9
2020-09,부산,4.5,2020,9
2020-09,서울,3.962591096,2020,9
2020-09,세종,4.514285208,2020,9
2020-09,울산,4.648061549,2020,9
2020-09,인천,4.749443714,2020,9
2020-09,전남,6.0,2020,9
2020-09,전북,6.0,2020,9
2020-09,제주,4.741721854,2020,9
2020-09,충남,6.206941512,2020,9
2020-09,충북,5.76,2020,9
2020-10,강원,6.0,2020,10
2020-10,경기,4.444444444,2020,10
2020-10,경남,4.96,2020,10
2020-10,경북,5.213420644,2020,10
2020-10,광주,5.142857143,2020,10
2020-10,대구,4.411214953,2020,10
2020-10,대전,4.557464209,2020,10
2020-10,부산,4.47570671,2020,10
2020-10,서울,3.980099502,2020,10
2020-10,세종,4.56854742,2020,10
2020-10,울산,4.615384615,2020,10
2020-10,인천,4.736842105,2020,10
2020-10,전남,6.0,2020,10
2020-10,전북,5.538461538,2020,10
2020-10,제주,4.741721854,2020,10
2020-10,충남,6.0,2020,10
2020-10,충북,5.588792089,2020,10
2020-11,강원,5.907692308,2020,11
2020-11,경기,4.428573312,2020,11
2020-11,경남,4.95,2020,11
2020-11,경북,5.052631579,2020,11
2020-11,광주,4.890674844,2020,11
2020-11,대구,4.402212125,2020,11
2020-11,대전,4.5,2020,11
2020-11,부산,4.412121196,2020,11
2020-11,서울,3.946365429,2020,11
2020-11,세종,4.46444732,2020,11
2020-11,울산,4.563077571,2020,11
2020-11,인천,4.755586852,2020,11
2020-11,전남,6.076132931,2020,11
2020-11,전북,5.600608828,2020,11
2020-11,제주,4.741721854,2020,11
2020-11,충남,5.777777778,2020,11
2020-11,충북,5.63923556,2020,11
2020-12,강원,5.855072464,2020,12
2020-12,경기,4.444444444,2020,12
2020-12,경남,4.806135099,2020,12
2020-12,경북,5.175125392,2020,12
2020-12,광주,4.873610805,2020,12
2020-12,대구,4.402212125,2020,12
2020-12,대전,4.444444444,2020,12
2020-12,부산,4.366474756,2020,12
2020-12,서울,3.961483591,2020,12
2020-12,세종,4.496442743,2020,12
2020-12,울산,4.5,2020,12
2020-12,인천,4.736842105,2020,12
2020-12,전남,6.744031408,2020,12
2020-12,전북,5.908645343,2020,12
2020-12,제주,4.827583448,2020,12
2020-12,충남,5.757047495,2020,12
2020-12,충북,5.538461538,2020,12
2021-01,강원,5.746024959,2021,1
2021-01,경기,4.452414314,2021,1
2021-01,경남,4.8,2021,1
2021-01,경북,5.260143198,2021,1
2021-01,광주,4.800880161,2021,1
2021-01,대구,4.402212125,2021,1
2021-01,대전,4.333333333,2021,1
2021-01,부산,4.339617516,2021,1
2021-01,서울,3.98503929,2021,1
2021-01,세종,4.364306553,2021,1
2021-01,울산,4.400500365,2021,1
2021-01,인천,4.714285714,2021,1
2021-01,전남,6.578828604,2021,1
2021-01,전북,6.0,2021,1
2021-01,제주,4.962655976,2021,1
2021-01,충남,5.907692308,2021,1
2021-01,충북,5.637983239,2021,1
2021-02,강원,5.754911173,2021,2
2021-02,경기,4.494382022,2021,2
2021-02,경남,4.8,2021,2
2021-02,경북,5.236363636,2021,2
2021-02,광주,4.8,2021,2
2021-02,대구,4.402212125,2021,2
2021-02,대전,4.407533399,2021,2
2021-02,부산,4.363636364,2021,2
2021-02,서울,4.022316394,2021,2
2021-02,세종,4.277588854,2021,2
2021-02,울산,4.401000731,2021,2
2021-02,인천,4.651641221,2021,2
2021-02,전남,6.468083523,2021,2
2021-02,전북,6.0,2021,2
2021-02,제주,4.962655976,2021,2
2021-02,충남,6.0,2021,2
2021-02,충북,5.714285714,2021,2
2021-03,강원,5.925539623,2021,3
2021-03,경기,4.498677413,2021,3
2021-03,경남,4.8,2021,3
2021-03,경북,5.25,2021,3
2021-03,광주,4.902202471,2021,3
2021-03,대구,4.333333333,2021,3
2021-03,대전,4.431599444,2021,3
2021-03,부산,4.363636364,2021,3
2021-03,서울,4.074680994,2021,3
2021-03,세종,4.173913043,2021,3
2021-03,울산,4.442222222,2021,3
2021-03,인천,4.620957309,2021,3
2021-03,전남,6.339622642,2021,3
2021-03,전북,6.075294118,2021,3
2021-03,제주,4.826357841,2021,3
2021-03,충남,6.0,2021,3
2021-03,충북,5.818181818,2021,3
2021-04,강원,5.998555881,2021,4
2021-04,경기,4.465116279,2021,4
2021-04,경남,4.8,2021,4
2021-04,경북,5.260143198,2021,4
2021-04,광주,4.909090909,2021,4
2021-04,대구,4.285714286,2021,4
2021-04,대전,4.4,2021,4
2021-04,부산,4.390976842,2021,4
2021-04,서울,4.075616748,2021,4
2021-04,세종,4.071428571,2021,4
2021-04,울산,4.368151495,2021,4
2021-04,인천,4.608,2021,4
2021-04,전남,6.358424459,2021,4
2021-04,전북,6.029947664,2021,4
2021-04,제주,4.839096774,2021,4
2021-04,충남,6.0,2021,4
2021-04,충북,5.788048813,2021,4
2021-05,강원,6.0,2021,5
2021-05,경기,4.457142857,2021,5
2021-05,경남,4.8,2021,5
2021-05,경북,5.217391304,2021,5
2021-05,광주,4.909090909,2021,5
2021-05,대구,4.234736378,2021,5
2021-05,대전,4.447469847,2021,5
2021-05,부산,4.430769231,2021,5
2021-05,서울,4.061206356,2021,5
2021-05,세종,4.0,2021,5
2021-05,울산,4.5,2021,5
2021-05,인천,4.615384615,2021,5
2021-05,전남,6.352941176,2021,5
2021-05,전북,6.233766234,2021,5
2021-05,제주,4.839096774,2021,5
2021-05,충남,6.0,2021,5
2021-05,충북,5.880747035,2021,5
2021-06,강원,5.853658537,2021,6
2021-06,경기,4.444444444,2021,6
2021-06,경남,4.8,2021,6
2021-06,경북,5.255071599,2021,6
2021-06,광주,4.909090909,2021,6
2021-06,대구,4.170635125,2021,6
2021-06,대전,4.5,2021,6
2021-06,부산,4.457568945,2021,6
2021-06,서울,4.043294735,2021,6
2021-06,세종,4.0,2021,6
2021-06,울산,4.421052632,2021,6
2021-06,인천,4.620689655,2021,6
2021-06,전남,6.113183665,2021,6
2021-06,전북,6.22564438,2021,6
2021-06,제주,4.751736074,2021,6
2021-06,충남,6.0,2021,6
2021-06,충북,5.850752928,2021,6
2021-07,강원,5.890265487,2021,7
2021-07,경기,4.422291464,2021,7
2021-07,경남,4.702365162,2021,7
2021-07,경북,5.16444939,2021,7
2021-07,광주,4.941176471,2021,7
2021-07,대구,4.159035796,2021,7
2021-07,대전,4.463963098,2021,7
2021-07,부산,4.465116279,2021,7
2021-07,서울,4.019266684,2021,7
2021-07,세종,4.051847317,2021,7
2021-07,울산,4.285714286,2021,7
2021-07,인천,4.626245945,2021,7
2021-07,전남,6.351877712,2021,7
2021-07,전북,6.216006216,2021,7
2021-07,제주,4.726964267,2021,7
2021-07,충남,6.0,2021,7
2021-07,충북,5.668521357,2021,7
2021-08,강원,5.837837838,2021,8
2021-08,경기,4.399185336,2021,8
2021-08,경남,4.65562424,2021,8
2021-08,경북,5.142857143,2021,8
2021-08,광주,5.0,2021,8
2021-08,대구,4.173913043,2021,8
2021-08,대전,4.408163265,2021,8
2021-08,부산,4.440401977,2021,8
2021-08,서울,4.03960396,2021,8
2021-08,세종,4.069787724,2021,8
2021-08,울산,4.285714286,2021,8
2021-08,인천,4.64516129,2021,8
2021-08,전남,6.263757958,2021,8
2021-08,전북,6.0,2021,8
2021-08,제주,4.724592133,2021,8
2021-08,충남,6.0,2021,8
2021-08,충북,5.6,2021,8
2021-09,강원,5.685707159,2021,9
2021-09,경기,4.363636364,2021,9
2021-09,경남,4.598748908,2021,9
2021-09,경북,5.169230769,2021,9
2021-09,광주,4.931676601,2021,9
2021-09,대구,4.180326213,2021,9
2021-09,대전,4.434782609,2021,9
2021-09,부산,4.444444444,2021,9
2021-09,서울,4.026845638,2021,9
2021-09,세종,4.097560976,2021,9
2021-09,울산,4.183982007,2021,9
2021-09,인천,4.657411765,2021,9
2021-09,전남,6.585365854,2021,9
2021-09,전북,5.819523576,2021,9
2021-09,제주,4.705881176,2021,9
2021-09,충남,5.991596771,2021,9
2021-09,충북,5.563303015,2021,9
2021-10,강원,5.565758755,2021,10
2021-10,경기,4.382463511,2021,10
2021-10,경남,4.5,2021,10
2021-10,경북,5.076923077,2021,10
2021-10,광주,4.915349939,2021,10
2021-10,대구,4.21378426,2021,10
2021-10,대전,4.333333333,2021,10
2021-10,부산,4.421052632,2021,10
2021-10,서울,4.100646185,2021,10
2021-10,세종,4.137931034,2021,10
2021-10,울산,4.052003769,2021,10
2021-10,인천,4.633234153,2021,10
2021-10,전남,6.43661785,2021,10
2021-10,전북,5.744680851,2021,10
2021-10,제주,4.6531583,2021,10
2021-10,충남,5.866666667,2021,10
2021-10,충북,5.454545455,2021,10
2021-11,강원,5.333333333,2021,11
2021-11,경기,4.36417615,2021,11
2021-11,경남,4.5,2021,11
2021-11,경북,5.142857143,2021,11
2021-11,광주,4.891314972,2021,11
2021-11,대구,4.173913043,2021,11
2021-11,대전,4.328509407,2021,11
2021-11,부산,4.465116279,2021,11
2021-11,서울,4.147710487,2021,11
2021-11,세종,4.137931034,2021,11
2021-11,울산,4.111356494,2021,11
2021-11,인천,4.607495729,2021,11
2021-11,전남,6.666666667,2021,11
2021-11,전북,5.714285714,2021,11
2021-11,제주,4.6875,2021,11
2021-11,충남,5.907692308,2021,11
2021-11,충북,5.359897028,2021,11
2021-12,강원,5.5,2021,12
2021-12,경기,4.4,2021,12
2021-12,경남,4.534408157,2021,12
2021-12,경북,5.192707861,2021,12
2021-12,광주,4.909090909,2021,12
2021-12,대구,4.238567425,2021,12
2021-12,대전,4.285714286,2021,12
2021-12,부산,4.454203491,2021,12
2021-12,서울,4.125,2021,12
2021-12,세종,4.242771439,2021,12
2021-12,울산,4.151518695,2021,12
2021-12,인천,4.666666667,2021,12
2021-12,전남,6.545454545,2021,12
2021-12,전북,5.684210526,2021,12
2021-12,제주,4.741721854,2021,12
2021-12,충남,5.76,2021,12
2021-12,충북,5.217391304,2021,12
2022-01,강원,5.294224246,2022,1
2022-01,경기,4.452802441,2022,1
2022-01,경남,4.539177833,2022,1
2022-01,경북,5.157446809,2022,1
2022-01,광주,4.817843515,2022,1
2022-01,대구,4.298507463,2022,1
2022-01,대전,4.333333333,2022,1
2022-01,부산,4.5,2022,1
2022-01,서울,4.15802442,2022,1
2022-01,세종,4.434782609,2022,1
2022-01,울산,4.174560582,2022,1
2022-01,인천,4.670907682,2022,1
2022-01,전남,6.496255291,2022,1
2022-01,전북,5.764815132,2022,1
2022-01,제주,4.8,2022,1
2022-01,충남,5.714285714,2022,1
2022-01,충북,5.142857143,2022,1
2022-02,강원,5.25,2022,2
2022-02,경기,4.5,2022,2
2022-02,경남,4.571428571,2022,2
2022-02,경북,5.260143198,2022,2
2022-02,광주,4.874344151,2022,2
2022-02,대구,4.363636364,2022,2
2022-02,대전,4.288603328,2022,2
2022-02,부산,4.628825774,2022,2
2022-02,서울,4.18124897,2022,2
2022-02,세종,4.642331437,2022,2
2022-02,울산,4.173913043,2022,2
2022-02,인천,4.714285714,2022,2
2022-02,전남,6.461538462,2022,2
2022-02,전북,5.867513144,2022,2
2022-02,제주,4.791305217,2022,2
2022-02,충남,5.702815311,2022,2
2022-02,충북,5.18068167,2022,2
2022-03,강원,5.263157895,2022,3
2022-03,경기,4.540540541,2022,3
2022-03,경남,4.588235294,2022,3
2022-03,경북,5.263149474,2022,3
2022-03,광주,4.905660377,2022,3
2022-03,대구,4.411764706,2022,3
2022-03,대전,4.294234592,2022,3
2022-03,부산,4.64516129,2022,3
2022-03,서울,4.2,2022,3
2022-03,세종,4.8,2022,3
2022-03,울산,4.234878656,2022,3
2022-03,인천,4.752702801,2022,3
2022-03,전남,6.279516965,2022,3
2022-03,전북,5.790884718,2022,3
2022-03,제주,4.767193359,2022,3
2022-03,충남,5.714285714,2022,3
2022-03,충북,5.2421187,2022,3
2022-04,강원,5.33023006,2022,4
2022-04,경기,4.57433291,2022,4
2022-04,경남,4.615384615,2022,4
2022-04,경북,5.260143198,2022,4
2022-04,광주,4.885714286,2022,4
2022-04,대구,4.467265725,2022,4
2022-04,대전,4.379239388,2022,4
2022-04,부산,4.665669258,2022,4
2022-04,서울,4.2,2022,4
2022-04,세종,4.860991759,2022,4
2022-04,울산,4.285714286,2022,4
2022-04,인천,4.8,2022,4
2022-04,전남,6.309093031,2022,4
2022-04,전북,5.853658537,2022,4
2022-04,제주,4.736842105,2022,4
2022-04,충남,5.818181818,2022,4
2022-04,충북,5.230324988,2022,4
2022-05,강원,5.36474325,2022,5
2022-05,경기,4.615384615,2022,5
2022-05,경남,4.615384615,2022,5
2022-05,경북,5.149239788,2022,5
2022-05,광주,4.967959094,2022,5
2022-05,대구,4.5,2022,5
2022-05,대전,4.460231031,2022,5
2022-05,부산,4.64778827,2022,5
2022-05,서울,4.191135836,2022,5
2022-05,세종,4.941176471,2022,5
2022-05,울산,4.2,2022,5
2022-05,인천,4.866421349,2022,5
2022-05,전남,6.06741573,2022,5
2022-05,전북,5.83090379,2022,5
2022-05,제주,4.719101124,2022,5
2022-05,충남,5.953370341,2022,5
2022-05,충북,5.217391304,2022,5
2022-06,강원,5.348834233,2022,6
2022-06,경기,4.663252644,2022,6
2022-06,경남,4.679200742,2022,6
2022-06,경북,5.217391304,2022,6
2022-06,광주,5.0,2022,6
2022-06,대구,4.552825859,2022,6
2022-06,대전,4.5,2022,6
2022-06,부산,4.666666667,2022,6
2022-06,서울,4.235294118,2022,6
2022-06,세종,4.911323329,2022,6
2022-06,울산,4.2,2022,6
2022-06,인천,4.8,2022,6
2022-06,전남,6.0,2022,6
2022-06,전북,5.882412828,2022,6
2022-06,제주,4.699768183,2022,6
2022-06,충남,6.0,2022,6
2022-06,충북,5.217391304,2022,6
2022-07,강원,5.368373951,2022,7
2022-07,경기,4.713888346,2022,7
2022-07,경남,4.732394366,2022,7
2022-07,경북,5.204395604,2022,7
2022-07,광주,5.0,2022,7
2022-07,대구,4.615384615,2022,7
2022-07,대전,4.483839442,2022,7
2022-07,부산,4.706457838,2022,7
2022-07,서울,4.257592687,2022,7
2022-07,세종,4.923549768,2022,7
2022-07,울산,4.281929051,2022,7
2022-07,인천,4.615384615,2022,7
2022-07,전남,5.988636364,2022,7
2022-07,전북,5.691219069,2022,7
2022-07,제주,4.736842105,2022,7
2022-07,충남,6.0,2022,7
2022-07,충북,5.236363636,2022,7
2022-08,강원,5.333333333,2022,8
2022-08,경기,4.777947933,2022,8
2022-08,경남,4.794949141,2022,8
2022-08,경북,5.2,2022,8
2022-08,광주,5.034965035,2022,8
2022-08,대구,4.657059464,2022,8
2022-08,대전,4.499468387,2022,8
2022-08,부산,4.771929825,2022,8
2022-08,서울,4.271758417,2022,8
2022-08,세종,4.923076923,2022,8
2022-08,울산,4.363636364,2022,8
2022-08,인천,4.571428571,2022,8
2022-08,전남,5.714285714,2022,8
2022-08,전북,5.669291339,2022,8
2022-08,제주,4.8,2022,8
2022-08,충남,6.0,2022,8
2022-08,충북,5.28,2022,8
2022-09,강원,5.422098848,2022,9
2022-09,경기,4.8,2022,9
2022-09,경남,4.736063044,2022,9
2022-09,경북,5.254658385,2022,9
2022-09,광주,5.052631579,2022,9
2022-09,대구,4.711448605,2022,9
2022-09,대전,4.531788991,2022,9
2022-09,부산,4.8,2022,9
2022-09,서울,4.267266073,2022,9
2022-09,세종,4.888888889,2022,9
2022-09,울산,4.415451695,2022,9
2022-09,인천,4.615384615,2022,9
2022-09,전남,5.28285274,2022,9
2022-09,전북,5.657142857,2022,9
2022-09,제주,4.827583448,2022,9
2022-09,충남,6.007070337,2022,9
2022-09,충북,5.333333333,2022,9
2022-10,강원,5.454545455,2022,10
2022-10,경기,4.875761224,2022,10
2022-10,경남,4.8,2022,10
2022-10,경북,5.301282549,2022,10
2022-10,광주,5.074643714,2022,10
2022-10,대구,4.744186047,2022,10
2022-10,대전,4.561690141,2022,10
2022-10,부산,4.846771096,2022,10
2022-10,서울,4.310844276,2022,10
2022-10,세종,4.923076923,2022,10
2022-10,울산,4.465116279,2022,10
2022-10,인천,4.698172181,2022,10
2022-10,전남,5.2,2022,10
2022-10,전북,5.657142857,2022,10
2022-10,제주,4.999992,2022,10
2022-10,충남,6.127659574,2022,10
2022-10,충북,5.334093549,2022,10
2022-11,강원,5.548575373,2022,11
2022-11,경기,5.0,2022,11
2022-11,경남,4.874648697,2022,11
2022-11,경북,5.51313847,2022,11
2022-11,광주,5.04,2022,11
2022-11,대구,4.819966855,2022,11
2022-11,대전,4.666666667,2022,11
2022-11,부산,4.888888889,2022,11
2022-11,서울,4.381706352,2022,11
2022-11,세종,4.941176471,2022,11
2022-11,울산,4.666666667,2022,11
2022-11,인천,4.8,2022,11
2022-11,전남,5.091002202,2022,11
2022-11,전북,5.684210526,2022,11
2022-11,제주,5.263157053,2022,11
2022-11,충남,6.255924171,2022,11
2022-11,충북,5.5,2022,11
2022-12,강원,5.550049487,2022,12
2022-12,경기,5.088339223,2022,12
2022-12,경남,4.84147537,2022,12
2022-12,경북,5.571428571,2022,12
2022-12,광주,5.076973045,2022,12
2022-12,대구,4.90567142,2022,12
2022-12,대전,4.703620649,2022,12
2022-12,부산,4.956330161,2022,12
2022-12,서울,4.44,2022,12
2022-12,세종,5.032258065,2022,12
2022-12,울산,4.799047677,2022,12
2022-12,인천,5.142857143,2022,12
2022-12,전남,5.082345821,2022,12
2022-12,전북,5.756574487,2022,12
2022-12,제주,5.350983842,2022,12
2022-12,충남,6.352941176,2022,12
2022-12,충북,5.625,2022,12
2023-01,강원,5.645798109,2023,1
2023-01,경기,5.195043275,2023,1
2023-01,경남,4.892886615,2023,1
2023-01,경북,5.607476636,2023,1
2023-01,광주,5.13659115,2023,1
2023-01,대구,4.965517241,2023,1
2023-01,대전,4.80758185,2023,1
2023-01,부산,5.007743949,2023,1
2023-01,서울,4.508032817,2023,1
2023-01,세종,5.2,2023,1
2023-01,울산,4.8,2023,1
2023-01,인천,5.380238132,2023,1
2023-01,전남,5.333333333,2023,1
2023-01,전북,5.976558937,2023,1
2023-01,제주,5.517235862,2023,1
2023-01,충남,6.260869565,2023,1
2023-01,충북,5.643923729,2023,1
2023-02,강원,5.793103448,2023,2
2023-02,경기,5.333333333,2023,2
2023-02,경남,5.052569507,2023,2
2023-02,경북,5.715614816,2023,2
2023-02,광주,5.200023587,2023,2
2023-02,대구,5.052631579,2023,2
2023-02,대전,4.956527271,2023,2
2023-02,부산,5.091211834,2023,2
2023-02,서울,4.615384615,2023,2
2023-02,세종,5.368421053,2023,2
2023-02,울산,5.04,2023,2
2023-02,인천,5.666666667,2023,2
2023-02,전남,5.695897023,2023,2
2023-02,전북,6.0,2023,2
2023-02,제주,5.588276296,2023,2
2023-02,충남,6.352941176,2023,2
2023-02,충북,5.76,2023,2
2023-03,강원,6.0,2023,3
2023-03,경기,5.454545455,2023,3
2023-03,경남,5.144216907,2023,3
2023-03,경북,5.793103448,2023,3
2023-03,광주,5.217391304,2023,3
2023-03,대구,5.199996,2023,3
2023-03,대전,5.039451411,2023,3
2023-03,부산,5.152893128,2023,3
2023-03,서울,4.769230769,2023,3
2023-03,세종,5.5,2023,3
2023-03,울산,5.142857143,2023,3
2023-03,인천,5.840937698,2023,3
2023-03,전남,6.0,2023,3
2023-03,전북,6.034063747,2023,3
2023-03,제주,5.670808677,2023,3
2023-03,충남,6.64803324,2023,3
2023-03,충북,5.915492958,2023,3
2023-04,강원,6.0,2023,4
2023-04,경기,5.538461538,2023,4
2023-04,경남,5.236322637,2023,4
2023-04,경북,5.78862048,2023,4
2023-04,광주,5.2,2023,4
2023-04,대구,5.314285714,2023,4
2023-04,대전,5.142857143,2023,4
2023-04,부산,5.22118777,2023,4
2023-04,서울,4.8,2023,4
2023-04,세종,5.646061961,2023,4
2023-04,울산,5.25,2023,4
2023-04,인천,5.999576982,2023,4
2023-04,전남,6.0,2023,4
2023-04,전북,6.03035656,2023,4
2023-04,제주,5.666664,2023,4
2023-04,충남,6.704101011,2023,4
2023-04,충북,6.0,2023,4
2023-05,강원,6.005605822,2023,5
2023-05,경기,5.542569594,2023,5
2023-05,경남,5.309734513,2023,5
2023-05,경북,5.794142037,2023,5
2023-05,광주,5.307842827,2023,5
2023-05,대구,5.3688,2023,5
2023-05,대전,5.189189189,2023,5
2023-05,부산,5.25,2023,5
2023-05,서울,4.8,2023,5
2023-05,세종,5.676358532,2023,5
2023-05,울산,5.333827371,2023,5
2023-05,인천,6.0,2023,5
2023-05,전남,6.03412067,2023,5
2023-05,전북,6.193548387,2023,5
2023-05,제주,5.69010887,2023,5
2023-05,충남,6.75,2023,5
2023-05,충북,6.0,2023,5
2023-06,강원,6.0,2023,6
2023-06,경기,5.538461538,2023,6
2023-06,경남,5.333333333,2023,6
2023-06,경북,5.907692308,2023,6
2023-06,광주,5.323980576,2023,6
2023-06,대구,5.42072114,2023,6
2023-06,대전,5.201708547,2023,6
2023-06,부산,5.25,2023,6
2023-06,서울,4.8,2023,6
2023-06,세종,5.684210526,2023,6
2023-06,울산,5.4,2023,6
2023-06,인천,5.996520431,2023,6
2023-06,전남,6.0,2023,6
2023-06,전북,6.18369453,2023,6
2023-06,제주,5.63714992,2023,6
2023-06,충남,6.788218437,2023,6
2023-06,충북,6.0,2023,6
2023-07,강원,6.084167141,2023,7
2023-07,경기,5.53537994,2023,7
2023-07,경남,5.333333333,2023,7
2023-07,경북,5.998866127,2023,7
2023-07,광주,5.313749676,2023,7
2023-07,대구,5.42072114,2023,7
2023-07,대전,5.2,2023,7
2023-07,부산,5.25,2023,7
2023-07,서울,4.8,2023,7
2023-07,세종,5.666876667,2023,7
2023-07,울산,5.454545455,2023,7
2023-07,인천,5.907692308,2023,7
2023-07,전남,6.001939076,2023,7
2023-07,전북,6.212137924,2023,7
2023-07,제주,5.666664,2023,7
2023-07,충남,6.857142857,2023,7
2023-07,충북,6.0,2023,7
2023-08,강원,6.069274088,2023,8
2023-08,경기,5.454547302,2023,8
2023-08,경남,5.333333333,2023,8
2023-08,경북,6.0,2023,8
2023-08,광주,5.324435381,2023,8
2023-08,대구,5.413655192,2023,8
2023-08,대전,5.142857143,2023,8
2023-08,부산,5.204664658,2023,8
2023-08,서울,4.8,2023,8
2023-08,세종,5.622773206,2023,8
2023-08,울산,5.435294118,2023,8
2023-08,인천,5.793103448,2023,8
2023-08,전남,6.087452142,2023,8
2023-08,전북,6.130584557,2023,8
2023-08,제주,5.625,2023,8
2023-08,충남,6.857142857,2023,8
2023-08,충북,6.0,2023,8
2023-09,강원,6.12244898,2023,9
2023-09,경기,5.418373143,2023,9
2023-09,경남,5.333333333,2023,9
2023-09,경북,6.0,2023,9
2023-09,광주,5.32528659,2023,9
2023-09,대구,5.43588638,2023,9
2023-09,대전,5.142857143,2023,9
2023-09,부산,5.2,2023,9
2023-09,서울,4.740740741,2023,9
2023-09,세종,5.560345283,2023,9
2023-09,울산,5.419354839,2023,9
2023-09,인천,5.73517559,2023,9
2023-09,전남,6.180474032,2023,9
2023-09,전북,6.03677639,2023,9
2023-09,제주,5.51724,2023,9
2023-09,충남,6.793150642,2023,9
2023-09,충북,6.0,2023,9
2023-10,강원,6.0,2023,10
2023-10,경기,5.36494696,2023,10
2023-10,경남,5.3329366,2023,10
2023-10,경북,6.0,2023,10
2023-10,광주,5.333333333,2023,10
2023-10,대구,5.4,2023,10
2023-10,대전,5.048886967,2023,10
2023-10,부산,5.202857479,2023,10
2023-10,서울,4.666666667,2023,10
2023-10,세종,5.4,2023,10
2023-10,울산,5.4,2023,10
2023-10,인천,5.666854306,2023,10
2023-10,전남,6.268656716,2023,10
2023-10,전북,6.074279424,2023,10
2023-10,제주,5.573767869,2023,10
2023-10,충남,6.769230769,2023,10
2023-10,충북,6.0,2023,10
2023-11,강원,6.001777873,2023,11
2023-11,경기,5.323386552,2023,11
2023-11,경남,5.333333333,2023,11
2023-11,경북,6.0,2023,11
2023-11,광주,5.333333333,2023,11
2023-11,대구,5.333336,2023,11
2023-11,대전,5.000004853,2023,11
2023-11,부산,5.200258022,2023,11
2023-11,서울,4.682926829,2023,11
2023-11,세종,5.333333333,2023,11
2023-11,울산,5.358600803,2023,11
2023-11,인천,5.622935915,2023,11
2023-11,전남,6.065354713,2023,11
2023-11,전북,6.097941084,2023,11
2023-11,제주,5.538461538,2023,11
2023-11,충남,6.782608696,2023,11
2023-11,충북,6.0,2023,11
2023-12,강원,6.0,2023,12
2023-12,경기,5.25,2023,12
2023-12,경남,5.333333333,2023,12
2023-12,경북,6.0,2023,12
2023-12,광주,5.307498836,2023,12
2023-12,대구,5.333333333,2023,12
2023-12,대전,5.006508029,2023,12
2023-12,부산,5.235110977,2023,12
2023-12,서울,4.658823529,2023,12
2023-12,세종,5.333333333,2023,12
2023-12,울산,5.333333333,2023,12
2023-12,인천,5.598941893,2023,12
2023-12,전남,6.413131959,2023,12
2023-12,전북,6.095238095,2023,12
2023-12,제주,5.5999968,2023,12
2023-12,충남,6.72,2023,12
2023-12,충북,6.0,2023,12
2024-01,강원,6.0,2024,1
2024-01,경기,5.217391304,2024,1
2024-01,경남,5.333333333,2024,1
2024-01,경북,6.0,2024,1
2024-01,광주,5.25,2024,1
2024-01,대구,5.333333333,2024,1
2024-01,대전,4.955781198,2024,1
2024-01,부산,5.220113365,2024,1
2024-01,서울,4.64516129,2024,1
2024-01,세종,5.363886396,2024,1
2024-01,울산,5.333333333,2024,1
2024-01,인천,5.544705722,2024,1
2024-01,전남,6.417112299,2024,1
2024-01,전북,6.158357771,2024,1
2024-01,제주,5.555555556,2024,1
2024-01,충남,6.620689655,2024,1
2024-01,충북,6.0,2024,1
2024-02,강원,6.0,2024,2
2024-02,경기,5.215591146,2024,2
2024-02,경남,5.333333333,2024,2
2024-02,경북,6.0,2024,2
2024-02,광주,5.143497825,2024,2
2024-02,대구,5.332984718,2024,2
2024-02,대전,4.923076923,2024,2
2024-02,부산,5.222181003,2024,2
2024-02,서울,4.644969597,2024,2
2024-02,세종,5.4,2024,2
2024-02,울산,5.333333333,2024,2
2024-02,인천,5.5,2024,2
2024-02,전남,6.346378667,2024,2
2024-02,전북,6.127659574,2024,2
2024-02,제주,5.555553333,2024,2
2024-02,충남,6.582857143,2024,2
2024-02,충북,6.0,2024,2
2024-03,강원,6.0,2024,3
2024-03,경기,5.203816132,2024,3
2024-03,경남,5.38106652,2024,3
2024-03,경북,6.0,2024,3
2024-03,광주,5.25065773,2024,3
2024-03,대구,5.333333333,2024,3
2024-03,대전,4.905938788,2024,3
2024-03,부산,5.241248817,2024,3
2024-03,서울,4.631598539,2024,3
2024-03,세종,5.454545455,2024,3
2024-03,울산,5.333323293,2024,3
2024-03,인천,5.4,2024,3
2024-03,전남,6.316429099,2024,3
2024-03,전북,6.196246649,2024,3
2024-03,제주,5.55284248,2024,3
2024-03,충남,6.583015872,2024,3
2024-03,충북,6.0,2024,3
2024-04,강원,6.0,2024,4
2024-04,경기,5.217391304,2024,4
2024-04,경남,5.376517003,2024,4
2024-04,경북,6.0,2024,4
2024-04,광주,5.333333333,2024,4
2024-04,대구,5.345707657,2024,4
2024-04,대전,4.93869591,2024,4
2024-04,부산,5.252337548,2024,4
2024-04,서울,4.65,2024,4
2024-04,세종,5.53279616,2024,4
2024-04,울산,5.333333333,2024,4
2024-04,인천,5.318839776,2024,4
2024-04,전남,6.315789474,2024,4
2024-04,전북,6.335647863,2024,4
2024-04,제주,5.589763903,2024,4
2024-04,충남,6.629626486,2024,4
2024-04,충북,6.0,2024,4
2024-05,강원,6.0,2024,5
2024-05,경기,5.219541118,2024,5
2024-05,경남,5.4,2024,5
2024-05,경북,6.0,2024,5
2024-05,광주,5.379310345,2024,5
2024-05,대구,5.357142857,2024,5
2024-05,대전,4.977777778,2024,5
2024-05,부산,5.243463111,2024,5
2024-05,서울,4.624633431,2024,5
2024-05,세종,5.580638159,2024,5
2024-05,울산,5.333333333,2024,5
2024-05,인천,5.261031679,2024,5
2024-05,전남,6.295081967,2024,5
2024-05,전북,6.4,2024,5
2024-05,제주,5.555555556,2024,5
2024-05,충남,6.670542895,2024,5
2024-05,충북,6.0,2024,5
2024-06,강원,6.139534884,2024,6
2024-06,경기,5.242111283,2024,6
2024-06,경남,5.433962264,2024,6
2024-06,경북,6.0,2024,6
2024-06,광주,5.4,2024,6
2024-06,대구,5.358570093,2024,6
2024-06,대전,4.984219917,2024,6
2024-06,부산,5.217391304,2024,6
2024-06,서울,4.628571429,2024,6
2024-06,세종,5.625,2024,6
2024-06,울산,5.333333333,2024,6
2024-06,인천,5.15063345,2024,6
2024-06,전남,6.354219318,2024,6
2024-06,전북,6.4,2024,6
2024-06,제주,5.506273949,2024,6
2024-06,충남,6.713286713,2024,6
2024-06,충북,6.0,2024,6
2024-07,강원,6.24,2024,7
2024-07,경기,5.217391304,2024,7
2024-07,경남,5.454545455,2024,7
2024-07,경북,6.0,2024,7
2024-07,광주,5.387365045,2024,7
2024-07,대구,5.333333333,2024,7
2024-07,대전,5.046396841,2024,7
2024-07,부산,5.230769231,2024,7
2024-07,서울,4.615384615,2024,7
2024-07,세종,5.612967145,2024,7
2024-07,울산,5.385054339,2024,7
2024-07,인천,5.143487264,2024,7
2024-07,전남,6.428714927,2024,7
2024-07,전북,6.428571429,2024,7
2024-07,제주,5.405402317,2024,7
2024-07,충남,6.75,2024,7
2024-07,충북,6.0,2024,7
2024-08,강원,6.260869565,2024,8
2024-08,경기,5.2,2024,8
2024-08,경남,5.391403133,2024,8
2024-08,경북,6.0,2024,8
2024-08,광주,5.340537799,2024,8
2024-08,대구,5.317493806,2024,8
2024-08,대전,5.052631579,2024,8
2024-08,부산,5.217391304,2024,8
2024-08,서울,4.595121951,2024,8
2024-08,세종,5.579203492,2024,8
2024-08,울산,5.4,2024,8
2024-08,인천,5.25,2024,8
2024-08,전남,6.626030284,2024,8
2024-08,전북,6.461538462,2024,8
2024-08,제주,5.316455696,2024,8
2024-08,충남,6.72,2024,8
2024-08,충북,6.0,2024,8
2024-09,강원,6.189977933,2024,9
2024-09,경기,5.187075995,2024,9
2024-09,경남,5.291873878,2024,9
2024-09,경북,6.0,2024,9
2024-09,광주,5.355744601,2024,9
2024-09,대구,5.268292683,2024,9
2024-09,대전,5.052631579,2024,9
2024-09,부산,5.215041324,2024,9
2024-09,서울,4.586097079,2024,9
2024-09,세종,5.5,2024,9
2024-09,울산,5.4,2024,9
2024-09,인천,5.333333333,2024,9
2024-09,전남,6.6,2024,9
2024-09,전북,6.461538462,2024,9
2024-09,제주,5.316455696,2024,9
2024-09,충남,6.666666667,2024,9
2024-09,충북,6.0,2024,9
2024-10,강원,6.218646191,2024,10
2024-10,경기,5.2,2024,10
2024-10,경남,5.25,2024,10
2024-10,경북,6.0,2024,10
2024-10,광주,5.4,2024,10
2024-10,대구,5.25,2024,10
2024-10,대전,5.059987186,2024,10
2024-10,부산,5.202665348,2024,10
2024-10,서울,4.567741935,2024,10
2024-10,세종,5.455275047,2024,10
2024-10,울산,5.437362637,2024,10
2024-10,인천,5.4,2024,10
2024-10,전남,6.666666667,2024,10
2024-10,전북,6.545454545,2024,10
2024-10,제주,5.357142857,2024,10
2024-10,충남,6.592459605,2024,10
2024-10,충북,6.0,2024,10
2024-11,강원,6.0,2024,11
2024-11,경기,5.217391304,2024,11
2024-11,경남,5.242718447,2024,11
2024-11,경북,6.0,2024,11
2024-11,광주,5.4,2024,11
2024-11,대구,5.238394665,2024,11
2024-11,대전,5.052631579,2024,11
2024-11,부산,5.25,2024,11
2024-11,서울,4.575,2024,11
2024-11,세종,5.4,2024,11
2024-11,울산,5.419354839,2024,11
2024-11,인천,5.48314662,2024,11
2024-11,전남,6.666666667,2024,11
2024-11,전북,6.594803406,2024,11
2024-11,제주,5.384615385,2024,11
2024-11,충남,6.568131934,2024,11
2024-11,충북,6.0,2024,11
2024-12,강원,6.000770243,2024,12
2024-12,경기,5.2,2024,12
2024-12,경남,5.2,2024,12
2024-12,경북,5.996182397,2024,12
2024-12,광주,5.4,2024,12
2024-12,대구,5.217391304,2024,12
2024-12,대전,5.052631579,2024,12
2024-12,부산,5.21795916,2024,12
2024-12,서울,4.588235294,2024,12
2024-12,세종,5.399947584,2024,12
2024-12,울산,5.4,2024,12
2024-12,인천,5.538461538,2024,12
2024-12,전남,6.545454545,2024,12
2024-12,전북,6.666666667,2024,12
2024-12,제주,5.4166625,2024,12
2024-12,충남,6.545454545,2024,12
2024-12,충북,6.0,2024,12
2025-01,강원,6.0,2025,1
2025-01,경기,5.215033532,2025,1
2025-01,경남,5.199881636,2025,1
2025-01,경북,5.878962536,2025,1
2025-01,광주,5.342604015,2025,1
2025-01,대구,5.225210918,2025,1
2025-01,대전,5.065963061,2025,1
2025-01,부산,5.218638266,2025,1
2025-01,서울,4.615384615,2025,1
2025-01,세종,5.4,2025,1
2025-01,울산,5.393258427,2025,1
2025-01,인천,5.567628139,2025,1
2025-01,전남,6.486486486,2025,1
2025-01,전북,6.615429573,2025,1
2025-01,제주,5.555553333,2025,1
2025-01,충남,6.545454545,2025,1
2025-01,충북,6.0,2025,1
2025-02,강원,6.026150955,2025,2
2025-02,경기,5.25,2025,2
2025-02,경남,5.25,2025,2
2025-02,경북,5.806451613,2025,2
2025-02,광주,5.4,2025,2
2025-02,대구,5.245077817,2025,2
2025-02,대전,5.106108455,2025,2
2025-02,부산,5.267098747,2025,2
2025-02,서울,4.64516129,2025,2
2025-02,세종,5.408605629,2025,2
2025-02,울산,5.6,2025,2
2025-02,인천,5.6,2025,2
2025-02,전남,6.5,2025,2
2025-02,전북,6.604568798,2025,2
2025-02,제주,5.625,2025,2
2025-02,충남,6.545068062,2025,2
2025-02,충북,6.007257367,2025,2
2025-03,강원,6.031835153,2025,3
2025-03,경기,5.269522811,2025,3
2025-03,경남,5.333333333,2025,3
2025-03,경북,5.853658537,2025,3
2025-03,광주,5.6,2025,3
2025-03,대구,5.217391304,2025,3
2025-03,대전,5.142857143,2025,3
2025-03,부산,5.270494682,2025,3
2025-03,서울,4.684090909,2025,3
2025-03,세종,5.428571429,2025,3
2025-03,울산,5.571428571,2025,3
2025-03,인천,5.640936749,2025,3
2025-03,전남,6.315789474,2025,3
2025-03,전북,6.494974699,2025,3
2025-03,제주,5.540041218,2025,3
2025-03,충남,6.616287637,2025,3
2025-03,충북,6.171975091,2025,3
2025-04,강원,6.133342098,2025,4
2025-04,경기,5.309288635,2025,4
2025-04,경남,5.370148851,2025,4
2025-04,경북,5.828571429,2025,4
2025-04,광주,5.647058824,2025,4
2025-04,대구,5.218656259,2025,4
2025-04,대전,5.142857143,2025,4
2025-04,부산,5.276758407,2025,4
2025-04,서울,4.714648751,2025,4
2025-04,세종,5.455950804,2025,4
2025-04,울산,5.714285714,2025,4
2025-04,인천,5.684210526,2025,4
2025-04,전남,6.266434036,2025,4
2025-04,전북,6.545454545,2025,4
2025-04,제주,5.483868387,2025,4
2025-04,충남,6.703910615,2025,4
2025-04,충북,6.222222222,2025,4
2025-05,강원,6.1779354766,2025,5
2025-05,경기,5.3333333333,2025,5
2025-05,경남,5.4193548387,2025,5
2025-05,경북,5.8536585366,2025,5
2025-05,광주,5.6150558326,2025,5
2025-05,대구,5.2173913043,2025,5
2025-05,대전,5.1440197742,2025,5
2025-05,부산,5.25,2025,5
2025-05,서울,4.7166532357,2025,5
2025-05,세종,5.5090571178,2025,5
2025-05,울산,5.6953677688,2025,5
2025-05,인천,5.676450933,2025,5
2025-05,전남,6.4098777372,2025,5
2025-05,전북,6.4864864865,2025,5
2025-05,제주,5.477190034,2025,5
2025-05,충남,6.84,2025,5
2025-05,충북,6.0,2025,5
2025-06,강원,6.279839693,2025,6
2025-06,경기,5.333333333,2025,6
2025-06,경남,5.4375,2025,6
2025-06,경북,5.856146524,2025,6
2025-06,광주,5.647058824,2025,6
2025-06,대구,5.231962011,2025,6
2025-06,대전,5.157578019,2025,6
2025-06,부산,5.253727746,2025,6
2025-06,서울,4.701030928,2025,6
2025-06,세종,5.524174061,2025,6
2025-06,울산,5.818181818,2025,6
2025-06,인천,5.71228817,2025,6
2025-06,전남,6.461538462,2025,6
2025-06,전북,6.461538462,2025,6
2025-06,제주,5.480703357,2025,6
2025-06,충남,6.857142857,2025,6
2025-06,충북,6.0,2025,6
2025-07,강원,6.279839693,2025,7
2025-07,경기,5.333333333,2025,7
2025-07,경남,5.466666667,2025,7
2025-07,경북,5.955019439,2025,7
2025-07,광주,5.667993524,2025,7
2025-07,대구,5.231153948,2025,7
2025-07,대전,5.142857143,2025,7
2025-07,부산,5.25,2025,7
2025-07,서울,4.695652174,2025,7
2025-07,세종,5.454545455,2025,7
2025-07,울산,5.829270331,2025,7
2025-07,인천,5.739130435,2025,7
2025-07,전남,6.545454545,2025,7
2025-07,전북,6.545454545,2025,7
2025-07,제주,5.504587156,2025,7
2025-07,충남,6.896551724,2025,7
2025-07,충북,6.153846154,2025,7
2025-08,강원,6.268656716,2025,8
2025-08,경기,5.333333333,2025,8
2025-08,경남,5.47826087,2025,8
2025-08,경북,5.907692308,2025,8
2025-08,광주,5.684210526,2025,8
2025-08,대구,5.217391304,2025,8
2025-08,대전,5.174025974,2025,8
2025-08,부산,5.268238558,2025,8
2025-08,서울,4.695652174,2025,8
2025-08,세종,5.454545455,2025,8
2025-08,울산,5.818181818,2025,8
2025-08,인천,5.727425683,2025,8
2025-08,전남,6.620689655,2025,8
2025-08,전북,6.666666667,2025,8
2025-08,제주,5.312038737,2025,8
2025-08,충남,6.947368421,2025,8
2025-08,충북,6.087371871,2025,8
2025-09,강원,6.171166583,2025,9
2025-09,경기,5.333333333,2025,9
2025-09,경남,5.454545455,2025,9
2025-09,경북,5.99612981,2025,9
2025-09,광주,5.6,2025,9
2025-09,대구,5.217391304,2025,9
2025-09,대전,5.138948009,2025,9
2025-09,부산,5.25,2025,9
2025-09,서울,4.695652174,2025,9
2025-09,세종,5.449269426,2025,9
2025-09,울산,5.884047066,2025,9
2025-09,인천,5.7,2025,9
2025-09,전남,6.734070203,2025,9
2025-09,전북,6.773562936,2025,9
2025-09,제주,5.32483587,2025,9
2025-09,충남,6.947368421,2025,9
2025-09,충북,6.017106614,2025,9
2025-10,강원,6.063157895,2025,10
2025-10,경기,5.314285714,2025,10
2025-10,경남,5.454545455,2025,10
2025-10,경북,5.965852146,2025,10
2025-10,광주,5.6,2025,10
2025-10,대구,5.210028829,2025,10
2025-10,대전,5.158021407,2025,10
2025-10,부산,5.25,2025,10
2025-10,서울,4.683472267,2025,10
2025-10,세종,5.388194588,2025,10
2025-10,울산,5.856241033,2025,10
2025-10,인천,5.693430657,2025,10
2025-10,전남,6.75,2025,10
2025-10,전북,6.724137931,2025,10
2025-10,제주,5.31033931,2025,10
2025-10,충남,6.923076923,2025,10
2025-10,충북,6.09375,2025,10
2025-11,강원,6.070550815,2025,11
2025-11,경기,5.302325581,2025,11
2025-11,경남,5.450714062,2025,11
2025-11,경북,6.0,2025,11
2025-11,광주,5.560297545,2025,11
2025-11,대구,5.193716894,2025,11
2025-11,대전,5.142857143,2025,11
2025-11,부산,5.250475371,2025,11
2025-11,서울,4.72232321,2025,11
2025-11,세종,5.341246291,2025,11
2025-11,울산,5.913550952,2025,11
2025-11,인천,5.684210526,2025,11
2025-11,전남,6.666666667,2025,11
2025-11,전북,6.699558924,2025,11
2025-11,제주,5.263156421,2025,11
2025-11,충남,6.75,2025,11
2025-11,충북,6.222041486,2025,11
2025-12,강원,6.106292011,2025,12
2025-12,경기,5.330511918,2025,12
2025-12,경남,5.454545455,2025,12
2025-12,경북,6.0,2025,12
2025-12,광주,5.581395349,2025,12
2025-12,대구,5.181844785,2025,12
2025-12,대전,5.111111111,2025,12
2025-12,부산,5.270673522,2025,12
2025-12,서울,4.727272727,2025,12
2025-12,세종,5.294117647,2025,12
2025-12,울산,5.810526316,2025,12
2025-12,인천,5.657142857,2025,12
2025-12,전남,6.681415187,2025,12
2025-12,전북,6.709460994,2025,12
2025-12,제주,5.267638933,2025,12
2025-12,충남,6.682810107,2025,12
2025-12,충북,6.195552158,2025,12
2026-01,강원,6.043165468,2026,1
2026-01,경기,5.310662578,2026,1
2026-01,경남,5.454545455,2026,1
2026-01,경북,6.0,2026,1
2026-01,광주,5.60646055,2026,1
2026-01,대구,5.156132979,2026,1
2026-01,대전,5.052631579,2026,1
2026-01,부산,5.28582329,2026,1
2026-01,서울,4.727272727,2026,1
2026-01,세종,5.268292683,2026,1
2026-01,울산,5.892261548,2026,1
2026-01,인천,5.625289547,2026,1
2026-01,전남,6.671667453,2026,1
2026-01,전북,6.571921623,2026,1
2026-01,제주,5.263155789,2026,1
2026-01,충남,6.72,2026,1
2026-01,충북,6.024419969,2026,1
2026-02,강원,6.0,2026,2
2026-02,경기,5.294117647,2026,2
2026-02,경남,5.448418108,2026,2
2026-02,경북,6.0,2026,2
2026-02,광주,5.538461538,2026,2
2026-02,대구,5.142857143,2026,2
2026-02,대전,5.011662607,2026,2
2026-02,부산,5.254718755,2026,2
2026-02,서울,4.717902382,2026,2
2026-02,세종,5.217391304,2026,2
2026-02,울산,5.841995842,2026,2
2026-02,인천,5.625,2026,2
2026-02,전남,6.75,2026,2
2026-02,전북,6.551730667,2026,2
2026-02,제주,5.306125714,2026,2
2026-02,충남,6.622194301,2026,2
2026-02,충북,6.0,2026,2
2026-03,강원,6.0,2026,3
2026-03,경기,5.292468288,2026,3
2026-03,경남,5.432199338,2026,3
2026-03,경북,5.984484616,2026,3
2026-03,광주,5.565800659,2026,3
2026-03,대구,5.142857143,2026,3
2026-03,대전,4.990106949,2026,3
2026-03,부산,5.242105263,2026,3
2026-03,서울,4.70901374,2026,3
2026-03,세종,5.15992233,2026,3
2026-03,울산,5.840707965,2026,3
2026-03,인천,5.600741955,2026,3
2026-03,전남,6.666666667,2026,3
2026-03,전북,6.646301291,2026,3
2026-03,제주,5.335659685,2026,3
2026-03,충남,6.5625,2026,3
2026-03,충북,6.0,2026,3
2026-04,강원,6.130385316,2026,4
2026-04,경기,5.291293459,2026,4
2026-04,경남,5.454545455,2026,4
2026-04,경북,5.917808219,2026,4
2026-04,광주,5.519027163,2026,4
2026-04,대구,5.142857143,2026,4
2026-04,대전,4.998813992,2026,4
2026-04,부산,5.229480346,2026,4
2026-04,서울,4.699153982,2026,4
2026-04,세종,5.181818182,2026,4
2026-04,울산,5.647058824,2026,4
2026-04,인천,5.603560529,2026,4
2026-04,전남,6.628372369,2026,4
2026-04,전북,6.571921623,2026,4
2026-04,제주,5.329949239,2026,4
2026-04,충남,6.5,2026,4
2026-04,충북,6.0,2026,4
2026-05,강원,6.254175452,2026,5
2026-05,경기,5.385107286,2026,5
2026-05,경남,5.589041096,2026,5
2026-05,경북,6.186666667,2026,5
2026-05,광주,5.714024815,2026,5
2026-05,대구,5.236363636,2026,5
2026-05,대전,5.052631579,2026,5
2026-05,부산,5.320295114,2026,5
2026-05,서울,4.727272727,2026,5
2026-05,세종,5.368421053,2026,5
2026-05,울산,5.839793056,2026,5
2026-05,인천,5.454545455,2026,5
2026-05,전남,6.857142857,2026,5
2026-05,전북,6.881018366,2026,5
2026-05,제주,5.382773019,2026,5
2026-05,충남,6.672,2026,5
2026-05,충북,6.153846154,2026,5
