지역명,연월,KB_PIR,KB_J_PIR,KB_HAI,KB_HOI,KB_월세지수
6개광역시,2008-12,,,146.0348652,,
강남11개구,2008-12,,,37.26899394,,
강북14개구,2008-12,,,53.54498612,,
경기,2008-12,,,71.83629204,,
기타지방,2008-12,,,198.6472372,,
서울,2008-12,11.88688437,4.467449681,43.99333135,,
수도권,2008-12,,,57.93780216,,
전국,2008-12,5.248552464,2.683482719,84.8315236,,
6개광역시,2009-01,,,161.4155358,,
강남11개구,2009-01,,,41.28719935,,
강북14개구,2009-01,,,59.02555863,,
경기,2009-01,,,79.99378528,,
기타지방,2009-01,,,218.1402731,,
서울,2009-01,11.83892579,4.363135464,48.636971,,
수도권,2009-01,,,64.23257243,,
전국,2009-01,5.167886661,2.620022055,93.90963313,,
6개광역시,2009-02,,,165.1835459,,
강남11개구,2009-02,,,41.74597644,,
강북14개구,2009-02,,,60.29493378,,
경기,2009-02,,,82.21393209,,
기타지방,2009-02,,,222.7091909,,
서울,2009-02,11.84869615,4.397137398,49.38562164,,
수도권,2009-02,,,65.54608516,,
전국,2009-02,5.126262134,2.612471912,95.85591577,,
6개광역시,2009-03,,,164.6190874,,
강남11개구,2009-03,,,41.59186095,,
강북14개구,2009-03,,,60.05027526,,
경기,2009-03,,,81.93405273,,
기타지방,2009-03,,,222.0881157,,
서울,2009-03,11.7915161,4.545924792,49.19585742,,
수도권,2009-03,,,65.31370669,,
전국,2009-03,5.105512662,2.61711537,95.51678699,,
6개광역시,2009-04,,,166.063653,,
강남11개구,2009-04,,,41.28089457,,
강북14개구,2009-04,,,60.06861733,,
경기,2009-04,,,82.10213899,,
기타지방,2009-04,,,223.1739853,,
서울,2009-04,11.99661984,4.620803578,48.98502921,,
수도권,2009-04,,,65.26565974,,
전국,2009-04,5.141413382,2.635791014,95.58055855,,
6개광역시,2009-05,,,166.4470481,,
강남11개구,2009-05,,,41.16023601,,
강북14개구,2009-05,,,60.39030071,,
경기,2009-05,,,82.0071382,,
기타지방,2009-05,,,223.6873782,,
서울,2009-05,12.02082778,4.623084151,49.00732411,,
수도권,2009-05,,,65.25929286,,
전국,2009-05,5.138440947,2.641969066,95.62782225,,
6개광역시,2009-06,,,166.0595518,,
강남11개구,2009-06,,,40.82088766,,
강북14개구,2009-06,,,59.96242083,,
경기,2009-06,,,81.48631275,,
기타지방,2009-06,,,223.552292,,
서울,2009-06,12.01789475,4.666158261,48.62644819,,
수도권,2009-06,,,64.7985782,,
전국,2009-06,5.155355603,2.660114581,95.07696541,,
6개광역시,2009-07,,,170.5058738,,
강남11개구,2009-07,,,41.48386288,,
강북14개구,2009-07,,,60.95409219,,
경기,2009-07,,,83.43043176,,
기타지방,2009-07,,,229.4514216,,
서울,2009-07,11.85325773,4.558173141,49.42208501,,
수도권,2009-07,,,66.06490503,,
전국,2009-07,5.026164857,2.584684819,97.08895756,,
6개광역시,2009-08,,,167.3086592,,
강남11개구,2009-08,,,40.62962673,,
강북14개구,2009-08,,,59.64903066,,
경기,2009-08,,,82.05930943,,
기타지방,2009-08,,,225.6295363,,
서울,2009-08,11.91421863,4.599519811,48.38788295,,
수도권,2009-08,,,64.8127233,,
전국,2009-08,5.05524232,2.603587399,95.25312756,,
6개광역시,2009-09,,,161.7954857,,
강남11개구,2009-09,,,38.82081565,,
강북14개구,2009-09,,,57.38057495,,
경기,2009-09,,,79.0322373,46.424581,
기타지방,2009-09,,,220.4086238,,
서울,2009-09,12.11930747,4.758779504,46.36125421,15.843575,
수도권,2009-09,,,62.26858696,,
인천,2009-09,,,,56.687486,
전국,2009-09,5.11161141,2.666178457,91.70262891,,
6개광역시,2009-10,,,162.2571538,,
강남11개구,2009-10,,,39.17664105,,
강북14개구,2009-10,,,57.86555392,,
경기,2009-10,,,79.79438981,,
기타지방,2009-10,,,222.3534883,,
서울,2009-10,11.82230887,4.671799585,46.77274227,,
수도권,2009-10,,,62.80444443,,
전국,2009-10,4.994804591,2.614169404,92.4360072,,
6개광역시,2009-11,,,161.5004758,,
강남11개구,2009-11,,,39.4744533,,
강북14개구,2009-11,,,57.87423418,,
경기,2009-11,,,80.03278905,,
기타지방,2009-11,,,221.7275509,,
서울,2009-11,11.75543753,4.709002786,46.98600992,,
수도권,2009-11,,,63.04827064,,
전국,2009-11,5.012357297,2.635867136,92.60116112,,
6개광역시,2009-12,,,160.5131101,,
강남11개구,2009-12,,,39.39814961,,
강북14개구,2009-12,,,57.77617662,,
경기,2009-12,,,79.95156865,44.651173,
기타지방,2009-12,,,220.4673772,,
서울,2009-12,11.72257076,4.776953124,46.89976386,14.199597,
수도권,2009-12,,,62.95160238,,
인천,2009-12,,,,54.502677,
전국,2009-12,5.02313113,2.643160583,92.34545371,,
6개광역시,2010-01,,,161.0382039,,
강남11개구,2010-01,,,39.66449031,,
강북14개구,2010-01,,,58.09916834,,
경기,2010-01,,,80.59728248,,
기타지방,2010-01,,,221.9406925,,
서울,2010-01,11.60592573,4.74020995,47.19440676,,
수도권,2010-01,,,63.38344679,,
전국,2010-01,4.972478499,2.621466777,92.92197055,,
6개광역시,2010-02,,,161.9098771,,
강남11개구,2010-02,,,39.98405175,,
강북14개구,2010-02,,,58.68060689,,
경기,2010-02,,,81.38542954,,
기타지방,2010-02,,,223.5184492,,
서울,2010-02,11.69275677,4.763117022,47.61220225,,
수도권,2010-02,,,63.96745039,,
전국,2010-02,4.974086343,2.635852118,93.69267635,,
6개광역시,2010-03,,,164.7661361,,
강남11개구,2010-03,,,40.92824224,,
강북14개구,2010-03,,,59.86708207,,
경기,2010-03,,,83.30614809,47.803829,
기타지방,2010-03,,,227.4821594,,
서울,2010-03,11.69488733,4.80991761,48.67044588,17.445639,
수도권,2010-03,,,65.42917316,,
인천,2010-03,,,,59.044436,
전국,2010-03,4.988427816,2.667391345,95.69062717,,
6개광역시,2010-04,,,170.8176024,,
강남11개구,2010-04,,,42.6131047,,
강북14개구,2010-04,,,62.58017115,,
경기,2010-04,,,86.92542111,,
기타지방,2010-04,,,235.7712202,,
서울,2010-04,11.71837219,4.844934184,50.75644756,,
수도권,2010-04,,,68.24582168,,
전국,2010-04,5.021303592,2.730773359,99.64076853,,
6개광역시,2010-05,,,174.617114,,
강남11개구,2010-05,,,43.88068878,,
강북14개구,2010-05,,,64.32710833,,
경기,2010-05,,,89.76211456,,
기타지방,2010-05,,,239.9174262,,
서울,2010-05,11.6014386,4.852173147,52.22832059,,
수도권,2010-05,,,70.30219351,,
전국,2010-05,5.024427871,2.748453316,102.3994998,,
6개광역시,2010-06,,,176.2298097,,
강남11개구,2010-06,,,45.07689907,,
강북14개구,2010-06,,,65.75892572,,
경기,2010-06,,,91.9809225,50.316762,
기타지방,2010-06,,,241.0016858,,
서울,2010-06,11.54258345,4.843900047,53.54512197,19.41024,
수도권,2010-06,,,72.0395465,,
인천,2010-06,,,,63.076709,
전국,2010-06,5.001189559,2.762233282,104.4629121,,
6개광역시,2010-07,,,180.3089681,,
강남11개구,2010-07,,,46.50927056,,
강북14개구,2010-07,,,67.59242231,,
경기,2010-07,,,95.02083631,,
기타지방,2010-07,,,245.2523941,,
서울,2010-07,11.06508294,4.68034284,55.16101679,,
수도권,2010-07,,,74.26475822,,
전국,2010-07,4.823420462,2.685573831,107.4306545,,
6개광역시,2010-08,,,178.352873,,
강남11개구,2010-08,,,46.52363592,,
강북14개구,2010-08,,,67.19248733,,
경기,2010-08,,,94.64732177,,
기타지방,2010-08,,,242.5812704,,
서울,2010-08,11.0355834,4.701802001,55.03660941,,
수도권,2010-08,,,74.01600081,,
전국,2010-08,4.82240321,2.695638757,106.8827158,,
6개광역시,2010-09,,,178.1057401,,
강남11개구,2010-09,,,46.46774872,,
강북14개구,2010-09,,,67.27186897,,
경기,2010-09,,,94.90495114,54.238623,
기타지방,2010-09,,,241.821915,,
서울,2010-09,10.91930409,4.731994541,55.02443102,22.537204,
수도권,2010-09,,,74.07572373,,
인천,2010-09,,,,69.022833,
전국,2010-09,4.82348286,2.719291333,106.8864838,,
6개광역시,2010-10,,,179.728212,,
강남11개구,2010-10,,,47.06093547,,
강북14개구,2010-10,,,68.24228085,,
경기,2010-10,,,96.37521932,,
기타지방,2010-10,,,243.707432,,
서울,2010-10,10.97150939,4.830014247,55.76437301,,
수도권,2010-10,,,75.13187342,,
전국,2010-10,4.852391432,2.764861775,108.2325915,,
6개광역시,2010-11,,,180.3272957,,
강남11개구,2010-11,,,47.28745509,,
강북14개구,2010-11,,,68.79532018,,
경기,2010-11,,,96.83725987,,
기타지방,2010-11,,,242.425497,,
서울,2010-11,10.97144431,4.885453829,56.10804254,,
수도권,2010-11,,,75.59191981,,
전국,2010-11,4.880775586,2.798347393,108.6813828,,
6개광역시,2010-12,,,178.8362745,,
강남11개구,2010-12,,,46.87022315,,
강북14개구,2010-12,,,68.65678662,,
경기,2010-12,,,96.57481713,53.583042,
기타지방,2010-12,,,239.8347623,,
서울,2010-12,10.97341399,4.911219835,55.76904351,22.291771,
수도권,2010-12,,,75.24144464,,
인천,2010-12,,,,68.240015,
전국,2010-12,4.907295534,2.82237846,108.0188995,,
6개광역시,2011-01,,,179.6253665,,
강남11개구,2011-01,,,47.11407436,,
강북14개구,2011-01,,,69.33341607,,
경기,2011-01,,,97.25358885,,
기타지방,2011-01,,,239.617822,,
서울,2011-01,10.74268219,4.841318762,56.16488425,,
수도권,2011-01,,,75.79416064,,
전국,2011-01,4.819199135,2.799949428,108.642438,,
6개광역시,2011-02,,,176.5517779,,
강남11개구,2011-02,,,46.60060838,,
강북14개구,2011-02,,,68.95360502,,
경기,2011-02,,,96.36341497,,
기타지방,2011-02,,,236.1673513,,
서울,2011-02,10.72891179,4.978896661,55.67638481,,
수도권,2011-02,,,75.14109225,,
전국,2011-02,4.869476389,2.86773831,107.4424871,,
6개광역시,2011-03,,,159.4197885,,
강남11개구,2011-03,,,44.75622016,,
강북14개구,2011-03,,,66.89454998,,
경기,2011-03,,,93.8222963,56.759368,
기타지방,2011-03,,,204.5590921,,
서울,2011-03,10.708769,5.046902372,53.55988522,24.024026,
수도권,2011-03,,,72.91118811,,
인천,2011-03,,,,70.817144,
전국,2011-03,4.913132924,2.946538925,101.7784767,,
6개광역시,2011-04,,,172.6520429,,
강남11개구,2011-04,,,47.01989639,,
강북14개구,2011-04,,,68.89931084,,
경기,2011-04,,,95.95898001,,
기타지방,2011-04,,,223.0901886,,
서울,2011-04,10.61506692,5.213372,55.95485578,,
수도권,2011-04,,,75.30146014,,
전국,2011-04,4.972821773,3.068578965,106.4851637,,
6개광역시,2011-05,,,169.9013036,,
강남11개구,2011-05,,,47.07307827,,
강북14개구,2011-05,,,68.60311411,,
경기,2011-05,,,95.6394811,,
기타지방,2011-05,,,219.2988044,,
서울,2011-05,10.62436844,5.230950666,55.8936655,,
수도권,2011-05,,,75.17196449,,
전국,2011-05,5.018472972,3.112563114,105.8155827,,
6개광역시,2011-06,,,160.9922234,,
강남11개구,2011-06,,,45.19767254,,
강북14개구,2011-06,,,67.55436348,,
경기,2011-06,,,94.74771127,53.229964,
기타지방,2011-06,,,206.576758,,
서울,2011-06,11.03658298,5.276399756,54.08817243,23.839805,
수도권,2011-06,,,73.63034664,,
인천,2011-06,,,,71.458516,
전국,2011-06,5.232182524,3.138855011,102.7823674,,
6개광역시,2011-07,,,169.6983309,,
강남11개구,2011-07,,,47.28630601,,
강북14개구,2011-07,,,70.64673169,,
경기,2011-07,,,98.63565855,,
기타지방,2011-07,,,217.8286134,,
서울,2011-07,10.50254494,5.054693869,56.57828484,,
수도권,2011-07,,,76.87721575,,
전국,2011-07,5.063535369,3.021540674,107.6429959,,
6개광역시,2011-08,,,166.9709028,,
강남11개구,2011-08,,,46.87615359,,
강북14개구,2011-08,,,70.06309262,,
경기,2011-08,,,98.26630477,,
기타지방,2011-08,,,214.2482851,,
서울,2011-08,10.45765408,5.166600298,56.09681507,,
수도권,2011-08,,,76.36471622,,
전국,2011-08,5.084466,3.076678526,106.5993395,,
6개광역시,2011-09,,,165.0939682,,
강남11개구,2011-09,,,46.78304669,,
강북14개구,2011-09,,,70.2141048,,
경기,2011-09,,,97.98200789,57.06505,
기타지방,2011-09,,,210.6431047,,
서울,2011-09,10.45164493,5.309215755,56.07755358,26.912602,
수도권,2011-09,,,76.28813665,,
인천,2011-09,,,,74.937746,
전국,2011-09,5.108806831,3.140323799,106.0670099,,
6개광역시,2011-10,,,162.4065312,,
강남11개구,2011-10,,,46.55436599,,
강북14개구,2011-10,,,69.27797832,,
경기,2011-10,,,96.77602654,,
기타지방,2011-10,,,205.3888852,,
서울,2011-10,10.54652747,5.434532879,55.61463304,,
수도권,2011-10,,,75.55024237,,
전국,2011-10,5.180092448,3.208770644,104.7178784,,
6개광역시,2011-11,,,161.3533624,,
강남11개구,2011-11,,,46.64363197,,
강북14개구,2011-11,,,69.12777302,,
경기,2011-11,,,96.9369299,,
기타지방,2011-11,,,203.9799807,,
서울,2011-11,10.5435759,5.447190758,55.63045288,,
수도권,2011-11,,,75.61278266,,
전국,2011-11,5.20853905,3.228106642,104.553388,,
6개광역시,2011-12,,,161.4576357,,
강남11개구,2011-12,,,46.90254381,,
강북14개구,2011-12,,,69.69558194,,
경기,2011-12,,,97.56384678,54.82393,
기타지방,2011-12,,,203.9495755,,
서울,2011-12,10.53459206,5.43290994,55.99836894,25.214685,
수도권,2011-12,,,76.09900817,,
인천,2011-12,,,,75.630544,
전국,2011-12,5.212382519,3.220152279,105.0284211,,
6개광역시,2012-01,,,166.9852771,,
강남11개구,2012-01,,,48.33629245,,
강북14개구,2012-01,,,71.90867505,,
경기,2012-01,,,101.0129904,,
기타지방,2012-01,,,210.2658025,,
서울,2012-01,10.12811496,5.203539225,57.73662829,,
수도권,2012-01,,,78.63001675,,
전국,2012-01,5.006741655,3.084720949,108.4722623,,
6개광역시,2012-02,,,166.7016808,,
강남11개구,2012-02,,,48.62121284,,
강북14개구,2012-02,,,71.6107538,,
경기,2012-02,,,100.6034561,,
기타지방,2012-02,,,207.2636013,,
서울,2012-02,10.08197332,5.233868523,57.84445331,,
수도권,2012-02,,,78.61959639,,
전국,2012-02,5.017527598,3.10593447,108.2291535,,
6개광역시,2012-03,,,166.5567468,,
강남11개구,2012-03,,,48.8770483,,
강북14개구,2012-03,,,71.79666141,,
경기,2012-03,,,101.0176482,60.799413,
기타지방,2012-03,,,206.5935981,,
서울,2012-03,10.06798517,5.223417466,58.08685846,31.315005,
수도권,2012-03,,,78.94265001,,
인천,2012-03,,,,81.56623,
전국,2012-03,5.015144425,3.126434299,108.476911,,
6개광역시,2012-04,,,163.8416582,,
강남11개구,2012-04,,,48.50450225,,
강북14개구,2012-04,,,70.8471872,,
경기,2012-04,,,99.86609014,,
기타지방,2012-04,,,201.6924964,,
서울,2012-04,10.22865958,5.33915154,57.51290539,,
수도권,2012-04,,,78.12844242,,
전국,2012-04,5.108676326,3.194452066,107.0493118,,
6개광역시,2012-05,,,164.7077868,,
강남11개구,2012-05,,,48.67626893,,
강북14개구,2012-05,,,71.51371406,,
경기,2012-05,,,101.0806997,,
기타지방,2012-05,,,201.7712721,,
서울,2012-05,10.2278111,5.321741936,57.85214165,,
수도권,2012-05,,,78.79263858,,
전국,2012-05,5.105704295,3.209438765,107.7664928,,
6개광역시,2012-06,,,166.0463144,,
강남11개구,2012-06,,,49.3624751,,
강북14개구,2012-06,,,72.16801631,,
경기,2012-06,,,102.2767521,59.866754,
기타지방,2012-06,,,203.34145,,
서울,2012-06,10.19051686,5.316604584,58.55235258,26.951694,
수도권,2012-06,,,79.73652431,,
인천,2012-06,,,,77.593119,
전국,2012-06,5.093525636,3.214763248,108.9216864,,
6개광역시,2012-07,,,173.000132,,
강남11개구,2012-07,,,52.16004426,,
강북14개구,2012-07,,,75.59632529,,
경기,2012-07,,,107.0915402,,
기타지방,2012-07,,,212.1791242,,
서울,2012-07,9.810984019,5.15707883,61.65327198,,
수도권,2012-07,,,83.77039734,,
전국,2012-07,4.911862957,3.116390946,114.1568891,,
6개광역시,2012-08,,,176.4204747,,
강남11개구,2012-08,,,53.86567235,,
강북14개구,2012-08,,,77.11334211,,
경기,2012-08,,,109.6459987,,
기타지방,2012-08,,,216.8498333,,
서울,2012-08,9.655439798,5.167146522,63.3515342,,
수도권,2012-08,,,85.94298747,,
전국,2012-08,4.911830543,3.122600691,116.9377571,,
6개광역시,2012-09,,,178.3028513,,
강남11개구,2012-09,,,54.51903392,,
강북14개구,2012-09,,,78.19224378,,
경기,2012-09,,,111.3260369,66.071474,
기타지방,2012-09,,,218.6452327,,
서울,2012-09,9.614516597,5.201559216,64.16802491,33.601628,
수도권,2012-09,,,87.13426656,,
인천,2012-09,,,,82.996306,
전국,2012-09,4.896432221,3.132429908,118.3969019,,
6개광역시,2012-10,,,178.0938746,,
강남11개구,2012-10,,,54.90136074,,
강북14개구,2012-10,,,78.61743953,,
경기,2012-10,,,111.4451384,,
기타지방,2012-10,,,218.4357404,,
서울,2012-10,9.578184653,5.290633646,64.57678888,,
수도권,2012-10,,,87.49870926,,
전국,2012-10,4.914312262,3.170318402,118.7023587,,
6개광역시,2012-11,,,178.814145,,
강남11개구,2012-11,,,55.36521902,,
강북14개구,2012-11,,,79.01765634,,
경기,2012-11,,,112.2849021,,
기타지방,2012-11,,,219.0685909,,
서울,2012-11,9.52651687,5.316740643,65.03374521,,
수도권,2012-11,,,88.12999665,,
전국,2012-11,4.910402478,3.181506859,119.4214369,,
6개광역시,2012-12,,,179.1319411,,
강남11개구,2012-12,,,55.73621666,,
강북14개구,2012-12,,,79.39588209,,
경기,2012-12,,,112.9459099,67.035276,
기타지방,2012-12,,,219.5111113,,
서울,2012-12,9.502084636,5.353859906,65.418583,34.356249,
수도권,2012-12,,,88.63270565,,
인천,2012-12,,,,84.159401,
전국,2012-12,4.901270297,3.197117119,119.966039,,
6개광역시,2013-01,,,180.2242925,,
강남11개구,2013-01,,,56.73074225,,
강북14개구,2013-01,,,80.31520677,,
경기,2013-01,,,113.6531004,,
기타지방,2013-01,,,220.9823979,,
서울,2013-01,9.404270763,5.328195579,66.41755433,,
수도권,2013-01,,,89.66087383,,
전국,2013-01,4.873701861,3.186345923,121.1757354,,
6개광역시,2013-02,,,182.1066332,,
강남11개구,2013-02,,,57.24229784,,
강북14개구,2013-02,,,81.46404021,,
경기,2013-02,,,114.9262027,,
기타지방,2013-02,,,223.4453276,,
서울,2013-02,9.391146864,5.346376485,67.16023626,,
수도권,2013-02,,,90.68754588,,
전국,2013-02,4.844989503,3.195959859,122.5107163,,
6개광역시,2013-03,,,183.1695982,,
강남11개구,2013-03,,,57.77876256,,
강북14개구,2013-03,,,82.24580655,,
경기,2013-03,,,116.1638615,71.552873,
기타지방,2013-03,,,225.2198577,,
서울,2013-03,9.367325866,5.375052715,67.79582675,38.759457,
수도권,2013-03,,,91.59741295,,
인천,2013-03,,,,86.593761,
전국,2013-03,4.817031232,3.218408141,123.5904592,,
6개광역시,2013-04,,,178.4901964,,
강남11개구,2013-04,,,59.37256746,,
강북14개구,2013-04,,,83.74645344,,
경기,2013-04,,,114.5942655,,
기타지방,2013-04,,,218.3438903,,
서울,2013-04,9.40116453,5.457415468,69.38544939,,
수도권,2013-04,,,93.63325811,,
전국,2013-04,4.968676761,3.301629329,122.911869,,
6개광역시,2013-05,,,179.4037707,,
강남11개구,2013-05,,,59.58443757,,
강북14개구,2013-05,,,84.42753879,,
경기,2013-05,,,115.9798034,,
기타지방,2013-05,,,220.1182321,,
서울,2013-05,9.387904424,5.46324691,69.76280029,,
수도권,2013-05,,,94.39271164,,
전국,2013-05,4.968703135,3.307198268,123.8267224,,
6개광역시,2013-06,,,179.4601697,,
강남11개구,2013-06,,,59.95716151,,
강북14개구,2013-06,,,84.7355586,,
경기,2013-06,,,116.5280678,72.894511,
기타지방,2013-06,,,220.2646301,,
서울,2013-06,9.367470687,5.476091467,70.12456424,39.732993,
수도권,2013-06,,,94.84934415,,
인천,2013-06,,,,86.948677,
전국,2013-06,4.966561053,3.311771817,124.2543733,,
6개광역시,2013-07,,,185.4521508,,
강남11개구,2013-07,,,61.87578366,,
강북14개구,2013-07,,,87.83228028,,
경기,2013-07,,,120.3327267,,
기타지방,2013-07,,,226.7186814,,
서울,2013-07,9.015356672,5.339570461,72.49900705,,
수도권,2013-07,,,98.01840489,,
전국,2013-07,4.781778117,3.21945305,128.3422825,,
6개광역시,2013-08,,,184.8524859,,
강남11개구,2013-08,,,61.58105672,,
강북14개구,2013-08,,,88.18728009,,
경기,2013-08,,,120.008427,,
기타지방,2013-08,,,226.265896,,
서울,2013-08,8.995931536,5.402597068,72.41358033,,
수도권,2013-08,,,97.85272263,,
전국,2013-08,4.7784175,3.238983194,128.0686095,,
6개광역시,2013-09,,,184.0691723,,
강남11개구,2013-09,,,61.40476166,,
강북14개구,2013-09,,,88.15213443,,
경기,2013-09,,,119.7818619,75.026317,
기타지방,2013-09,,,225.7706975,,
서울,2013-09,8.971346063,5.528207026,72.27882094,44.730774,
수도권,2013-09,,,97.68194557,,
인천,2013-09,,,,87.668095,
전국,2013-09,4.782060886,3.281103949,127.7567263,,
6개광역시,2013-10,,,182.3204621,,
강남11개구,2013-10,,,60.86220533,,
강북14개구,2013-10,,,87.6919101,,
경기,2013-10,,,119.1419713,,
기타지방,2013-10,,,223.4105911,,
서울,2013-10,8.991879024,5.651031414,71.74617891,,
수도권,2013-10,,,97.03076116,,
전국,2013-10,4.830825499,3.338527698,126.7764652,,
6개광역시,2013-11,,,182.0792858,,
강남11개구,2013-11,,,61.01947605,,
강북14개구,2013-11,,,88.21109872,,
경기,2013-11,,,119.0653944,,
기타지방,2013-11,,,222.8777123,,
서울,2013-11,8.986588804,5.717298669,72.02849361,,
수도권,2013-11,,,97.22788487,,
전국,2013-11,4.841944208,3.367797345,126.8783234,,
6개광역시,2013-12,,,182.094914,,
강남11개구,2013-12,,,61.08469093,,
강북14개구,2013-12,,,88.5507963,,
경기,2013-12,,,119.2494782,73.658148,
기타지방,2013-12,,,221.9077882,,
서울,2013-12,8.992196778,5.769572019,72.18647526,43.768532,
수도권,2013-12,,,97.41060165,,
인천,2013-12,,,,87.286402,
전국,2013-12,4.858883427,3.393095416,126.9764423,,
6개광역시,2014-01,,,186.4429994,,
강남11개구,2014-01,,,62.45941463,,
강북14개구,2014-01,,,90.98549043,,
경기,2014-01,,,121.9554131,,
기타지방,2014-01,,,227.2847733,,
서울,2014-01,8.815230746,5.73413338,73.95621238,,
수도권,2014-01,,,99.7509167,,
전국,2014-01,4.726975791,3.319239137,130.0057503,,
6개광역시,2014-02,,,186.7215648,,
강남11개구,2014-02,,,62.40732034,,
강북14개구,2014-02,,,91.20158642,,
경기,2014-02,,,121.9589733,,
기타지방,2014-02,,,227.3244124,,
서울,2014-02,8.841591572,5.804473002,73.98999815,,
수도권,2014-02,,,99.80518542,,
전국,2014-02,4.739332289,3.349986907,130.0761804,,
6개광역시,2014-03,,,186.1460935,,
강남11개구,2014-03,,,61.98133823,,
강북14개구,2014-03,,,90.91951594,,
경기,2014-03,,,121.673607,75.830236,
기타지방,2014-03,,,226.2186929,,
서울,2014-03,8.909378322,5.845623954,73.59581096,46.501704,
수도권,2014-03,,,99.42847087,,
인천,2014-03,,,,88.148461,
전국,2014-03,4.758377129,3.371432253,129.5581483,,
6개광역시,2014-04,,,178.3385679,,
강남11개구,2014-04,,,60.02836289,,
강북14개구,2014-04,,,88.13786811,,
경기,2014-04,,,117.4531898,,
기타지방,2014-04,,,217.937339,,
서울,2014-04,9.2220865,6.097577455,71.30387053,,
수도권,2014-04,,,96.1196745,,
전국,2014-04,4.934911634,3.523797403,125.0034777,,
6개광역시,2014-05,,,178.9037821,,
강남11개구,2014-05,,,60.69685764,,
강북14개구,2014-05,,,88.633811,,
경기,2014-05,,,118.0281928,,
기타지방,2014-05,,,218.5846373,,
서울,2014-05,9.246105544,6.09451605,71.93983683,,
수도권,2014-05,,,96.80563094,,
전국,2014-05,4.942396674,3.533830909,125.7347525,,
6개광역시,2014-06,,,178.8745916,,
강남11개구,2014-06,,,60.94696222,,
강북14개구,2014-06,,,88.99049103,,
경기,2014-06,,,118.4929019,73.519055,
기타지방,2014-06,,,218.7421083,,
서울,2014-06,9.226845077,6.129346837,72.23347894,43.692052,
수도권,2014-06,,,97.17550773,,
인천,2014-06,,,,85.770408,
전국,2014-06,4.949674349,3.548880915,126.0720038,,
6개광역시,2014-07,,,188.0477947,,
강남11개구,2014-07,,,64.09299138,,
강북14개구,2014-07,,,93.80129894,,
경기,2014-07,,,124.8688639,,
기타지방,2014-07,,,230.4834723,,
서울,2014-07,8.819965761,5.865023093,76.0329636,,
수도권,2014-07,,,102.3338606,,
전국,2014-07,4.724619058,3.387810491,132.7222413,,
6개광역시,2014-08,,,188.2413316,,
강남11개구,2014-08,,,64.0040848,,
강북14개구,2014-08,,,94.00244451,,
경기,2014-08,,,125.0425799,,
기타지방,2014-08,,,230.4643933,,
서울,2014-08,8.795435908,5.882244761,76.03518378,,
수도권,2014-08,,,102.3962422,,
전국,2014-08,4.742364562,3.397355244,132.801959,,
6개광역시,2014-09,,,186.9637912,,
강남11개구,2014-09,,,63.58936698,,
강북14개구,2014-09,,,93.79219517,,
경기,2014-09,,,124.3146247,75.151521,
기타지방,2014-09,,,228.8875079,,
서울,2014-09,8.831114407,5.922957404,75.67156557,45.585029,
수도권,2014-09,,,101.8589267,,
인천,2014-09,,,,86.369833,
전국,2014-09,4.774663618,3.41373687,132.0374693,,
6개광역시,2014-10,,,180.8593196,,
강남11개구,2014-10,,,61.98239834,,
강북14개구,2014-10,,,91.2547879,,
경기,2014-10,,,120.6598855,,
기타지방,2014-10,,,221.6630059,,
서울,2014-10,9.187807206,6.17144237,73.70525029,,
수도권,2014-10,,,99.07135973,,
전국,2014-10,4.978856111,3.56141158,128.1992514,,
6개광역시,2014-11,,,181.4180186,,
강남11개구,2014-11,,,62.37470694,,
강북14개구,2014-11,,,91.7327462,,
경기,2014-11,,,120.9536974,,
기타지방,2014-11,,,222.5246306,,
서울,2014-11,9.225653743,6.195285275,74.1395113,,
수도권,2014-11,,,99.5245888,,
전국,2014-11,5.011997881,3.579586467,128.7250197,,
6개광역시,2014-12,,,179.8281633,,
강남11개구,2014-12,,,62.24574882,,
강북14개구,2014-12,,,91.43245383,,
경기,2014-12,,,120.3989544,72.850426,
기타지방,2014-12,,,221.8327411,,
서울,2014-12,9.242409683,6.283309653,73.95037068,43.402887,
수도권,2014-12,,,99.19383295,,
인천,2014-12,,,,84.706738,
전국,2014-12,5.046936948,3.627270328,128.1362234,,
6개광역시,2015-01,,,186.6248892,,
강남11개구,2015-01,,,64.80977938,,
강북14개구,2015-01,,,95.10480441,,
경기,2015-01,,,125.2574788,,
기타지방,2015-01,,,230.2465693,,
서울,2015-01,8.874883715,6.08084728,76.96605121,,
수도권,2015-01,,,103.1909414,,
전국,2015-01,4.852850449,3.494558846,133.2157921,,
6개광역시,2015-02,,,187.3378334,,
강남11개구,2015-02,,,64.78931807,,
강북14개구,2015-02,,,95.45190593,,
경기,2015-02,,,125.7319088,,
기타지방,2015-02,,,231.8355724,,
서울,2015-02,8.880751792,6.138843728,77.06392738,,
수도권,2015-02,,,103.4649984,,
전국,2015-02,4.874354028,3.516997734,133.6409861,,
6개광역시,2015-03,,,190.4228927,,
강남11개구,2015-03,,,66.16058313,,
강북14개구,2015-03,,,97.41008692,,
경기,2015-03,,,128.1697521,76.232521,
기타지방,2015-03,,,236.9379915,,
서울,2015-03,8.930436326,6.309754732,78.67492007,48.229976,
수도권,2015-03,,,105.5464647,,
인천,2015-03,,,,86.815773,
전국,2015-03,4.933956205,3.552801818,136.2629469,,
6개광역시,2015-04,,,186.2200398,,
강남11개구,2015-04,,,64.6043454,,
강북14개구,2015-04,,,95.51660518,,
경기,2015-04,,,125.4990468,,
기타지방,2015-04,,,232.1445492,,
서울,2015-04,9.257619979,6.574092048,76.95266561,,
수도권,2015-04,,,103.3009632,,
전국,2015-04,5.113974047,3.723248041,133.339222,,
6개광역시,2015-05,,,180.8902178,,
강남11개구,2015-05,,,62.87635865,,
강북14개구,2015-05,,,93.00995044,,
경기,2015-05,,,122.1256457,,
기타지방,2015-05,,,225.7424796,,
서울,2015-05,9.308096199,6.657992316,74.90988644,,
수도권,2015-05,,,100.5407592,,
전국,2015-05,5.140385094,3.768717457,129.7078614,,
6개광역시,2015-06,,,179.9197062,,
강남11개구,2015-06,,,62.50497107,,
강북14개구,2015-06,,,93.02801632,,
경기,2015-06,,,122.0648389,71.806388,
기타지방,2015-06,,,226.500854,,
서울,2015-06,9.379896302,6.776341205,74.64925515,43.355055,
수도권,2015-06,,,100.2961064,,
인천,2015-06,,,,83.674061,
전국,2015-06,5.168881815,3.820764036,129.4071396,,
6개광역시,2015-07,,,184.8984268,,
강남11개구,2015-07,,,64.82702089,,
강북14개구,2015-07,,,96.09670966,,
경기,2015-07,,,125.4410453,,
기타지방,2015-07,,,234.3369065,,
서울,2015-07,9.166957013,6.67051783,77.29851653,,
수도권,2015-07,,,103.4671471,,
전국,2015-07,5.041732339,3.734841206,133.4845573,,
6개광역시,2015-08,,,183.6370101,,
강남11개구,2015-08,,,64.06003689,,
강북14개구,2015-08,,,95.69677068,,
경기,2015-08,,,125.1549702,,
기타지방,2015-08,,,233.8991083,,
서울,2015-08,9.209887583,6.757623128,76.61932482,,
수도권,2015-08,,,102.8292195,,
전국,2015-08,5.088402722,3.762556946,132.7096478,,
6개광역시,2015-09,,,181.7312969,,
강남11개구,2015-09,,,63.95169024,,
강북14개구,2015-09,,,95.00259614,,
경기,2015-09,,,124.1849767,65.707336,
기타지방,2015-09,,,233.4341187,,
서울,2015-09,9.283414877,6.963353037,76.31997107,35.916952,
수도권,2015-09,,,102.2505648,,
인천,2015-09,,,,79.819881,
전국,2015-09,5.14159508,3.830160313,131.8869691,,
6개광역시,2015-10,,,177.5164154,,
강남11개구,2015-10,,,62.56250755,,
강북14개구,2015-10,,,93.12430564,,
경기,2015-10,,,121.7121562,,
기타지방,2015-10,,,228.9186137,,
서울,2015-10,9.514454384,7.16172438,74.72137248,,
수도권,2015-10,,,100.1595011,,
전국,2015-10,5.259048881,3.954225029,129.1160045,,
6개광역시,2015-11,,,173.4102043,,
강남11개구,2015-11,,,61.08002273,,
강북14개구,2015-11,,,91.01157815,,
경기,2015-11,,,119.4689405,,
기타지방,2015-11,,,225.0076464,,
서울,2015-11,9.538153271,7.337245888,72.98074342,,
수도권,2015-11,,,98.01455196,,
전국,2015-11,5.291459285,4.014875564,126.3715082,,
6개광역시,2015-12,,,171.3149208,,
강남11개구,2015-12,,,60.67533302,,66.735825397472
강북14개구,2015-12,,,90.1308509,,71.419927122418
경기,2015-12,,,118.3054651,63.475916,69.756326793629
기타지방,2015-12,,,222.7533334,,
서울,2015-12,9.590362358,7.384981772,72.40849452,34.344324,68.891663231694
수도권,2015-12,,,97.14077144,,68.869752614571
인천,2015-12,,,,78.14911,65.493917856045
전국,2015-12,5.299239909,4.034734542,125.1600583,,
6개광역시,2016-01,,,166.7078877,,
강남11개구,2016-01,,,60.56367186,,66.751215204687
강북14개구,2016-01,,,90.55206533,,71.439128248467
경기,2016-01,,,117.804058,,69.754942477406
기타지방,2016-01,,,215.1086032,,
서울,2016-01,9.695225167,7.408739801,72.50473221,,68.908838890129
수도권,2016-01,,,97.48130538,,68.882173424743
인천,2016-01,,,,,65.547480666838
전국,2016-01,5.349615141,4.045827122,125.0753479,,
6개광역시,2016-02,,,168.3592125,,
강남11개구,2016-02,,,61.4191299,,66.754375692146
강북14개구,2016-02,,,91.16651473,,71.385635035464
경기,2016-02,,,118.7273753,,69.774908586432
기타지방,2016-02,,,217.4412873,,
서울,2016-02,9.702188974,7.442578158,73.31603868,,68.885264437254
수도권,2016-02,,,98.44467693,,68.894168801696
인천,2016-02,,,,,65.612724464554
전국,2016-02,5.352116292,4.075448338,126.3207901,,
6개광역시,2016-03,,,168.6022059,,
강남11개구,2016-03,,,61.42254069,,66.724415687739
강북14개구,2016-03,,,91.00018562,,71.307869138757
경기,2016-03,,,118.7719176,64.684063,69.773428097742
기타지방,2016-03,,,218.0917678,,
서울,2016-03,9.711720691,7.504927436,73.26492408,34.315106,68.832771369441
수도권,2016-03,,,98.42589516,,68.890772426995
인천,2016-03,,,,77.417379,65.717231352913
전국,2016-03,5.358745085,4.101278321,126.3920413,,
6개광역시,2016-04,,,164.550878,,
강남11개구,2016-04,,,59.60190102,,66.751455713128
강북14개구,2016-04,,,88.71772131,,71.27156582768
경기,2016-04,,,115.9232575,,69.77159451813
기타지방,2016-04,,,213.0675267,,
서울,2016-04,9.97271341,7.751114565,71.22662719,,68.829900453423
수도권,2016-04,,,95.84110189,,68.915526326103
인천,2016-04,,,,,65.907498328882
전국,2016-04,5.514649531,4.232060736,123.1939317,,
6개광역시,2016-05,,,164.700978,,
강남11개구,2016-05,,,59.49775907,,66.707354762734
강북14개구,2016-05,,,88.66555174,,71.300738576789
경기,2016-05,,,116.1552994,,69.789939158845
기타지방,2016-05,,,213.8458122,,
서울,2016-05,10.00736788,7.791399848,71.13511705,,68.820410044301
수도권,2016-05,,,95.86047653,,68.936537415124
인천,2016-05,,,,,66.01016380574
전국,2016-05,5.525788507,4.264768607,123.2829257,,
6개광역시,2016-06,,,165.9149996,,
강남11개구,2016-06,,,59.46880567,,66.87354854918
강북14개구,2016-06,,,89.33247424,,71.318373611723
경기,2016-06,,,117.0765542,62.774461,69.738511507373
기타지방,2016-06,,,215.6029802,,
서울,2016-06,10.08321834,7.819875356,71.32670164,31.779662,68.916370126228
수도권,2016-06,,,96.34369171,,68.970262642183
인천,2016-06,,,,76.65498,66.220455980892
전국,2016-06,5.530358199,4.278398767,124.0070965,,
6개광역시,2016-07,,,171.2873444,,
강남11개구,2016-07,,,60.93334856,,66.87701806259
강북14개구,2016-07,,,91.76345821,,71.371386045863
경기,2016-07,,,120.942579,,69.72249090814
기타지방,2016-07,,,223.4007729,,
서울,2016-07,9.990724899,7.697369028,73.15638932,,68.943213916191
수도권,2016-07,,,99.11862425,,68.978610536843
인천,2016-07,,,,,66.27772308749
전국,2016-07,5.410329192,4.18508281,127.7882055,,
6개광역시,2016-08,,,169.863993,,
강남11개구,2016-08,,,59.81045595,,66.753385303177
강북14개구,2016-08,,,91.00911357,,71.302713000965
경기,2016-08,,,120.1491524,,69.748929389064
기타지방,2016-08,,,222.6708679,,
서울,2016-08,10.14920005,7.741682651,72.1024638,,68.845614950886
수도권,2016-08,,,98.01079244,,68.976241341905
인천,2016-08,,,,,66.389611168987
전국,2016-08,5.447361424,4.196073738,126.5699772,,
6개광역시,2016-09,,,167.452159,,
강남11개구,2016-09,,,57.95844845,,66.781158017523
강북14개구,2016-09,,,89.74171294,,71.294617268263
경기,2016-09,,,118.633573,64.937076,69.783417666161
기타지방,2016-09,,,219.6743206,,
서울,2016-09,10.25417298,7.775381748,70.34876233,31.939084,68.856440306763
수도권,2016-09,,,96.11114962,,69.005157216806
인천,2016-09,,,,77.571474,66.439868125827
전국,2016-09,5.496512405,4.204957338,124.3491009,,
6개광역시,2016-10,,,159.3785691,,
강남11개구,2016-10,,,55.14093782,,66.797100333847
강북14개구,2016-10,,,85.16330551,,71.284078089795
경기,2016-10,,,113.8845407,,69.803468752982
기타지방,2016-10,,,211.1440313,,
서울,2016-10,10.63268131,8.045916959,66.86286803,,68.859874190814
수도권,2016-10,,,91.73605489,,69.02760459467
인천,2016-10,,,,,66.516000970864
전국,2016-10,5.689804135,4.351755948,118.6945583,,
6개광역시,2016-11,,,156.4048071,,
강남11개구,2016-11,,,53.74406092,,66.802981210912
강북14개구,2016-11,,,82.95274701,,71.238472105811
경기,2016-11,,,111.3640418,,69.824650692959
기타지방,2016-11,,,207.6391532,,
서울,2016-11,10.73718215,8.074970434,65.1527486,,68.841455912781
수도권,2016-11,,,89.55228006,,69.042257303214
인천,2016-11,,,,,66.583501984834
전국,2016-11,5.72471777,4.37424903,116.0889484,,
6개광역시,2016-12,,,154.7004069,,
강남11개구,2016-12,,,53.24060367,,66.790642189802
강북14개구,2016-12,,,81.98383991,,71.235518252547
경기,2016-12,,,110.2063039,58.699127,69.872259376428
기타지방,2016-12,,,205.8873791,,
서울,2016-12,10.75746434,8.079569533,64.48348446,26.072188,68.833555390353
수도권,2016-12,,,88.63952552,,69.072167073018
인천,2016-12,,,,72.152548,66.63507723581
전국,2016-12,5.735549403,4.395607583,114.9013726,,
6개광역시,2017-01,,,158.1634424,,
강남11개구,2017-01,,,54.81854825,,66.759658913848
강북14개구,2017-01,,,84.0969524,,71.228796518316
경기,2017-01,,,113.0169704,,69.910851525182
기타지방,2017-01,,,211.173446,,
서울,2017-01,10.50797468,7.852366302,66.29698107,,68.814045306003
수도권,2017-01,,,91.02934495,,69.087286774062
인천,2017-01,,,,,66.642526867705
전국,2017-01,5.585750735,4.29310193,117.8636775,,
6개광역시,2017-02,,,157.5097476,,
강남11개구,2017-02,,,54.55633701,,66.832784800599
강북14개구,2017-02,,,83.72238232,,71.23789231589
경기,2017-02,,,112.2115283,,69.926667495045
기타지방,2017-02,,,210.4700515,,
서울,2017-02,10.52879682,7.852036608,65.98842096,,68.856898648777
수도권,2017-02,,,90.5533104,,69.115730248153
인천,2017-02,,,,,66.685012841226
전국,2017-02,5.588767975,4.295667643,117.2735797,,
6개광역시,2017-03,,,156.8170546,,
강남11개구,2017-03,,,54.29295951,,66.847497115555
강북14개구,2017-03,,,83.32899289,,71.22855241874
경기,2017-03,,,111.8421709,59.250514,69.923994969578
기타지방,2017-03,,,209.859329,,
서울,2017-03,10.54629336,7.89263213,65.67318709,26.492987,68.860249804366
수도권,2017-03,,,90.16854101,,69.116136898697
인천,2017-03,,,,72.767253,66.690175867961
전국,2017-03,5.593700536,4.30140554,116.7954888,,
6개광역시,2017-04,,,156.4493853,,
강남11개구,2017-04,,,54.00020797,,66.86541364595
강북14개구,2017-04,,,83.18025199,,71.292347020035
경기,2017-04,,,111.5788039,,69.932033853047
기타지방,2017-04,,,210.1311314,,
서울,2017-04,10.85524839,8.098751409,65.41171325,,68.899799558866
수도권,2017-04,,,89.85860285,,69.136617192303
인천,2017-04,,,,,66.713060339182
전국,2017-04,5.718272481,4.366389471,116.4994182,,
6개광역시,2017-05,,,155.262164,,
강남11개구,2017-05,,,53.41138391,,66.874194418072
강북14개구,2017-05,,,82.62389607,,71.297511432751
경기,2017-05,,,110.9016708,,69.949400771811
기타지방,2017-05,,,209.9267962,,
서울,2017-05,10.92580884,8.116896799,64.8060145,,68.906866776329
수도권,2017-05,,,89.13632318,,69.156490963059
인천,2017-05,,,,,66.772478035356
전국,2017-05,5.721294594,4.367620622,115.6786228,,
6개광역시,2017-06,,,155.4166277,,
강남11개구,2017-06,,,52.11324334,,66.841219549953
강북14개구,2017-06,,,82.18785908,,71.295681884313
경기,2017-06,,,110.7344591,55.993303,69.98953826134
기타지방,2017-06,,,210.8936627,,
서울,2017-06,11.04451408,8.228408498,63.70625248,22.826595,68.888614871791
수도권,2017-06,,,88.26432439,,69.193650810233
인천,2017-06,,,,68.794888,66.928352022111
전국,2017-06,5.733021041,4.367292848,114.9625262,,
6개광역시,2017-07,,,155.7076052,,
강남11개구,2017-07,,,51.75414082,,66.785203435021
강북14개구,2017-07,,,81.68893059,,71.274194276366
경기,2017-07,,,110.5298833,,69.994998428022
기타지방,2017-07,,,211.9504487,,
서울,2017-07,10.8293774,8.015715353,63.28739689,,68.848936872125
수도권,2017-07,,,87.87708462,,69.189792982085
인천,2017-07,,,,,66.973219129623
전국,2017-07,5.585862129,4.246660197,114.732152,,
6개광역시,2017-08,,,155.3744754,,
강남11개구,2017-08,,,50.40785967,,66.855251710908
강북14개구,2017-08,,,80.61571835,,71.25450241838
경기,2017-08,,,109.9564699,,69.992009610816
기타지방,2017-08,,,212.4595153,,
서울,2017-08,10.97591226,8.042785855,61.95251117,,68.876583683766
수도권,2017-08,,,86.64913822,,69.21408459403
인천,2017-08,,,,,67.092981258906
전국,2017-08,5.608923406,4.253729665,113.6005821,,
6개광역시,2017-09,,,161.9414141,,
강남11개구,2017-09,,,50.42765719,,66.869313848691
강북14개구,2017-09,,,80.62796574,,71.235950683539
경기,2017-09,,,109.9392229,58.552866,70.021599087418
기타지방,2017-09,,,213.5332091,,
서울,2017-09,11.1558885,8.045625573,61.97114008,21.818604,68.875245324675
수도권,2017-09,,,87.82293051,,69.232401859902
인천,2017-09,,,,69.545877,67.114716696632
전국,2017-09,5.621778431,4.254011262,114.7675904,,
6개광역시,2017-10,,,153.3199781,,
강남11개구,2017-10,,,49.0859477,,66.885145551803
강북14개구,2017-10,,,78.89143737,,71.209901411385
경기,2017-10,,,108.1876526,,70.025417417917
기타지방,2017-10,,,211.2768577,,
서울,2017-10,11.3612104,8.149428893,60.441985,,68.8713023548
수도권,2017-10,,,84.83554279,,69.234315824764
인천,2017-10,,,,,67.123156604785
전국,2017-10,5.658772578,4.278736708,111.6122257,,
6개광역시,2017-11,,,152.6423871,,
강남11개구,2017-11,,,47.87619363,,66.839027924641
강북14개구,2017-11,,,77.83942739,,71.210096655822
경기,2017-11,,,108.3925086,,69.994135422216
기타지방,2017-11,,,210.232591,,
서울,2017-11,11.42584662,8.170683602,59.21096903,,68.847075295066
수도권,2017-11,,,83.87479213,,69.220396625632
인천,2017-11,,,,,67.199172978766
전국,2017-11,5.666896905,4.283014858,110.5745879,,
6개광역시,2017-12,,,152.2066634,,
강남11개구,2017-12,,,46.92591526,,66.866012817493
강북14개구,2017-12,,,77.04765314,,71.206928184691
경기,2017-12,,,106.4208701,55.4908,70.007612748802
기타지방,2017-12,,,210.0210256,,
서울,2017-12,11.5279595,8.157590811,58.25113711,19.750667,68.859810165285
수도권,2017-12,,,82.52789797,,69.230301257012
인천,2017-12,,,,65.908573,67.18891169785
전국,2017-12,5.670890639,4.278082502,109.2569455,,
6개광역시,2018-01,,,151.4637085,,
강남11개구,2018-01,,,45.35336824,,66.864835715948
강북14개구,2018-01,,,75.80868498,,71.283868453059
경기,2018-01,,,105.2812822,,69.987076858179
기타지방,2018-01,,,209.1038957,,
서울,2018-01,11.43896395,8.04766704,56.67657558,,68.895494140134
수도권,2018-01,,,80.90362955,,69.221108142862
인천,2018-01,,,,,67.117412459632
전국,2018-01,5.673576135,4.271634149,107.5814689,,
6개광역시,2018-02,,,151.8046595,,
강남11개구,2018-02,,,44.6927262,,66.875215031401
강북14개구,2018-02,,,75.35666717,,71.26026371545
경기,2018-02,,,104.5901224,,69.942182686849
기타지방,2018-02,,,209.5484282,,
서울,2018-02,11.7338364,8.074550162,56.03130837,,68.889829432484
수도권,2018-02,,,80.20067581,,69.202538336419
인천,2018-02,,,,,67.168270706749
전국,2018-02,5.672970455,4.267979541,106.980431,,
6개광역시,2018-03,,,151.7276747,,
강남11개구,2018-03,,,43.83456751,,66.852449356363
강북14개구,2018-03,,,74.26385862,,71.311376302784
경기,2018-03,,,103.9326205,55.725665,69.909747243857
기타지방,2018-03,,,209.8771469,,
서울,2018-03,12.060701,8.101255683,55.05250805,18.611692,68.901942179384
수도권,2018-03,,,79.22044087,,69.184881818206
인천,2018-03,,,,66.722869,67.136755896
전국,2018-03,5.667571731,4.254513755,106.0432282,,
6개광역시,2018-04,,,148.036885,,
강남11개구,2018-04,,,42.37462142,,66.924568730954
강북14개구,2018-04,,,70.98232931,,71.357332276664
경기,2018-04,,,100.731612,,69.913413314939
기타지방,2018-04,,,205.7821897,,
서울,2018-04,12.62501348,8.288114093,52.99651138,,68.961657438583
수도권,2018-04,,,76.51749809,,69.180510481325
인천,2018-04,,,,,66.951617492715
전국,2018-04,5.79582475,4.340715449,102.7705481,,
6개광역시,2018-05,,,147.5976093,,
강남11개구,2018-05,,,41.98859125,,66.933453392504
강북14개구,2018-05,,,70.33295836,,71.37095140314
경기,2018-05,,,100.9604505,,69.887768290881
기타지방,2018-05,,,205.8309435,,
서울,2018-05,12.78037604,8.302359289,52.51296066,,68.972768843909
수도권,2018-05,,,76.1590246,,69.169431283072
인천,2018-05,,,,,66.943652638956
전국,2018-05,5.79450453,4.34167218,102.370587,,
6개광역시,2018-06,,,148.0113231,,
강남11개구,2018-06,,,42.0629932,,66.9401137812
강북14개구,2018-06,,,70.14125951,,71.393686672897
경기,2018-06,,,101.0907384,53.531049,69.883679628635
기타지방,2018-06,,,207.4819767,,
서울,2018-06,12.83198026,8.320176011,52.51806877,16.686296,68.987008827575
수도권,2018-06,,,76.21238994,,69.171246919253
인천,2018-06,,,,64.319402,66.938689907906
전국,2018-06,5.791715554,4.331745275,102.55993,,
6개광역시,2018-07,,,155.8108204,,
강남11개구,2018-07,,,44.244026,,66.957946665556
강북14개구,2018-07,,,73.25818,,71.426468803147
경기,2018-07,,,106.4597169,,69.84353167437
기타지방,2018-07,,,219.6071757,,
서울,2018-07,12.40870165,7.939408437,55.09558966,,69.011881065413
수도권,2018-07,,,80.07742787,,69.158961616027
인천,2018-07,,,,,66.94477547456
전국,2018-07,5.501362986,4.105274832,107.8817909,,
6개광역시,2018-08,,,157.1252828,,
강남11개구,2018-08,,,43.44093489,,66.979990980212
강북14개구,2018-08,,,72.33742484,,71.40788091969
경기,2018-08,,,106.8311587,,69.796506942474
기타지방,2018-08,,,221.5028587,,
서울,2018-08,12.75402525,8.00660618,54.21015945,,69.014734887018
수도권,2018-08,,,79.46403815,,69.134411777319
인천,2018-08,,,,,66.94106238101
전국,2018-08,5.502677292,4.104101362,107.5336126,,
6개광역시,2018-09,,,157.7916871,,
강남11개구,2018-09,,,41.40901078,,67.002385175789
강북14개구,2018-09,,,69.90208753,,71.382756189626
경기,2018-09,,,105.8107476,56.7289,69.756961696496
기타지방,2018-09,,,223.4638478,,
서울,2018-09,13.3677414,8.100039561,51.93707088,15.239994,69.014688763595
수도권,2018-09,,,77.23521319,,69.105082630435
인천,2018-09,,,,68.572407,66.881727404906
전국,2018-09,5.547327694,4.099632737,105.5064751,,
6개광역시,2018-10,,,155.9804812,,
강남11개구,2018-10,,,40.47698155,,66.953757712693
강북14개구,2018-10,,,67.64180648,,71.354364011297
경기,2018-10,,,103.3349596,,69.583710337947
기타지방,2018-10,,,221.5550013,,
서울,2018-10,14.01935394,8.235905454,50.57828775,,68.975649058179
수도권,2018-10,,,75.35403044,,69.000980532601
인천,2018-10,,,,,66.886876670853
전국,2018-10,5.635992119,4.138054259,103.3359063,,
6개광역시,2018-11,,,156.3732672,,
강남11개구,2018-11,,,40.60306361,,67.006865766069
강북14개구,2018-11,,,67.22428199,,71.340105962674
경기,2018-11,,,103.273495,,69.482788041138
기타지방,2018-11,,,222.5789623,,
서울,2018-11,14.25949952,8.232845137,50.56013671,,68.996926763442
수도권,2018-11,,,75.32952052,,68.949016548453
인천,2018-11,,,,,66.848527853204
전국,2018-11,5.66505366,4.138523983,103.4078816,,
6개광역시,2018-12,,,157.5910576,,
강남11개구,2018-12,,,41.15119359,,67.029035345327
강북14개구,2018-12,,,67.70063512,,71.352943667976
경기,2018-12,,,103.3339529,53.655609,69.38121051285
기타지방,2018-12,,,224.6349779,,
서울,2018-12,14.34547405,8.22017696,51.12091338,12.927852,69.014674980307
수도권,2018-12,,,75.88246167,,68.901539349774
인천,2018-12,,,,67.275201,66.852947198128
전국,2018-12,5.669393575,4.126204919,104.1928735,,
6개광역시,2019-01,,,177.0672371,,
강남11개구,2019-01,,,49.47532007,,67.063637346267
강북14개구,2019-01,,,78.68398231,,71.356369079335
경기,2019-01,,,118.8450924,,69.348051364958
기타지방,2019-01,,,243.6517991,,
서울,2019-01,12.93646614,7.427032773,60.55953309,,69.034411169187
수도권,2019-01,,,88.93603757,,68.889553259174
인천,2019-01,,,,,66.85338471067
전국,2019-01,5.117206636,3.735712373,119.9915582,,
6개광역시,2019-02,,,178.0027261,,
강남11개구,2019-02,,,49.79413488,,67.025971189689
강북14개구,2019-02,,,78.92468261,,71.365898517151
경기,2019-02,,,119.2698432,,69.284296582935
기타지방,2019-02,,,245.2207885,,
서울,2019-02,12.94478902,7.353991496,60.87182275,,69.019239126412
수도권,2019-02,,,89.33729938,,68.849688848761
인천,2019-02,,,,,66.853190881037
전국,2019-02,5.109762202,3.728170121,120.5820614,,
6개광역시,2019-03,,,178.6109081,,
강남11개구,2019-03,,,50.78007399,,67.025328850783
강북14개구,2019-03,,,79.22946483,,71.329228599439
경기,2019-03,,,119.9310545,63.094938,69.247770940881
기타지방,2019-03,,,248.2737918,,
서울,2019-03,12.87645634,7.312854185,61.70454494,18.571583,69.001456875985
수도권,2019-03,,,90.25000811,,68.821258755236
인천,2019-03,,,,75.541886,66.832902038834
전국,2019-03,5.103490171,3.721076668,121.7010801,,
6개광역시,2019-04,,,179.4178222,,
강남11개구,2019-04,,,51.07536835,,67.079471725551
강북14개구,2019-04,,,79.1556182,,71.389251622894
경기,2019-04,,,120.2855705,,69.148743928778
기타지방,2019-04,,,249.8591677,,
서울,2019-04,12.84198846,7.303052092,61.90283252,,69.058339544306
수도권,2019-04,,,90.53632821,,68.783847572626
인천,2019-04,,,,,66.827248704287
전국,2019-04,5.118188213,3.725409545,122.1597229,,
6개광역시,2019-05,,,180.1802029,,
강남11개구,2019-05,,,51.00525358,,67.03821547124
강북14개구,2019-05,,,79.4802285,,71.336995468208
경기,2019-05,,,121.1904781,,69.048159848438
기타지방,2019-05,,,251.4115724,,
서울,2019-05,12.90118022,7.335939522,61.94806759,,69.011893958197
수도권,2019-05,,,90.85833509,,68.71400782366
인천,2019-05,,,,,66.82778085258
전국,2019-05,5.114658267,3.722509498,122.6234997,,
6개광역시,2019-06,,,183.7483491,,
강남11개구,2019-06,,,51.08581481,,67.007300112005
강북14개구,2019-06,,,80.88150428,,71.321668761978
경기,2019-06,,,123.3738375,62.961181,68.941853708349
기타지방,2019-06,,,257.2268144,,
서울,2019-06,12.85986173,7.340893113,62.42429599,18.104997,68.988428090207
수도권,2019-06,,,91.94732656,,68.646850732461
인천,2019-06,,,,76.724198,66.818171384612
전국,2019-06,5.101777822,3.720464231,124.4043063,,
6개광역시,2019-07,,,192.6050323,,
강남11개구,2019-07,,,52.3720472,,66.991343443933
강북14개구,2019-07,,,84.61356773,,71.333526565745
경기,2019-07,,,129.9134273,,68.895309541607
기타지방,2019-07,,,271.2690319,,
서울,2019-07,12.56563081,7.093388056,64.48778887,,68.985721548898
수도권,2019-07,,,95.72210895,,68.615785244913
인천,2019-07,,,,,66.784244906151
전국,2019-07,4.89546412,3.566813587,129.8202417,,
6개광역시,2019-08,,,195.3963664,,
강남11개구,2019-08,,,53.0827777,,67.000103343466
강북14개구,2019-08,,,84.96800055,,71.314968479089
경기,2019-08,,,131.6684222,,68.872297318405
기타지방,2019-08,,,276.359719,,
서울,2019-08,12.64427595,7.109326846,65.1342629,,68.981475209494
수도권,2019-08,,,96.8740153,,68.602345973403
인천,2019-08,,,,,66.788327636638
전국,2019-08,4.909619073,3.566904356,131.4765414,,
6개광역시,2019-09,,,194.4077362,,
강남11개구,2019-09,,,52.29139089,,66.920428251193
강북14개구,2019-09,,,84.08896777,,71.316063666659
경기,2019-09,,,131.1871341,67.181464,68.828404355264
기타지방,2019-09,,,277.2332621,,
서울,2019-09,12.75449762,7.133126456,64.27521932,20.411472,68.940312650656
수도권,2019-09,,,95.93500308,,68.554914634355
인천,2019-09,,,,79.704968,66.711971904411
전국,2019-09,4.917955803,3.566984733,130.4634426,,
6개광역시,2019-10,,,187.616307,,
강남11개구,2019-10,,,50.52276866,,66.931401035504
강북14개구,2019-10,,,81.25671472,,71.316440777343
경기,2019-10,,,126.8012461,,68.828358786107
기타지방,2019-10,,,269.8390627,,
서울,2019-10,13.13924972,7.279953739,62.14169802,,68.946232696346
수도권,2019-10,,,92.3511776,,68.555690736418
인천,2019-10,,,,,66.704196977483
전국,2019-10,5.079590864,3.694984415,126.2462242,,
6개광역시,2019-11,,,187.7842589,,
강남11개구,2019-11,,,50.50991216,,66.884570239753
강북14개구,2019-11,,,81.36941746,,71.265995987148
경기,2019-11,,,126.9772031,,68.796586129884
기타지방,2019-11,,,271.3633065,,
서울,2019-11,13.27227486,7.289130536,62.17734352,,68.897732458637
수도권,2019-11,,,92.09520354,,68.520614292753
인천,2019-11,,,,,66.686662519853
전국,2019-11,5.078075566,3.694822706,126.476769,,
6개광역시,2019-12,,,186.3170059,,
강남11개구,2019-12,,,49.51707395,,67.012504178569
강북14개구,2019-12,,,80.65605476,,71.293767751784
경기,2019-12,,,125.5628919,64.59068,68.773927588942
기타지방,2019-12,,,270.381475,,
서울,2019-12,13.60971106,7.358548828,61.22098193,17.723784,68.977876426711
수도권,2019-12,,,90.4898041,,68.532380265918
인천,2019-12,,,,77.658737,66.679988402688
전국,2019-12,5.111158025,3.704920277,125.4699509,,
6개광역시,2020-01,,,186.121511,,
강남11개구,2020-01,,,48.89768199,,67.079214185139
강북14개구,2020-01,,,80.26586461,,71.308734539175
경기,2020-01,,,124.2324564,,68.805741571183
기타지방,2020-01,,,271.8475278,,
서울,2020-01,13.57943155,7.319541631,60.53336852,,69.01989774006
수도권,2020-01,,,89.87177652,,68.562863395838
인천,2020-01,,,,,66.678496298199
전국,2020-01,5.0942329,3.691896505,124.7864416,,
6개광역시,2020-02,,,185.3315619,,
강남11개구,2020-02,,,47.65811997,,67.015987645114
강북14개구,2020-02,,,77.9058935,,71.357073570569
경기,2020-02,,,123.0378053,,68.742094894988
기타지방,2020-02,,,270.0140712,,
서울,2020-02,13.85556097,7.359191978,58.94156681,,69.009817451567
수도권,2020-02,,,88.99912129,,68.522928424343
인천,2020-02,,,,,66.665583400921
전국,2020-02,5.149595387,3.717220888,122.0722616,,
6개광역시,2020-03,,,185.4758236,,
강남11개구,2020-03,,,47.57153406,,67.153086121898
강북14개구,2020-03,,,77.1191595,,71.416985331481
경기,2020-03,,,120.2508648,61.196213,68.750601031574
기타지방,2020-03,,,268.5420128,,
서울,2020-03,14.24140459,7.421538102,58.65143729,16.209768,69.110047057967
수도권,2020-03,,,88.03562827,,68.563400557931
인천,2020-03,,,,73.941876,66.69763175991
전국,2020-03,5.225927792,3.735398129,121.0608445,,
6개광역시,2020-04,,,189.856633,,
강남11개구,2020-04,,,48.99446399,,67.205482118016
강북14개구,2020-04,,,78.88483591,,71.463845103594
경기,2020-04,,,122.2034743,,68.702842799381
기타지방,2020-04,,,276.5492519,,
서울,2020-04,13.93616368,7.261933518,60.25081825,,69.159753221169
수도권,2020-04,,,90.06077434,,68.564887908835
인천,2020-04,,,,,66.787272706173
전국,2020-04,5.085231504,3.611750013,123.9620884,,
6개광역시,2020-05,,,189.6950425,,
강남11개구,2020-05,,,49.3976663,,67.264879396243
강북14개구,2020-05,,,79.20896429,,71.47056766367
경기,2020-05,,,122.4466494,,68.697238225078
기타지방,2020-05,,,278.6578081,,
서울,2020-05,13.99476004,7.289876696,60.67349852,,69.194026435157
수도권,2020-05,,,90.6469025,,68.590724085208
인천,2020-05,,,,,66.921068841152
전국,2020-05,5.117167384,3.613468635,124.4508939,,
6개광역시,2020-06,,,188.31523,,
강남11개구,2020-06,,,49.31814486,,67.356288988358
강북14개구,2020-06,,,78.78403724,,71.499554602534
경기,2020-06,,,121.6542832,59.704706,68.721774027734
기타지방,2020-06,,,276.0388438,,
서울,2020-06,14.14245974,7.357876286,60.50224746,15.114282,69.255640100199
수도권,2020-06,,,89.84597086,,68.64551336787
인천,2020-06,,,,72.049443,67.082798260242
전국,2020-06,5.172447895,3.660010975,124.2480199,,
6개광역시,2020-07,,,185.2219709,,
강남11개구,2020-07,,,48.37735333,,67.369496386119
강북14개구,2020-07,,,76.7118416,,71.488446970413
경기,2020-07,,,117.8271037,,68.827303200793
기타지방,2020-07,,,270.9686341,,
서울,2020-07,14.79516655,7.587628086,59.10953991,,69.257265210153
수도권,2020-07,,,87.04211156,,68.706255566298
인천,2020-07,,,,,67.098767027854
전국,2020-07,5.32713425,3.739282097,121.8296498,,
6개광역시,2020-08,,,185.7164707,,
강남11개구,2020-08,,,46.8153602,,67.536279651086
강북14개구,2020-08,,,73.72100775,,71.474802148451
경기,2020-08,,,116.1899867,,68.935940414261
기타지방,2020-08,,,270.6544734,,
서울,2020-08,15.14225744,7.835000749,57.08834511,,69.338029487172
수도권,2020-08,,,85.52917497,,68.791182594899
인천,2020-08,,,,,67.09743433384
전국,2020-08,5.380182539,3.791990163,118.6964619,,
6개광역시,2020-09,,,183.8189316,,
강남11개구,2020-09,,,45.40627807,,68.002423308424
강북14개구,2020-09,,,72.24665812,,72.103171795353
경기,2020-09,,,113.2070536,54.87862,69.42793281803
기타지방,2020-09,,,266.1772851,,
서울,2020-09,15.59063814,8.156641048,55.5887958,10.398261,69.880856975761
수도권,2020-09,,,83.38466227,,69.248861957379
인천,2020-09,,,,70.082644,67.220439587389
전국,2020-09,5.461620683,3.875613794,116.0854556,,
6개광역시,2020-10,,,177.8232018,,
강남11개구,2020-10,,,43.91804355,,68.270381939169
강북14개구,2020-10,,,69.6197361,,72.392619772134
경기,2020-10,,,108.8717811,,69.711606789878
기타지방,2020-10,,,258.0182314,,
서울,2020-10,16.14807584,8.634430934,53.69105204,,70.158753562483
수도권,2020-10,,,80.43682124,,69.494435071259
인천,2020-10,,,,,67.237530168426
전국,2020-10,5.686496166,4.026176544,112.0715015,,
6개광역시,2020-11,,,172.163672,,
강남11개구,2020-11,,,42.80261274,,69.294931933511
강북14개구,2020-11,,,67.52796887,,72.823233598653
경기,2020-11,,,105.648843,,70.338831736739
기타지방,2020-11,,,254.6035273,,
서울,2020-11,16.44401542,9.072299086,52.23224012,,70.899637484264
수도권,2020-11,,,78.204632,,70.086197203715
인천,2020-11,,,,,67.342490766346
전국,2020-11,5.83679254,4.177184433,108.9996148,,
6개광역시,2020-12,,,168.155744,,
강남11개구,2020-12,,,42.32963749,,70.101878725389
강북14개구,2020-12,,,66.14607699,,73.365163147994
경기,2020-12,,,102.8496378,48.478447,70.656544001365
기타지방,2020-12,,,250.6562594,,
서울,2020-12,16.79949416,9.3358749,51.46643094,7.315982,71.579637890312
수도권,2020-12,,,76.77872647,,70.490780478476
인천,2020-12,,,,65.453847,67.463784837958
전국,2020-12,6.036536351,4.26357463,106.8691654,,
6개광역시,2021-01,,,164.1581369,,
강남11개구,2021-01,,,41.30751786,,70.477492771886
강북14개구,2021-01,,,64.77301263,,73.596370143689
경기,2021-01,,,100.0076755,,71.002610784334
기타지방,2021-01,,,245.8142474,,
서울,2021-01,17.03438553,9.5234488922,50.29045082,,71.886147631846
수도권,2021-01,,,74.92281706,,70.806674283147
인천,2021-01,,,,,67.679817551802
전국,2021-01,6.1952961483,4.3670050675,104.3091214,,
6개광역시,2021-02,,,160.3457075,,
강남11개구,2021-02,,,40.44942605,,71.114539442263
강북14개구,2021-02,,,63.78383123,,73.99989354118
경기,2021-02,,,96.20460325,,71.398346612715
기타지방,2021-02,,,242.6022257,,
서울,2021-02,17.4111953522,9.7251290333,49.35130751,,72.411412854793
수도권,2021-02,,,73.01733166,,71.204900963068
인천,2021-02,,,,,67.795592903553
전국,2021-02,6.3710080289,4.4899086664,101.7848335,,
6개광역시,2021-03,,,157.0319191,,
강남11개구,2021-03,,,39.45919004,,71.399839482097
강북14개구,2021-03,,,62.19918873,,74.230261960726
경기,2021-03,,,92.55397883,40.245453,71.800527340274
기타지방,2021-03,,,239.0574279,,
서울,2021-03,17.8095046043,9.9367178233,48.13630805,5.614977,72.670274064229
수도권,2021-03,,,70.84074455,,71.587750508574
인천,2021-03,,,,60.950712,68.387385817125
전국,2021-03,6.5835340857,4.5688798482,99.08734826,,
6개광역시,2021-04,,,154.4864628,,
강남11개구,2021-04,,,39.17645146,,71.640067769378
강북14개구,2021-04,,,61.61486283,,74.334935098196
경기,2021-04,,,90.07337671,,72.164573825452
기타지방,2021-04,,,237.0399364,,
서울,2021-04,18.147510333,10.0170154597,47.75039451,,72.845753898203
수도권,2021-04,,,69.69131088,,71.928010973556
인천,2021-04,,,,,69.012669337726
전국,2021-04,6.7497708811,4.6386202256,97.62194394,,
6개광역시,2021-05,,,152.2062537,,
강남11개구,2021-05,,,38.96757579,,71.903875697113
강북14개구,2021-05,,,61.37989482,,74.438692610738
경기,2021-05,,,89.1985908,,72.603003371237
기타지방,2021-05,,,235.7162305,,
서울,2021-05,18.2984152915,10.0958330931,47.52347973,,73.033134269282
수도권,2021-05,,,69.11775309,,72.236137587078
인천,2021-05,,,,,69.072451075533
전국,2021-05,6.8739578144,4.7028872389,96.82370487,,
6개광역시,2021-06,,,148.4579083,,
강남11개구,2021-06,,,38.45635714,,72.201137644016
강북14개구,2021-06,,,60.24479452,,74.516060325446
경기,2021-06,,,87.1567822,35.084324,72.979144345768
기타지방,2021-06,,,232.4651417,,
서울,2021-06,18.4727908519,10.2068012356,46.80219142,3.945104,73.225461480555
수도권,2021-06,,,67.76897865,,72.624916447189
인천,2021-06,,,,52.791177,69.967100472563
전국,2021-06,7.068657253,4.7811527925,94.97829755,,
6개광역시,2021-07,,,160.2818865,,
강남11개구,2021-07,,,42.05563951,,72.338224852252
강북14개구,2021-07,,,65.82653895,,74.782308068461
경기,2021-07,,,94.32082026,,73.37212332658
기타지방,2021-07,,,256.1653674,,
서울,2021-07,17.1477753867,9.3166854679,51.16568122,,73.423852262436
수도권,2021-07,,,73.65279986,,73.014930535862
인천,2021-07,,,,,70.788616333303
전국,2021-07,6.5412576883,4.3994881775,103.3576244,,
6개광역시,2021-08,,,156.0215635,,
강남11개구,2021-08,,,41.37257251,,72.553475981725
강북14개구,2021-08,,,64.23558271,,75.458365171272
경기,2021-08,,,91.11240212,,73.653201043081
기타지방,2021-08,,,251.7391516,,
서울,2021-08,17.442443922,9.4543581629,50.17843416,,73.85810827375
수도권,2021-08,,,71.76747893,,73.38032657432
인천,2021-08,,,,,71.337417878584
전국,2021-08,6.7505870354,4.4948592725,100.8066129,,
6개광역시,2021-09,,,151.1250095,,
강남11개구,2021-09,,,40.26438693,,72.856244203821
강북14개구,2021-09,,,62.69447451,,76.049931019067
경기,2021-09,,,87.80546238,33.818219,74.062704894029
기타지방,2021-09,,,245.1576348,,
서울,2021-09,17.631497425,9.551466591,48.88828262,3.822721,74.297952760895
수도권,2021-09,,,69.54553486,,73.824237210234
인천,2021-09,,,,49.467264,71.931134910955
전국,2021-09,6.9026086102,4.5681516799,97.79657126,,
6개광역시,2021-10,,,139.3013069,,
강남11개구,2021-10,,,36.70834933,,73.035912900345
강북14개구,2021-10,,,57.88948785,,76.160988921523
경기,2021-10,,,80.93023688,,74.317886118441
기타지방,2021-10,,,226.824692,,
서울,2021-10,18.7219153724,10.0634964655,44.78835615,,74.444787277121
수도권,2021-10,,,63.81440507,,74.071664453189
인천,2021-10,,,,,72.380064965392
전국,2021-10,7.3810482512,4.8306360377,89.93588306,,
6개광역시,2021-11,,,134.4911492,,
강남11개구,2021-11,,,35.64921262,,73.576875338949
강북14개구,2021-11,,,56.21926914,,76.735914985974
경기,2021-11,,,78.24116714,,74.943872556693
기타지방,2021-11,,,219.6888239,,
서울,2021-11,18.8906147838,10.1167755539,43.4961044,,75.00133120807
수도권,2021-11,,,61.82302921,,74.665757197313
인천,2021-11,,,,,72.933013086795
전국,2021-11,7.5512481971,4.8804016979,87.10678175,,
6개광역시,2021-12,,,132.1494803,,
강남11개구,2021-12,,,35.02008968,,74.325577026659
강북14개구,2021-12,,,55.33723708,,76.942830864998
경기,2021-12,,,77.17082877,25.54239,75.342629128545
기타지방,2021-12,,,215.9797718,,
서울,2021-12,19.0069819389,10.1559676297,42.76095838,2.699153,75.491472347831
수도권,2021-12,,,60.79435986,,75.124807807523
인천,2021-12,,,,37.003822,73.565584714902
전국,2021-12,7.5882841863,4.90931946,85.7038456,,
6개광역시,2022-01,,,134.0688263,,
강남11개구,2022-01,,,35.59954928,,74.647046337991
강북14개구,2022-01,,,56.43364934,,77.331992325648
경기,2022-01,,,78.71058395,,75.921198513616
기타지방,2022-01,,,220.5801439,,
서울,2022-01,18.3191384298,9.7927895661,43.52161908,,75.844804119089
수도권,2022-01,,,61.90628837,,75.601061234936
인천,2022-01,,,,,73.912295630229
전국,2022-01,7.3172707894,4.7294367574,87.23442063,,
6개광역시,2022-02,,,133.7086568,,
강남11개구,2022-02,,,35.5928822,,75.421174293361
강북14개구,2022-02,,,55.99772307,,77.690396946974
경기,2022-02,,,78.35758062,,76.667273203008
기타지방,2022-02,,,220.0025492,,
서울,2022-02,18.382294406,9.8062361571,43.38814886,,76.420320287896
수도권,2022-02,,,61.68306724,,76.29506563282
인천,2022-02,,,,,74.670593291593
전국,2022-02,7.3302770052,4.7442773924,86.90156982,,
6개광역시,2022-03,,,133.8615336,,
강남11개구,2022-03,,,35.62841728,,75.693628079026
강북14개구,2022-03,,,56.11568598,,78.084912699681
경기,2022-03,,,78.66614923,25.156509,77.289268478939
기타지방,2022-03,,,220.7731575,,
서울,2022-03,18.382067918,9.8017463079,43.44982289,2.633674,76.750555987484
수도권,2022-03,,,61.83572685,,76.803107262405
인천,2022-03,,,,36.619334,75.128788633572
전국,2022-03,7.3167741768,4.7488447445,87.09569622,,
6개광역시,2022-04,,,137.7690552,,
강남11개구,2022-04,,,36.68286008,,75.945683831765
강북14개구,2022-04,,,57.80772946,,78.705909246059
경기,2022-04,,,80.89241816,,77.922017377377
기타지방,2022-04,,,224.4245195,,
서울,2022-04,17.636804109,9.4134069056,44.74498443,,77.177871281773
수도권,2022-04,,,63.66418615,,77.349238397978
인천,2022-04,,,,,75.59965681742
전국,2022-04,7.0613500427,4.5914599857,89.60102093,,
6개광역시,2022-05,,,137.7172049,,
강남11개구,2022-05,,,36.67621596,,76.358948891048
강북14개구,2022-05,,,57.77222519,,79.100021639297
경기,2022-05,,,80.77345402,,78.426100029095
기타지방,2022-05,,,224.3055032,,
서울,2022-05,17.6492645378,9.4242579564,44.72948301,,77.581583295482
수도권,2022-05,,,63.59888596,,77.84162906905
인천,2022-05,,,,,76.250629480309
전국,2022-05,7.0697248867,4.5900514275,89.53996394,,
6개광역시,2022-06,,,135.9554788,,
강남11개구,2022-06,,,36.21528567,,76.638729616255
강북14개구,2022-06,,,56.92887853,,79.599769348432
경기,2022-06,,,79.84804056,24.190945,79.038096054256
기타지방,2022-06,,,221.1988485,,
서울,2022-06,17.6426145327,9.4375937731,44.13263209,2.454326,77.965717723416
수도권,2022-06,,,62.81982489,,78.3465847349
인천,2022-06,,,,35.409012,76.602113838933
전국,2022-06,7.045517718,4.5749330248,88.39818598,,
6개광역시,2022-07,,,134.0364461,,
강남11개구,2022-07,,,35.65622352,,76.854779727668
강북14개구,2022-07,,,56.0141335,,79.910156233082
경기,2022-07,,,78.61189121,,79.791368784706
기타지방,2022-07,,,217.4816314,,
서울,2022-07,17.7834961468,9.5350389714,43.44069962,,78.226419298278
수도권,2022-07,,,61.88447307,,78.890210638526
인천,2022-07,,,,,76.951062133529
전국,2022-07,7.0692818581,4.5968054357,87.03646271,,
6개광역시,2022-08,,,131.8001557,,
강남11개구,2022-08,,,35.2972103,,77.297229282903
강북14개구,2022-08,,,55.37464256,,80.586487649187
경기,2022-08,,,77.802739,,80.404078957695
기타지방,2022-08,,,213.9147602,,
서울,2022-08,17.7420264974,9.5203705803,42.98089853,,78.779669191871
수도권,2022-08,,,61.21837496,,79.453164949379
인천,2022-08,,,,,77.336110399425
전국,2022-08,7.0232795308,4.5844435431,85.96869515,,
6개광역시,2022-09,,,126.7929092,,
강남11개구,2022-09,,,33.87265084,,77.52777895283
강북14개구,2022-09,,,53.21104466,,80.785425201022
경기,2022-09,,,75.13340916,24.190945,80.850168568173
기타지방,2022-09,,,205.390114,,
서울,2022-09,17.6890664349,9.4772321785,41.2673852,2.454326,78.994933005852
수도권,2022-09,,,58.93638671,,79.785875254295
인천,2022-09,,,,35.409012,77.48147978769
전국,2022-09,6.9801332664,4.5617903679,82.70651021,,
6개광역시,2022-10,,,125.5744943,,
강남11개구,2022-10,,,33.8407019,,77.968289438708
강북14개구,2022-10,,,52.2833191,,81.411231883033
경기,2022-10,,,74.26284936,,81.499829372617
기타지방,2022-10,,,201.6125392,,
서울,2022-10,17.9403855161,9.6268134647,40.60500007,,79.523130626671
수도권,2022-10,,,58.14747389,,80.328628503291
인천,2022-10,,,,,77.625922556465
전국,2022-10,6.9994317953,4.5934365941,81.52258,,
6개광역시,2022-11,,,129.6829389,,
강남11개구,2022-11,,,44.2447674,,78.165756056805
강북14개구,2022-11,,,56.29947947,,82.066520794089
경기,2022-11,,,78.89801174,,81.962979795813
기타지방,2022-11,,,208.9336238,,
서울,2022-11,12.0220298722,6.4428541531,50.14406972,,79.926085517665
수도권,2022-11,,,74.96621714,,80.750032543685
인천,2022-11,,,,,77.91342991645
전국,2022-11,5.3793294096,3.5966105551,113.9637948,,
6개광역시,2022-12,,,132.4192248,,
강남11개구,2022-12,,,45.01206859,,78.206882885092
강북14개구,2022-12,,,57.51542095,,82.1697473933
경기,2022-12,,,81.63479103,24.540802,81.961922874335
기타지방,2022-12,,,210.8898768,,
서울,2022-12,11.8824677145,6.3143751138,51.2975376,2.297695,79.995145050092
수도권,2022-12,,,76.94630646,,80.783658808157
인천,2022-12,,,,39.442103,77.987910650884
전국,2022-12,5.3170634325,3.5328248432,116.8005472,,
6개광역시,2023-01,,,139.8173064,,
강남11개구,2023-01,,,48.01806476,,78.321001822658
강북14개구,2023-01,,,60.94600527,,82.230813730258
경기,2023-01,,,87.87039584,,81.978705413862
기타지방,2023-01,,,220.0827968,,
서울,2023-01,11.0701840793,5.8021710233,54.39117178,,80.085322157686
수도권,2023-01,,,82.53104881,,80.814648389634
인천,2023-01,,,,,77.878683598132
전국,2023-01,5.0425306115,3.3197159758,123.7965732,,
6개광역시,2023-02,,,141.7227916,,
강남11개구,2023-02,,,48.69003882,,78.584269679239
강북14개구,2023-02,,,61.36450766,,82.406740076938
경기,2023-02,,,89.50913159,,81.966906326429
기타지방,2023-02,,,220.4576758,,
서울,2023-02,10.962633059,5.7043481105,55.11441895,,80.309174017857
수도권,2023-02,,,83.68867827,,80.922442191756
인천,2023-02,,,,,78.14704859449
전국,2023-02,4.9909892978,3.2567622116,124.7873637,,
6개광역시,2023-03,,,144.5326124,,
강남11개구,2023-03,,,49.86972363,,78.779372838468
강북14개구,2023-03,,,63.02074741,,82.894253422898
경기,2023-03,,,92.47872125,34.105054,82.984752016885
기타지방,2023-03,,,223.490243,,
서울,2023-03,10.8479810329,5.6359428382,56.39473425,4.093999,80.636247404402
수도권,2023-03,,,86.20337939,,81.574962521644
인천,2023-03,,,,51.202383,78.207287452143
전국,2023-03,4.9432508869,3.2206805042,127.9795667,,
6개광역시,2023-04,,,150.1663974,,
강남11개구,2023-04,,,51.61969912,,79.212791303249
강북14개구,2023-04,,,65.2038305,,83.105130504519
경기,2023-04,,,96.41033305,,83.340699306132
기타지방,2023-04,,,229.420885,,
서울,2023-04,10.5879437191,5.5002234206,58.4373952,,80.969190383208
수도권,2023-04,,,90.42866992,,81.916626731143
인천,2023-04,,,,,78.511927662347
전국,2023-04,4.834075343,3.1485217886,132.4997623,,
6개광역시,2023-05,,,151.4733351,,
강남11개구,2023-05,,,51.75338943,,79.623273590098
강북14개구,2023-05,,,65.66057218,,83.741497058432
경기,2023-05,,,97.60953598,,84.01647062316
기타지방,2023-05,,,231.731594,,
서울,2023-05,10.4922454948,5.4662261025,59.14673078,,81.481656177934
수도권,2023-05,,,90.99497043,,82.535379713375
인천,2023-05,,,,,79.233288850276
전국,2023-05,4.805310271,3.1273406557,133.557134,,
6개광역시,2023-06,,,151.2832244,,
강남11개구,2023-06,,,51.63842839,,79.994967934088
강북14개구,2023-06,,,65.78406164,,83.924318411615
경기,2023-06,,,97.76603625,40.565842,84.462446104187
기타지방,2023-06,,,230.3054673,,
서울,2023-06,10.4579987131,5.4581259222,58.89239807,4.962015,81.768068653186
수도권,2023-06,,,90.93679121,,83.023250764199
인천,2023-06,,,,57.764649,80.626176982977
전국,2023-06,4.7943776545,3.1171482859,132.9828344,,
6개광역시,2023-07,,,157.4127258,,
강남11개구,2023-07,,,53.67839818,,80.58737835336
강북14개구,2023-07,,,68.78893922,,84.374830422918
경기,2023-07,,,101.818549,,84.896622346456
기타지방,2023-07,,,239.7969569,,
서울,2023-07,10.0198412133,5.2366941479,61.53063391,,82.296407580336
수도권,2023-07,,,94.8549884,,83.521055145349
인천,2023-07,,,,,81.318429347073
전국,2023-07,4.6049463023,2.9872736549,138.693375,,
6개광역시,2023-08,,,157.0071708,,
강남11개구,2023-08,,,53.54010223,,81.517375665474
강북14개구,2023-08,,,68.7961529,,84.811141942563
경기,2023-08,,,101.1548176,,85.877866196536
기타지방,2023-08,,,239.1791488,,
서울,2023-08,9.9989911161,5.2390855371,61.37210762,,83.003480576757
수도권,2023-08,,,94.26213215,,84.423548714774
인천,2023-08,,,,,82.533286582018
전국,2023-08,4.6079181727,2.9849333146,137.5923058,,
6개광역시,2023-09,,,156.4687702,,
강남11개구,2023-09,,,53.35650536,,82.235894990905
강북14개구,2023-09,,,68.56024079,,85.244675833563
경기,2023-09,,,100.4110614,42.516048,86.548017067833
기타지방,2023-09,,,238.3589684,,
서울,2023-09,10.0084552195,5.2513707575,61.16165365,6.75859,83.593317924739
수도권,2023-09,,,93.76621173,,85.058481947122
인천,2023-09,,,,59.146494,83.159670434106
전국,2023-09,4.6120923768,2.9894947281,137.1204816,,
6개광역시,2023-10,,,148.1213594,,
강남11개구,2023-10,,,50.29954502,,82.842878208476
강북14개구,2023-10,,,64.90263874,,85.524175504438
경기,2023-10,,,95.05425838,,86.981589057819
기타지방,2023-10,,,225.6428192,,
서울,2023-10,10.4600310675,5.5056844759,57.89875686,,84.052370253952
수도권,2023-10,,,88.43876048,,85.502724742061
인천,2023-10,,,,,83.602665507763
전국,2023-10,4.7914647749,3.1070082095,129.8052775,,
6개광역시,2023-11,,,149.5939682,,
강남11개구,2023-11,,,50.64379126,,83.303685456748
강북14개구,2023-11,,,65.34682743,,86.256058500333
경기,2023-11,,,95.32948943,,87.520019473969
기타지방,2023-11,,,227.1871014,,
서울,2023-11,10.4558022671,5.5334066766,58.3649935,,84.635605941577
수도권,2023-11,,,88.71905031,,86.100242956527
인천,2023-11,,,,,84.530347920063
전국,2023-11,4.7971238787,3.1124125659,130.6936549,,
6개광역시,2023-12,,,154.1429089,,
강남11개구,2023-12,,,52.05534494,,83.835251553852
강북14개구,2023-12,,,67.34923338,,86.663387827845
경기,2023-12,,,97.98653165,37.965915,87.99871378806
기타지방,2023-12,,,232.4331677,,
서울,2023-12,10.4471792212,5.5472062946,60.06385957,5.900012,85.111046028682
수도권,2023-12,,,91.19184508,,86.573300612162
인천,2023-12,,,,54.909593,84.968474595799
전국,2023-12,4.7990163547,3.1168302508,134.336374,,
6개광역시,2024-01,,,160.2882123,,
강남11개구,2024-01,,,54.09727165,,83.73617585234
강북14개구,2024-01,,,70.37043467,,86.572792269479
경기,2024-01,,,101.8301584,,87.723647133822
기타지방,2024-01,,,241.3261193,,
서울,2024-01,10.1855316206,5.4340164362,62.41992886,,85.015850674743
수도권,2024-01,,,94.76894297,,86.360022506146
인천,2024-01,,,,,84.633792741355
전국,2024-01,4.6842513906,3.0468831258,139.6058623,,
6개광역시,2024-02,,,160.7072909,,
강남11개구,2024-02,,,54.46565086,,83.723656683426
강북14개구,2024-02,,,70.55442038,,86.516537324445
경기,2024-02,,,102.2969788,,87.774714709328
기타지방,2024-02,,,241.0609363,,
서울,2024-02,10.171832863,5.4447334488,62.73393038,,84.983640099168
수도권,2024-02,,,95.01671935,,86.380487790938
인천,2024-02,,,,,84.693382656189
전국,2024-02,4.6805654324,3.0480463474,139.9708662,,
6개광역시,2024-03,,,160.9875493,,
강남11개구,2024-03,,,54.56063385,,84.143266563544
강북14개구,2024-03,,,70.96594012,,86.905016667556
경기,2024-03,,,102.6770985,43.870029,88.056884215489
기타지방,2024-03,,,241.481324,,
서울,2024-03,10.161536428,5.4738117916,62.84333248,7.950674,85.389210591107
수도권,2024-03,,,95.18241961,,86.730054877632
인천,2024-03,,,,59.198937,85.165628903777
전국,2024-03,4.6778205391,3.0520263838,140.2149623,,
6개광역시,2024-04,,,159.8827845,,
강남11개구,2024-04,,,54.07309208,,84.198858990858
강북14개구,2024-04,,,70.57496207,,87.052702609838
경기,2024-04,,,101.9724847,,88.121195901241
기타지방,2024-04,,,240.9396376,,
서울,2024-04,10.2658247904,5.5666812021,62.56282873,,85.486340480952
수도권,2024-04,,,94.5292375,,86.838204580616
인천,2024-04,,,,,85.519323199743
전국,2024-04,4.7127575884,3.0814032487,139.2527478,,
6개광역시,2024-05,,,160.1619207,,
강남11개구,2024-05,,,54.28081831,,84.461697475274
강북14개구,2024-05,,,70.89134197,,87.389261125886
경기,2024-05,,,102.1505165,,88.487763320296
기타지방,2024-05,,,240.2428811,,
서울,2024-05,10.2542735299,5.585739909,62.67205594,,85.782427120221
수도권,2024-05,,,94.69427424,,87.164194219252
인천,2024-05,,,,,85.75845089566
전국,2024-05,4.7136843488,3.0857695283,139.4958665,,
6개광역시,2024-06,,,162.9920207,,
강남11개구,2024-06,,,55.00980697,,84.773000056671
강북14개구,2024-06,,,72.14400914,,87.922052019715
경기,2024-06,,,103.9555408,44.079674,89.083786495024
기타지방,2024-06,,,244.488031,,
서울,2024-06,10.2630109942,5.6138526393,63.77948634,8.202949,86.193597384767
수도권,2024-06,,,96.01711769,,87.638157686416
인천,2024-06,,,,58.706648,85.876079890015
전국,2024-06,4.714360469,3.0907023335,141.9607922,,
6개광역시,2024-07,,,174.4111616,,
강남11개구,2024-07,,,58.68208881,,85.54870342425
강북14개구,2024-07,,,76.96011648,,88.831260984359
경기,2024-07,,,110.4604025,,90.019785602634
기타지방,2024-07,,,260.8092836,,
서울,2024-07,9.7800512505,5.3839201661,68.03720442,,87.029514429734
수도권,2024-07,,,102.4269187,,88.484150418883
인천,2024-07,,,,,86.332578111821
전국,2024-07,4.5101183804,2.9583514237,151.4376485,,
6개광역시,2024-08,,,173.718897,,
강남11개구,2024-08,,,58.63012772,,86.741240396947
강북14개구,2024-08,,,77.10263376,,89.625566849488
경기,2024-08,,,109.9314894,,90.542359148927
기타지방,2024-08,,,260.5783454,,
서울,2024-08,9.781453342,5.4303900417,67.97695968,,88.04245772865
수도권,2024-08,,,101.9654395,,89.284223449887
인천,2024-08,,,,,87.69754561927
전국,2024-08,4.5291048675,2.9765973322,150.4944453,,
6개광역시,2024-09,,,170.2307486,,
강남11개구,2024-09,,,57.45287766,,87.637987601638
강북14개구,2024-09,,,74.93853613,,90.189487937219
경기,2024-09,,,107.7241455,48.394351,91.108756461578
기타지방,2024-09,,,255.346123,,
서울,2024-09,9.8229546742,5.4722716229,66.13280882,10.737254,88.789113993926
수도권,2024-09,,,99.55733307,,89.890910844102
인천,2024-09,,,,62.134084,88.004549032681
전국,2024-09,4.5445157811,2.9890948968,146.6881984,,
6개광역시,2024-10,,,163.6103808,,
강남11개구,2024-10,,,54.87553144,,88.241149861786
강북14개구,2024-10,,,71.82894766,,90.959945152006
경기,2024-10,,,103.1318354,,91.625391297316
기타지방,2024-10,,,245.4155712,,
서울,2024-10,10.0018678194,5.5844165856,63.48474658,,89.467728754096
수도권,2024-10,,,95.3413011,,90.452640418372
인천,2024-10,,,,,88.370058366748
전국,2024-10,4.6139706157,3.0375712479,140.6094518,,
6개광역시,2024-11,,,160.1149998,,
강남11개구,2024-11,,,53.15293028,,89.277983380691
강북14개구,2024-11,,,70.48540756,,91.975401879535
경기,2024-11,,,100.9285214,,92.183850649264
기타지방,2024-11,,,240.1724997,,
서울,2024-11,10.0253355221,5.6124840596,61.90603814,,90.494912938213
수도권,2024-11,,,93.30442441,,91.182984574782
인천,2024-11,,,,,88.872142015212
전국,2024-11,4.6190153189,3.0448123577,137.2414284,,
6개광역시,2024-12,,,160.8054223,,
강남11개구,2024-12,,,53.16424164,,90.25717257664
강북14개구,2024-12,,,70.1224183,,92.649658775602
경기,2024-12,,,101.3637293,43.753785,92.921262044639
기타지방,2024-12,,,241.2081334,,
서울,2024-12,10.0703961598,5.637650842,62.0249486,8.380741,91.336525523433
수도권,2024-12,,,93.70675695,,92.089890994092
인천,2024-12,,,,57.885485,90.807488680195
전국,2024-12,4.6175105428,3.0513580232,137.8332191,,
6개광역시,2025-01,,,167.4690201,,
강남11개구,2025-01,,,54.91899042,,90.62442023678
강북14개구,2025-01,,,73.12663415,,93.00074218837
경기,2025-01,,,105.5641295,,93.229033839174
기타지방,2025-01,,,251.2035301,,
서울,2025-01,9.7403853493,5.4717158313,64.59519346,,91.696480126784
수도권,2025-01,,,97.5898607,,92.556844170345
인천,2025-01,,,,,92.400336178949
전국,2025-01,4.4323807215,2.9346841304,143.5448744,,
6개광역시,2025-02,,,168.0470267,,
강남11개구,2025-02,,,55.10853914,,91.037740453553
강북14개구,2025-02,,,73.18176969,,93.573613388417
경기,2025-02,,,106.342259,,93.492879657085
기타지방,2025-02,,,252.07054,,
서울,2025-02,9.756027435,5.4873207283,64.81813887,,92.181784792185
수도권,2025-02,,,98.1031291,,92.996763057614
인천,2025-02,,,,,93.511953469952
전국,2025-02,4.4294918261,2.9366561883,144.0403086,,
6개광역시,2025-03,,,168.9194349,,
강남11개구,2025-03,,,55.39463252,,91.850962183378
강북14개구,2025-03,,,73.5616894,,93.992723535096
경기,2025-03,,,106.8943298,45.642878,94.269675006595
기타지방,2025-03,,,253.3791524,,
서울,2025-03,9.7647244773,5.4908835883,65.15463918,10.164015,92.817194137667
수도권,2025-03,,,98.61242687,,93.680258718139
인천,2025-03,,,,58.219489,93.923762121708
전국,2025-03,4.4307250449,2.9411885564,144.7880871,,
6개광역시,2025-04,,,165.4985594,,
강남11개구,2025-04,,,53.30172292,,94.061189541712
강북14개구,2025-04,,,72.07195328,,94.623705235697
경기,2025-04,,,104.5254059,,95.298250098467
기타지방,2025-04,,,248.2478391,,
서울,2025-04,10.1880478134,5.7368718823,63.08415678,,94.314913587196
수도권,2025-04,,,96.0959377,,94.811613517665
인천,2025-04,,,,,94.256038164165
전국,2025-04,4.6187344015,3.0657438881,140.7389324,,
6개광역시,2025-05,,,167.0936871,,
강남11개구,2025-05,,,53.49639787,,94.37015238405
강북14개구,2025-05,,,72.28084726,,94.974860145803
경기,2025-05,,,105.1230186,,95.876678074492
기타지방,2025-05,,,250.6405307,,
서울,2025-05,10.2368778373,5.7522957001,63.39385785,,94.642909883257
수도권,2025-05,,,96.67563319,,95.296293661967
인천,2025-05,,,,,94.847541230211
전국,2025-05,4.6307709154,3.0765803038,141.7234416,,
6개광역시,2025-06,,,166.220902,,
강남11개구,2025-06,,,52.79958063,,96.260411273457
강북14개구,2025-06,,,71.90330068,,95.739324684354
경기,2025-06,,,104.371264,45.610605,96.358312933444
기타지방,2025-06,,,249.331353,,
서울,2025-06,10.279614247,5.7803903038,62.76873221,9.453034,96.025356790509
수도권,2025-06,,,95.82842042,,96.222203259025
인천,2025-06,,,,57.656384,96.269377014314
전국,2025-06,4.6383661278,3.0851756782,140.9831735,,
6개광역시,2025-07,,,177.6147856,,
강남11개구,2025-07,,,56.30840559,,96.934366270844
강북14개구,2025-07,,,76.83203005,,96.317631481159
경기,2025-07,,,111.7421175,,96.940824280831
기타지방,2025-07,,,266.4221784,,
서울,2025-07,9.6527062415,5.4202461304,66.76008186,,96.656170255264
수도권,2025-07,,,102.3971363,,96.777943330346
인천,2025-07,,,,,96.435918421587
전국,2025-07,4.3351264626,2.887314247,149.8624754,,
6개광역시,2025-08,,,177.0682788,,
강남11개구,2025-08,,,56.19842828,,97.688168837379
강북14개구,2025-08,,,76.32253391,,97.701035031396
경기,2025-08,,,111.5255631,,97.621968882182
기타지방,2025-08,,,266.4221784,,
서울,2025-08,9.6888690278,5.4411711775,66.6055446,,97.693942797589
수도권,2025-08,,,102.3971363,,97.65597067177
인천,2025-08,,,,,97.682969282306
전국,2025-08,4.3428535531,2.8938264398,149.8624754,,
6개광역시,2025-09,,,177.6147856,,
강남11개구,2025-09,,,55.91448748,,98.317952648345
강북14개구,2025-09,,,75.91977639,,98.375982227733
경기,2025-09,,,111.5255631,49.774285,98.108065753784
기타지방,2025-09,,,263.9779378,,
서울,2025-09,9.7194261981,5.4511608228,66.45172114,11.678511,98.344096553629
수도권,2025-09,,,102.0340258,,98.358905520324
인천,2025-09,,,,60.230302,99.607541050074
전국,2025-09,4.3457143001,2.8994127665,149.8624754,,
6개광역시,2025-10,,,170.0928512,,
강남11개구,2025-10,,,52.99046517,,98.286202648209
강북14개구,2025-10,,,71.85147818,,98.204078631932
경기,2025-10,,,106.802488,,97.956389681
기타지방,2025-10,,,252.7985491,,
서울,2025-10,10.1667275373,5.689246936,63.3449239,,98.249114818403
수도권,2025-10,,,97.71291453,,98.062334286779
인천,2025-10,,,,,97.907025241907
전국,2025-10,4.5345375476,3.0262154473,143.5158432,,
6개광역시,2025-11,,,166.2870976,,
강남11개구,2025-11,,,51.3348427,,98.803560300107
강북14개구,2025-11,,,70.58540871,,98.762032951578
경기,2025-11,,,105.0573525,,98.66726220749
기타지방,2025-11,,,248.6678614,,
서울,2025-11,10.2384815293,5.702464445,61.88309804,,98.784791664457
수도권,2025-11,,,96.11630122,,98.8294023333
인천,2025-11,,,,,99.747809043992
전국,2025-11,4.5436970639,3.0353391097,141.1708174,,
6개광역시,2025-12,,,164.9223878,,
강남11개구,2025-12,,,50.54322473,,99.550291262984
강북14개구,2025-12,,,69.58660753,,99.446854390393
경기,2025-12,,,104.111237,45.099502,99.301664769992
기타지방,2025-12,,,246.2539763,,
서울,2025-12,10.2870314589,5.7253674616,61.42325829,9.166422,99.503585390197
수도권,2025-12,,,95.28201549,,99.445827404045
인천,2025-12,,,,56.213631,99.921606970485
전국,2025-12,4.5575467193,3.0489184157,140.4417208,,
6개광역시,2026-01,,,166.1305023,,
강남11개구,2026-01,,,50.92598569,,100.0
강북14개구,2026-01,,,70.7672788,,100.0
경기,2026-01,,,106.0132388,,100.0
기타지방,2026-01,,,245.4540752,,
서울,2026-01,10.1973581156,5.6805783876,61.92136901,,100.0
수도권,2026-01,,,96.9587273,,100.0
인천,2026-01,,,,,100.0
전국,2026-01,4.4435948477,2.9722810644,142.6460858,,
6개광역시,2026-02,,,165.7026492,,
강남11개구,2026-02,,,50.32450822,,100.740699840999
강북14개구,2026-02,,,69.68008831,,100.681928366599
경기,2026-02,,,105.330366,,100.760364708099
기타지방,2026-02,,,244.8219319,,
서울,2026-02,10.3043546749,5.7100059548,61.06794253,,100.714141101599
수도권,2026-02,,,96.36607957,,100.760329552199
인천,2026-02,,,,,100.921561200099
전국,2026-02,4.4537341314,2.987508621,141.9072293,,
6개광역시,2026-03,,,164.9155043,,
강남11개구,2026-03,,,48.79244691,,101.433057711973
강북14개구,2026-03,,,69.20561354,,101.858911986349
경기,2026-03,,,105.1496143,44.539318,101.678399403775
기타지방,2026-03,,,243.3058345,,
서울,2026-03,10.4866099705,5.7477716528,60.28577888,7.844708,101.625506480624
수도권,2026-03,,,95.86077906,,101.697911429888
인천,2026-03,,,,55.665983,102.04257005866
전국,2026-03,4.464235101,3.000188001,141.2947942,,
강남11개구,2026-04,,,,,102.326359160576
강북14개구,2026-04,,,,,103.249307954363
경기,2026-04,,,,,102.638803547413
서울,2026-04,,,,,102.743449887266
수도권,2026-04,,,,,102.659685213312
인천,2026-04,,,,,102.46508516502
강남11개구,2026-05,,,,,102.409077674496
강북14개구,2026-05,,,,,103.964484795941
경기,2026-05,,,,,102.967008067366
서울,2026-05,,,,,103.113346393559
수도권,2026-05,,,,,102.952616223371
인천,2026-05,,,,,102.317063962209
