시도,연월,KB_매수우위지수,KB_매매거래지수,KB_전세수급지수,연도,월
강원,2021-05,90.9764658,18.09203926,177.41142531,2021,5
경기,2021-05,96.43168741,15.82653873,167.439455682,2021,5
경남,2021-05,68.60972001,27.88229185,169.407122936,2021,5
경북,2021-05,74.99403754,26.8419189,173.011249826,2021,5
광주,2021-05,65.12797499,4.320225883,182.242165771,2021,5
대구,2021-05,58.5492311,3.188520197,174.320573673,2021,5
대전,2021-05,96.87096073,16.9856241,177.927513085,2021,5
부산,2021-05,61.43943006,9.052422518,172.452057244,2021,5
서울,2021-05,87.17095134,12.92665049,157.853902858,2021,5
세종,2021-05,57.142857,14.285714,121.428571,2021,5
울산,2021-05,56.64255296,5.674613185,186.692487977,2021,5
인천,2021-05,122.8650119,36.03549844,175.124410237,2021,5
전남,2021-05,50.74442898,10.63293135,176.125783343,2021,5
전북,2021-05,77.51913311,23.335925,192.45597997,2021,5
제주,2021-05,112.5,16.66666667,179.16666667,2021,5
충남,2021-05,94.48391808,20.86836437,184.709953595,2021,5
충북,2021-05,107.2661758,20.88824418,189.552796384,2021,5
강원,2021-06,101.6660888,19.54778127,181.59450251,2021,6
경기,2021-06,103.3395397,17.46543506,171.587804224,2021,6
경남,2021-06,78.57139191,35.20567483,166.879968732,2021,6
경북,2021-06,82.13486772,32.93948993,172.740649368,2021,6
광주,2021-06,87.22082278,6.107633163,185.07122352,2021,6
대구,2021-06,63.26963667,3.882361297,174.902144921,2021,6
대전,2021-06,107.5031002,11.6203873,183.913164269,2021,6
부산,2021-06,76.72233268,16.89710477,175.565942215,2021,6
서울,2021-06,98.93970303,15.21804651,166.836354606,2021,6
세종,2021-06,32.142857,3.571429,125.0,2021,6
울산,2021-06,50.09700528,12.35367691,182.898665227,2021,6
인천,2021-06,122.0082908,23.46596337,180.150106295,2021,6
전남,2021-06,57.60814707,23.41864122,178.425193625,2021,6
전북,2021-06,101.3835945,25.38766301,183.347541566,2021,6
제주,2021-06,116.6666667,8.333333333,170.833333333,2021,6
충남,2021-06,104.270555,26.00437182,182.774290799,2021,6
충북,2021-06,128.3525241,16.46028598,185.364281907,2021,6
강원,2021-07,113.0680331,31.68766453,183.951753542,2021,7
경기,2021-07,117.6639419,16.35320653,176.64224657,2021,7
경남,2021-07,97.7732289,27.97182965,176.792554763,2021,7
경북,2021-07,89.18366872,26.21521022,171.99231237,2021,7
광주,2021-07,108.1893764,9.903915389,181.089483488,2021,7
대구,2021-07,55.53586248,3.835895694,174.528368942,2021,7
대전,2021-07,97.02422957,11.08369826,187.281401272,2021,7
부산,2021-07,85.36061831,7.706431457,165.886848653,2021,7
서울,2021-07,103.2868857,14.10899672,174.263769097,2021,7
세종,2021-07,53.571429,14.285714,125.0,2021,7
울산,2021-07,80.6401252,13.28894492,187.582703133,2021,7
인천,2021-07,106.0886505,16.3894195,188.589925037,2021,7
전남,2021-07,58.34558239,11.85030867,183.07812334,2021,7
전북,2021-07,94.20818379,8.746287013,188.60483458,2021,7
제주,2021-07,116.6666667,4.166666667,183.333333333,2021,7
충남,2021-07,104.0170758,22.09399357,183.148431115,2021,7
충북,2021-07,137.683436,21.22652417,188.330044367,2021,7
강원,2021-08,128.0547751,22.34976532,187.23224493,2021,8
경기,2021-08,131.9752781,18.46132134,178.02534934,2021,8
경남,2021-08,111.6577779,36.60336442,186.313560999,2021,8
경북,2021-08,113.132183,30.07188694,177.116910878,2021,8
광주,2021-08,122.1460845,9.462493503,167.505593841,2021,8
대구,2021-08,53.59385103,4.776112788,184.221608859,2021,8
대전,2021-08,109.3811827,19.28024169,176.716356628,2021,8
부산,2021-08,101.6169956,14.44625535,173.943752464,2021,8
서울,2021-08,112.0711621,14.36605386,177.035461676,2021,8
세종,2021-08,33.333333,0.0,151.851852,2021,8
울산,2021-08,72.09688416,10.34764971,190.159983106,2021,8
인천,2021-08,139.1330377,22.01696374,190.719548315,2021,8
전남,2021-08,67.95006127,13.86875742,178.882041349,2021,8
전북,2021-08,108.9512805,19.81483574,189.403861577,2021,8
제주,2021-08,131.8181818,4.545454545,181.81818182,2021,8
충남,2021-08,125.8795996,26.97487437,187.045222855,2021,8
충북,2021-08,154.1205718,18.74016539,192.206499156,2021,8
강원,2021-09,126.9569742,29.05660024,175.39496433,2021,9
경기,2021-09,121.234181,18.89735253,174.679994971,2021,9
경남,2021-09,120.1722305,34.44191773,175.709943597,2021,9
경북,2021-09,100.8638953,30.63041602,168.13305739,2021,9
광주,2021-09,131.141812,14.92319647,157.808566927,2021,9
대구,2021-09,45.56101734,2.875589034,176.548626989,2021,9
대전,2021-09,90.25527747,12.79682011,173.922602044,2021,9
부산,2021-09,95.15978886,10.75060298,170.813459708,2021,9
서울,2021-09,106.2493786,11.58871728,167.651191803,2021,9
세종,2021-09,48.148148,3.703704,140.740741,2021,9
울산,2021-09,71.08455012,13.84973042,187.754992597,2021,9
인천,2021-09,122.8163802,15.81041836,189.410348953,2021,9
전남,2021-09,40.98229798,13.56774249,165.700397828,2021,9
전북,2021-09,113.6518759,21.0132087,183.371510741,2021,9
제주,2021-09,116.6666667,0.0,179.166666663,2021,9
충남,2021-09,123.3441972,26.8786406,183.057032562,2021,9
충북,2021-09,166.1227115,36.72781518,193.237618321,2021,9
강원,2021-10,128.6744967,22.91859497,176.665278036,2021,10
경기,2021-10,105.2304864,12.58586519,158.539620798,2021,10
경남,2021-10,104.303828,27.00866817,168.48915088,2021,10
경북,2021-10,101.8637832,21.5309309,140.87780077,2021,10
광주,2021-10,123.4733201,6.612491543,139.021381022,2021,10
대구,2021-10,44.55942832,4.372909658,164.481605024,2021,10
대전,2021-10,82.00587461,12.92156993,161.604484012,2021,10
부산,2021-10,89.224153,8.547962053,164.945955455,2021,10
서울,2021-10,96.4850479,7.683005857,162.24935577,2021,10
세종,2021-10,24.0,4.0,100.0,2021,10
울산,2021-10,84.26913089,12.09438689,189.716751943,2021,10
인천,2021-10,113.4181971,9.808993633,187.035314798,2021,10
전남,2021-10,61.58028639,22.45870094,161.32846025,2021,10
전북,2021-10,107.2093489,25.77955102,178.840125137,2021,10
제주,2021-10,126.0869565,4.347826087,191.30434783,2021,10
충남,2021-10,122.5736253,17.48409963,185.67633839,2021,10
충북,2021-10,156.3180357,32.7793703,188.6817652,2021,10
강원,2021-11,126.5432554,23.96591965,164.40730547,2021,11
경기,2021-11,76.76844036,4.398069516,131.35237674,2021,11
경남,2021-11,86.10623666,13.8063557,161.990613115,2021,11
경북,2021-11,84.99665083,12.70443817,163.924544383,2021,11
광주,2021-11,100.8532234,3.066211573,139.037500771,2021,11
대구,2021-11,35.90836298,2.748118418,143.86820489,2021,11
대전,2021-11,68.42755052,6.002931033,143.15409212,2021,11
부산,2021-11,68.17907182,2.887479638,141.758092418,2021,11
서울,2021-11,66.86333062,3.002419444,140.074961843,2021,11
세종,2021-11,23.076923,0.0,96.153846,2021,11
울산,2021-11,52.54424309,6.723772207,175.108434261,2021,11
인천,2021-11,80.61994957,5.934053274,177.124479106,2021,11
전남,2021-11,46.32980239,14.28507955,149.054456739,2021,11
전북,2021-11,79.7879348,17.13552676,170.172072089,2021,11
제주,2021-11,100.0,0.0,184.0,2021,11
충남,2021-11,104.8765524,15.34377226,166.986781826,2021,11
충북,2021-11,117.940949,28.90289662,180.951028691,2021,11
강원,2021-12,100.2010087,13.34147903,174.275756693,2021,12
경기,2021-12,62.28993326,2.04882967,126.56985808,2021,12
경남,2021-12,69.13832019,6.40572459,160.245177251,2021,12
경북,2021-12,77.37916852,11.20495192,160.019771056,2021,12
광주,2021-12,86.23643218,2.827742214,134.007319271,2021,12
대구,2021-12,29.55098323,1.528652393,135.08154476,2021,12
대전,2021-12,51.73979018,3.157714512,145.13163191,2021,12
부산,2021-12,63.70152057,2.494919412,130.47946268,2021,12
서울,2021-12,54.62951709,2.110656103,129.75474808,2021,12
세종,2021-12,25.0,0.0,78.571429,2021,12
울산,2021-12,44.1843185,2.094779359,170.665904138,2021,12
인천,2021-12,57.05739985,3.271078672,163.880722293,2021,12
전남,2021-12,41.34549187,10.15394804,147.129857078,2021,12
전북,2021-12,73.82936005,14.25403757,168.201198334,2021,12
제주,2021-12,69.56521739,0.0,147.82608696,2021,12
충남,2021-12,92.44536243,14.04615663,154.043955541,2021,12
충북,2021-12,84.55980708,14.01720372,168.222451448,2021,12
강원,2022-01,79.929795,5.421472,159.495195,2022,1
경기,2022-01,51.083829,1.512037,133.274979,2022,1
경남,2022-01,62.801715,8.761732,154.80756,2022,1
경북,2022-01,57.059862,3.553895,172.860362,2022,1
광주,2022-01,45.514005,2.300648,159.259479,2022,1
대구,2022-01,27.659089,3.113612,129.664578,2022,1
대전,2022-01,42.810436,3.299627,122.124973,2022,1
부산,2022-01,51.632194,2.645249,136.502173,2022,1
서울,2022-01,55.625601,1.548079,120.445063,2022,1
세종,2022-01,0.0,0.0,133.333333,2022,1
울산,2022-01,43.467463,14.273778,159.511143,2022,1
인천,2022-01,41.495962,0.926006,138.460808,2022,1
전남,2022-01,11.069074,2.623022,139.200314,2022,1
전북,2022-01,67.397545,6.713631,170.307519,2022,1
제주,2022-01,88.0,4.0,164.0,2022,1
충남,2022-01,81.324112,6.308657,168.678349,2022,1
충북,2022-01,74.590011,8.696573,135.474289,2022,1
강원,2022-02,93.809629,4.952297,173.228413,2022,2
경기,2022-02,45.194252,1.845762,133.607542,2022,2
경남,2022-02,63.672852,11.144748,158.796904,2022,2
경북,2022-02,51.283892,5.500807,177.798848,2022,2
광주,2022-02,55.503962,1.789321,160.557499,2022,2
대구,2022-02,22.990695,1.473536,118.435096,2022,2
대전,2022-02,32.855617,2.793925,110.086154,2022,2
부산,2022-02,50.185503,2.151193,141.043318,2022,2
서울,2022-02,55.534022,2.601593,122.235459,2022,2
세종,2022-02,7.142857,0.0,128.571429,2022,2
울산,2022-02,35.608218,10.92016,147.671671,2022,2
인천,2022-02,42.153679,3.335274,142.755473,2022,2
전남,2022-02,6.78989,2.203002,161.456616,2022,2
전북,2022-02,64.539813,5.257463,175.157962,2022,2
제주,2022-02,69.565217,8.695652,152.173913,2022,2
충남,2022-02,72.526156,10.958034,170.827894,2022,2
충북,2022-02,81.690555,12.075584,143.667764,2022,2
강원,2022-03,99.813031,12.341496,183.580878,2022,3
경기,2022-03,43.626295,2.945756,133.726875,2022,3
경남,2022-03,64.45211,11.323231,150.908162,2022,3
경북,2022-03,67.06983,8.441327,168.312524,2022,3
광주,2022-03,38.346607,1.546001,149.724232,2022,3
대구,2022-03,26.81258,1.014749,108.61581,2022,3
대전,2022-03,38.282288,2.548081,110.425048,2022,3
부산,2022-03,47.75344,1.705735,140.93376,2022,3
서울,2022-03,55.876451,2.199487,126.487662,2022,3
세종,2022-03,0.0,3.703704,122.222222,2022,3
울산,2022-03,31.902266,8.684741,142.691953,2022,3
인천,2022-03,40.534898,5.438775,136.869339,2022,3
전남,2022-03,17.313626,3.527656,158.784358,2022,3
전북,2022-03,71.597329,14.044876,181.800743,2022,3
제주,2022-03,73.913043,0.0,152.173913,2022,3
충남,2022-03,70.858996,10.609007,171.784509,2022,3
충북,2022-03,83.860794,14.221583,149.710166,2022,3
강원,2022-04,101.540926,9.186817,180.468903,2022,4
경기,2022-04,43.337789,4.29902,134.197793,2022,4
경남,2022-04,68.703963,15.411069,147.021988,2022,4
경북,2022-04,59.353072,9.820376,174.640899,2022,4
광주,2022-04,47.105681,3.315168,146.470842,2022,4
대구,2022-04,30.41808,2.778697,109.486832,2022,4
대전,2022-04,30.623885,2.739915,129.16014,2022,4
부산,2022-04,44.768567,1.817356,139.583079,2022,4
서울,2022-04,61.260124,3.334123,127.008793,2022,4
세종,2022-04,3.703704,3.703704,125.925926,2022,4
울산,2022-04,24.56337,15.692972,143.185784,2022,4
인천,2022-04,36.996065,4.116065,138.626765,2022,4
전남,2022-04,22.949728,5.609966,166.860916,2022,4
전북,2022-04,76.23932,8.589005,171.425339,2022,4
제주,2022-04,82.608696,4.347826,160.869565,2022,4
충남,2022-04,72.770996,10.511831,168.352094,2022,4
충북,2022-04,84.623199,17.740293,140.283153,2022,4
강원,2022-05,99.292661,16.245141,171.979671,2022,5
경기,2022-05,38.079748,4.196448,130.877263,2022,5
경남,2022-05,65.687709,12.024489,145.195804,2022,5
경북,2022-05,55.197022,11.000916,174.63646,2022,5
광주,2022-05,38.241874,4.626607,138.078742,2022,5
대구,2022-05,20.733332,0.480671,105.54885,2022,5
대전,2022-05,26.939758,2.731629,116.65318,2022,5
부산,2022-05,37.560448,2.783734,133.319488,2022,5
서울,2022-05,59.697449,3.966634,135.013974,2022,5
세종,2022-05,3.571429,3.571429,89.285714,2022,5
울산,2022-05,31.987127,14.906557,137.849687,2022,5
인천,2022-05,26.221214,2.062387,134.642235,2022,5
전남,2022-05,12.216372,6.638076,164.942534,2022,5
전북,2022-05,69.48697,13.473667,167.716647,2022,5
제주,2022-05,79.166667,4.166667,158.333333,2022,5
충남,2022-05,63.88626,10.598569,173.84978,2022,5
충북,2022-05,85.418337,20.927989,148.661937,2022,5
강원,2022-06,93.203925,15.662197,160.415189,2022,6
경기,2022-06,31.863098,2.747319,127.281576,2022,6
경남,2022-06,63.661619,8.760675,144.691113,2022,6
경북,2022-06,59.96812,16.895619,169.589899,2022,6
광주,2022-06,32.935727,7.447757,139.161053,2022,6
대구,2022-06,17.843474,1.075357,93.133284,2022,6
대전,2022-06,27.990739,2.031541,115.146627,2022,6
부산,2022-06,29.335594,0.584617,133.322329,2022,6
서울,2022-06,41.633554,3.587079,128.03398,2022,6
세종,2022-06,7.407407,3.703704,107.407407,2022,6
울산,2022-06,25.040017,11.009631,126.576842,2022,6
인천,2022-06,24.649154,2.02071,129.455846,2022,6
전남,2022-06,27.022354,1.436417,167.986275,2022,6
전북,2022-06,71.69537,11.09168,158.45898,2022,6
제주,2022-06,65.217391,0.0,160.869565,2022,6
충남,2022-06,64.991431,8.890934,172.558963,2022,6
충북,2022-06,75.828971,26.164154,139.793858,2022,6
강원,2022-07,72.847761,9.619784,151.471616,2022,7
경기,2022-07,25.820032,1.678164,110.778508,2022,7
경남,2022-07,54.279894,8.872923,149.853799,2022,7
경북,2022-07,35.500601,7.313768,176.396295,2022,7
광주,2022-07,37.096739,2.340369,99.815587,2022,7
대구,2022-07,16.376573,0.0,94.116842,2022,7
대전,2022-07,16.164851,2.115076,105.38769,2022,7
부산,2022-07,23.605387,0.959561,120.565039,2022,7
서울,2022-07,33.011259,0.885952,120.945865,2022,7
세종,2022-07,11.111111,3.703704,74.074074,2022,7
울산,2022-07,27.981126,6.015196,118.814351,2022,7
인천,2022-07,17.998092,1.987526,109.04176,2022,7
전남,2022-07,27.397221,4.879668,152.662951,2022,7
전북,2022-07,40.918326,3.730408,134.534628,2022,7
제주,2022-07,76.470588,11.764706,147.058824,2022,7
충남,2022-07,54.030541,6.149483,152.456545,2022,7
충북,2022-07,64.469395,8.372226,152.235043,2022,7
강원,2022-08,70.165972,4.330985,138.003484,2022,8
경기,2022-08,20.369379,0.515036,99.157576,2022,8
경남,2022-08,52.715392,2.747144,150.278591,2022,8
경북,2022-08,33.760521,7.202834,163.132771,2022,8
광주,2022-08,11.597942,0.0,93.575525,2022,8
대구,2022-08,13.127267,0.851989,83.7986,2022,8
대전,2022-08,14.844354,0.0,86.57216,2022,8
부산,2022-08,19.893533,1.127423,109.502013,2022,8
서울,2022-08,31.926237,0.713519,108.941555,2022,8
세종,2022-08,7.142857,3.571429,78.571429,2022,8
울산,2022-08,24.93174,1.932309,121.623205,2022,8
인천,2022-08,21.689594,0.863857,104.46553,2022,8
전남,2022-08,25.73961,5.976577,141.666514,2022,8
전북,2022-08,28.769657,2.358559,136.154355,2022,8
제주,2022-08,47.826087,0.0,139.130435,2022,8
충남,2022-08,47.424266,2.68106,144.350542,2022,8
충북,2022-08,26.714229,3.271296,147.672313,2022,8
강원,2022-09,59.075064,1.247118,140.104116,2022,9
경기,2022-09,16.541529,0.884084,89.276801,2022,9
경남,2022-09,38.596615,5.067508,133.627506,2022,9
경북,2022-09,30.632089,2.077251,167.971732,2022,9
광주,2022-09,16.522813,0.0,77.458209,2022,9
대구,2022-09,7.847751,0.0,75.219823,2022,9
대전,2022-09,12.781141,0.502225,73.098942,2022,9
부산,2022-09,15.496252,0.672966,97.686664,2022,9
서울,2022-09,24.853175,0.847218,93.261852,2022,9
세종,2022-09,14.814815,3.703704,85.185185,2022,9
울산,2022-09,19.800411,3.569575,123.180308,2022,9
인천,2022-09,19.890175,1.443649,95.301879,2022,9
전남,2022-09,32.808302,1.921251,146.077477,2022,9
전북,2022-09,28.272145,2.557789,120.204529,2022,9
제주,2022-09,32.193142,0.0,145.120714,2022,9
충남,2022-09,33.705515,4.202967,133.869887,2022,9
충북,2022-09,21.58797,3.294546,149.606365,2022,9
강원,2022-10,47.261903,4.959979,138.467472,2022,10
경기,2022-10,14.248385,0.622907,72.197215,2022,10
경남,2022-10,38.700631,5.753911,129.821601,2022,10
경북,2022-10,21.089005,1.59214,151.724303,2022,10
광주,2022-10,14.159828,0.0,66.640518,2022,10
대구,2022-10,11.396195,0.0,70.254902,2022,10
대전,2022-10,16.427195,0.0,70.183689,2022,10
부산,2022-10,10.604357,0.591894,85.26789,2022,10
서울,2022-10,22.994924,0.909986,79.838508,2022,10
세종,2022-10,3.333333,6.666667,76.666667,2022,10
울산,2022-10,9.580729,0.78783,115.354489,2022,10
인천,2022-10,10.592874,0.415293,72.844292,2022,10
전남,2022-10,33.504768,0.0,131.877884,2022,10
전북,2022-10,19.838412,0.833715,100.266019,2022,10
제주,2022-10,35.496914,0.0,117.748457,2022,10
충남,2022-10,28.607879,2.649057,131.627572,2022,10
충북,2022-10,35.201207,2.300691,127.745987,2022,10
강원,2022-11,32.689434385,12.3447791,110.066498465,2022,11
경기,2022-11,13.261293342,1.663422798,50.360180497,2022,11
경남,2022-11,26.152055135,6.196512804,111.741990705,2022,11
경북,2022-11,28.189295756,2.327490169,128.004088107,2022,11
광주,2022-11,10.942201924,1.586749943,54.461300433,2022,11
대구,2022-11,11.780485132,0.0,48.053200033,2022,11
대전,2022-11,16.530353307,2.158618826,55.554700552,2022,11
부산,2022-11,10.808044233,0.89676064,55.378247558,2022,11
서울,2022-11,19.943309849,0.888447983,54.356318892,2022,11
세종,2022-11,14.814814815,5.555555506,59.259259159,2022,11
울산,2022-11,8.720287974,0.668472064,94.113500231,2022,11
인천,2022-11,11.040037107,1.946766674,57.854186886,2022,11
전남,2022-11,21.167207671,3.576131277,106.943484361,2022,11
전북,2022-11,22.806903297,3.528270708,82.962863467,2022,11
제주,2022-11,39.967654462,0.0,120.576296593,2022,11
충남,2022-11,23.739756217,3.256648979,109.695971376,2022,11
충북,2022-11,29.224450727,4.161802224,113.661668257,2022,11
강원,2022-12,29.001738014,2.434955494,114.348375449,2022,12
경기,2022-12,15.731671813,1.033897362,44.072485844,2022,12
경남,2022-12,27.049374448,5.542342266,103.430337387,2022,12
경북,2022-12,23.607570131,2.034595551,112.472238795,2022,12
광주,2022-12,9.33433227,0.0,41.766458324,2022,12
대구,2022-12,6.40643746,0.323700295,40.812525464,2022,12
대전,2022-12,12.258474422,0.0,54.989072209,2022,12
부산,2022-12,11.088299208,0.641617817,51.679679245,2022,12
서울,2022-12,20.477133314,0.472157794,46.528365308,2022,12
세종,2022-12,9.80392151,5.882352906,39.215686139,2022,12
울산,2022-12,5.785510882,0.0,80.743075903,2022,12
인천,2022-12,16.522414761,1.953627708,48.284847492,2022,12
전남,2022-12,21.638883422,3.186220637,117.326343932,2022,12
전북,2022-12,16.397301859,1.930698294,73.402978771,2022,12
제주,2022-12,30.013714405,4.086545334,118.646961218,2022,12
충남,2022-12,22.541907859,2.103004696,98.503885337,2022,12
충북,2022-12,35.628802785,0.0,105.187388189,2022,12
강원,2023-01,48.00557782,4.16562473,113.47875624,2023,1
경기,2023-01,16.26529343,3.07116534,46.30386125,2023,1
경남,2023-01,23.43245922,5.12423753,97.71109062,2023,1
경북,2023-01,25.49340474,2.85223905,98.96544058,2023,1
광주,2023-01,7.06962381,0.41661198,63.57338332,2023,1
대구,2023-01,7.86493383,1.03896669,34.28988926,2023,1
대전,2023-01,9.11371352,1.46042594,61.87202582,2023,1
부산,2023-01,11.4692642,2.06860499,50.33102336,2023,1
서울,2023-01,20.90516859,1.6220567,44.98820914,2023,1
세종,2023-01,30.43478249,6.52173908,43.47826076,2023,1
울산,2023-01,10.89102125,3.40727243,69.75280038,2023,1
인천,2023-01,12.57896472,2.00335145,42.91448889,2023,1
전남,2023-01,34.3275965,3.15325691,107.59615102,2023,1
전북,2023-01,24.71138294,0.69440308,97.14312259,2023,1
제주,2023-01,13.88650657,7.39470127,58.34048075,2023,1
충남,2023-01,16.47699559,3.08041645,95.34897388,2023,1
충북,2023-01,18.86558116,4.65790196,101.18758675,2023,1
강원,2023-02,50.66823949,9.46054635,109.18649761,2023,2
경기,2023-02,19.57761742,9.03317825,53.41061772,2023,2
경남,2023-02,23.67320943,11.52860511,101.80403007,2023,2
경북,2023-02,27.91071316,8.61176496,111.32354868,2023,2
광주,2023-02,12.74787664,4.94360887,72.34366581,2023,2
대구,2023-02,10.91168254,3.95029319,37.73400437,2023,2
대전,2023-02,13.91157418,6.44997304,61.44316583,2023,2
부산,2023-02,9.46511394,5.07564285,56.1544298,2023,2
서울,2023-02,25.14557926,6.28563076,51.10483992,2023,2
세종,2023-02,41.50943402,39.62264138,58.49056614,2023,2
울산,2023-02,18.93436298,6.91691609,81.15657216,2023,2
인천,2023-02,16.25764275,9.65123484,47.95607169,2023,2
전남,2023-02,26.52265863,7.2197361,111.25978473,2023,2
전북,2023-02,23.66939559,6.71929969,104.74651012,2023,2
제주,2023-02,23.23535529,3.52928924,61.32270185,2023,2
충남,2023-02,21.40137382,7.29622841,96.45096115,2023,2
충북,2023-02,35.24556784,11.9035833,112.85634697,2023,2
강원,2023-03,42.9719363,5.02941541,117.38330598,2023,3
경기,2023-03,18.05478468,9.26932566,61.41772421,2023,3
경남,2023-03,32.78800977,11.72726379,108.79518724,2023,3
경북,2023-03,31.98810176,8.0231305,106.5967522,2023,3
광주,2023-03,8.2459998,3.18719169,68.02184381,2023,3
대구,2023-03,12.19642817,7.46121347,37.12777881,2023,3
대전,2023-03,10.82373204,4.84942988,64.84540602,2023,3
부산,2023-03,11.56064096,4.37741915,60.67581074,2023,3
서울,2023-03,26.74999037,5.18532077,63.17765815,2023,3
세종,2023-03,50.0,30.76923075,67.30769216,2023,3
울산,2023-03,19.58965726,8.61107051,76.70067965,2023,3
인천,2023-03,19.51123137,9.253472,50.32678561,2023,3
전남,2023-03,26.46490297,12.13917136,117.80100429,2023,3
전북,2023-03,35.88982265,4.64203508,101.9814824,2023,3
제주,2023-03,17.23556373,3.88221813,74.38107227,2023,3
충남,2023-03,24.41415054,12.53874301,102.12620885,2023,3
충북,2023-03,22.17701239,13.32023599,119.5231835,2023,3
강원,2023-04,34.84472369,5.28485739,112.54434617,2023,4
경기,2023-04,22.63409583,10.34889859,65.82053008,2023,4
경남,2023-04,33.48353872,10.06331895,108.66285839,2023,4
경북,2023-04,30.88008767,7.37703075,118.3096147,2023,4
광주,2023-04,7.79811797,5.35774986,66.94487658,2023,4
대구,2023-04,9.02343496,5.48348507,41.34304029,2023,4
대전,2023-04,17.22330966,6.90893639,86.68416078,2023,4
부산,2023-04,13.64139303,5.4557852,60.64056813,2023,4
서울,2023-04,28.23392089,6.34346739,70.60721873,2023,4
세종,2023-04,39.21568619,23.52941169,64.70588229,2023,4
울산,2023-04,23.36399258,3.44409697,79.70641295,2023,4
인천,2023-04,17.24797063,11.65306164,56.00073977,2023,4
전남,2023-04,15.75537012,2.85435792,113.31289364,2023,4
전북,2023-04,22.49327194,3.41889886,96.36003406,2023,4
제주,2023-04,25.0,3.88781835,67.2243633,2023,4
충남,2023-04,22.22799093,10.51442317,95.23888865,2023,4
충북,2023-04,18.86147857,6.54638919,111.00162542,2023,4
강원,2023-05,41.84996672,9.41557396,119.6642055,2023,5
경기,2023-05,25.48775616,12.67078422,72.93239142,2023,5
경남,2023-05,27.12454531,14.24119995,117.30601335,2023,5
경북,2023-05,29.32281727,5.16087006,118.25139241,2023,5
광주,2023-05,7.9717782,5.79367639,76.35523831,2023,5
대구,2023-05,13.25355162,8.30717427,45.10913235,2023,5
대전,2023-05,15.53320621,7.20278206,92.69606564,2023,5
부산,2023-05,12.5345808,6.65375608,64.2181118,2023,5
서울,2023-05,32.2358603,8.09603713,80.3746719,2023,5
세종,2023-05,41.50943397,22.64150941,77.35849048,2023,5
울산,2023-05,31.93210815,8.83062731,80.71814603,2023,5
인천,2023-05,24.93317985,8.36540839,63.4847499,2023,5
전남,2023-05,16.7028662,4.1544791,117.94328092,2023,5
전북,2023-05,37.04502473,4.59332723,107.56364827,2023,5
제주,2023-05,14.44390918,7.7756367,80.56090824,2023,5
충남,2023-05,22.29217451,8.85979043,95.36661601,2023,5
충북,2023-05,21.45215146,11.49048601,134.13543743,2023,5
강원,2023-06,34.77267714,6.50414369,129.01152924,2023,6
경기,2023-06,30.69346058,15.22086397,80.98570915,2023,6
경남,2023-06,35.25080221,11.561337,109.69172854,2023,6
경북,2023-06,32.37523166,18.52018671,117.78647558,2023,6
광주,2023-06,9.59821604,7.22833691,75.60836944,2023,6
대구,2023-06,15.19020872,9.19607938,51.5847518,2023,6
대전,2023-06,28.06736306,11.4229805,98.69347025,2023,6
부산,2023-06,16.74777339,6.01655316,71.67436301,2023,6
서울,2023-06,33.8084391,12.52422856,90.13595734,2023,6
세종,2023-06,41.17647062,23.52941177,100.0,2023,6
울산,2023-06,31.99929317,10.41891215,86.65077458,2023,6
인천,2023-06,21.77074824,13.33775746,63.92527477,2023,6
전남,2023-06,17.11182035,4.85027397,116.42492884,2023,6
전북,2023-06,38.32638493,7.577243,108.53318815,2023,6
제주,2023-06,26.02205351,4.08821402,115.05513392,2023,6
충남,2023-06,29.04762145,15.97042296,109.16953326,2023,6
충북,2023-06,33.10723998,11.09657573,121.8166604,2023,6
강원,2023-07,45.2385205,5.84323749,142.41296898,2023,7
경기,2023-07,32.09022606,12.56342201,87.73597853,2023,7
경남,2023-07,27.32186636,12.59096212,108.08033818,2023,7
경북,2023-07,35.37053021,11.701145,121.6209221,2023,7
광주,2023-07,19.34092726,7.14640847,94.12570697,2023,7
대구,2023-07,12.97622874,6.22247876,55.72520358,2023,7
대전,2023-07,42.92860172,11.16574989,115.76620896,2023,7
부산,2023-07,15.39454937,4.04499759,79.52428922,2023,7
서울,2023-07,38.0390547,12.46204873,97.16853545,2023,7
세종,2023-07,48.14814816,24.07407403,114.81481477,2023,7
울산,2023-07,31.37360238,16.43213211,89.77588959,2023,7
인천,2023-07,25.30653074,12.34335405,76.33006969,2023,7
전남,2023-07,26.12546773,4.47260087,127.95829889,2023,7
전북,2023-07,26.82022846,7.67039805,110.61340788,2023,7
제주,2023-07,50.46836261,7.50447027,109.56739955,2023,7
충남,2023-07,33.67438122,12.54806671,111.00418593,2023,7
충북,2023-07,14.94422912,10.87152433,113.09787228,2023,7
강원,2023-08,50.94679578,8.513463,151.44307483,2023,8
경기,2023-08,33.61077979,14.47422965,102.64352755,2023,8
경남,2023-08,30.11196353,15.65995546,119.0267067,2023,8
경북,2023-08,30.20227307,11.56041242,126.70045402,2023,8
광주,2023-08,19.60089532,7.51794361,96.62699056,2023,8
대구,2023-08,17.09904701,8.6864501,70.4968372,2023,8
대전,2023-08,42.83537624,12.94054156,124.95186133,2023,8
부산,2023-08,10.91928506,6.94125164,87.26029343,2023,8
서울,2023-08,45.99635308,13.70357047,112.15764181,2023,8
세종,2023-08,47.61904754,9.52380954,109.52380955,2023,8
울산,2023-08,36.45015942,15.48605159,86.6612381,2023,8
인천,2023-08,30.03186522,13.20100936,90.77951309,2023,8
전남,2023-08,32.22916548,10.14656456,138.73684042,2023,8
전북,2023-08,27.43114721,7.254212,130.08248827,2023,8
제주,2023-08,57.76739088,5.17826059,131.87608794,2023,8
충남,2023-08,35.78707092,16.25663756,105.82871098,2023,8
충북,2023-08,33.30078071,11.8015847,138.54915201,2023,8
강원,2023-09,58.35555524,14.24711501,146.3226158,2023,9
경기,2023-09,34.40340941,18.24212543,113.56908633,2023,9
경남,2023-09,34.21941236,20.54692742,127.35585699,2023,9
경북,2023-09,32.97744959,18.7572459,140.61144666,2023,9
광주,2023-09,15.38002112,10.20341002,108.52122504,2023,9
대구,2023-09,16.21819826,15.93271967,71.23515734,2023,9
대전,2023-09,44.72371682,20.85725656,146.4344886,2023,9
부산,2023-09,14.18406338,8.02273965,88.36900423,2023,9
서울,2023-09,41.40955641,17.28761694,120.3170834,2023,9
세종,2023-09,33.3333332,20.83333329,106.25000001,2023,9
울산,2023-09,45.35231102,22.49859435,99.90436249,2023,9
인천,2023-09,34.76762576,19.53740775,95.82406694,2023,9
전남,2023-09,17.28662092,2.01715599,149.02309636,2023,9
전북,2023-09,30.5124024,17.34956877,142.91626594,2023,9
제주,2023-09,51.59472084,5.54813618,128.57142834,2023,9
충남,2023-09,34.74192731,18.04695425,110.17574485,2023,9
충북,2023-09,30.21048068,29.77324477,155.72650527,2023,9
강원,2023-10,35.08635237,13.57606592,150.85242966,2023,10
경기,2023-10,27.88351831,11.65943324,113.17147594,2023,10
경남,2023-10,29.61445891,15.06499374,114.21262792,2023,10
경북,2023-10,36.96920441,12.97056611,130.88051011,2023,10
광주,2023-10,20.22376366,5.22821064,116.30935268,2023,10
대구,2023-10,12.30684533,12.18614735,67.70121473,2023,10
대전,2023-10,40.99027291,13.57608367,146.66719077,2023,10
부산,2023-10,13.26374814,8.00093219,93.04542271,2023,10
서울,2023-10,36.89238813,10.29065379,120.52218885,2023,10
세종,2023-10,36.73469377,16.32653061,102.04081647,2023,10
울산,2023-10,33.592828,16.91257434,103.78754315,2023,10
인천,2023-10,27.33637279,13.73285425,97.7041907,2023,10
전남,2023-10,20.41946673,3.91183228,152.23038837,2023,10
전북,2023-10,23.26678452,13.21500905,149.64892867,2023,10
제주,2023-10,68.78244858,13.7071604,140.35565856,2023,10
충남,2023-10,24.25015433,17.39800649,107.26131092,2023,10
충북,2023-10,36.97022445,35.52115796,160.65826595,2023,10
강원,2023-11,33.83096964,7.27974053,158.3319899,2023,11
경기,2023-11,21.81882843,4.95455876,101.90035106,2023,11
경남,2023-11,28.36297611,13.02690999,121.45004414,2023,11
경북,2023-11,33.6374704,19.03369371,115.71316592,2023,11
광주,2023-11,15.3404267,3.46779313,125.95421494,2023,11
대구,2023-11,12.71051208,5.76974864,61.40427871,2023,11
대전,2023-11,32.82528798,9.93284868,138.22230972,2023,11
부산,2023-11,10.26825164,4.295104,85.42293695,2023,11
서울,2023-11,26.10009058,4.58125159,120.9461138,2023,11
세종,2023-11,22.64150939,1.88679242,79.24528293,2023,11
울산,2023-11,27.42268224,8.26415172,96.13622363,2023,11
인천,2023-11,25.79835012,6.92858748,87.74317111,2023,11
전남,2023-11,18.68178355,3.50032214,139.16241933,2023,11
전북,2023-11,21.98052045,5.01256863,142.60754164,2023,11
제주,2023-11,41.55169893,4.56905357,127.84453848,2023,11
충남,2023-11,31.02266957,10.46868198,111.76951338,2023,11
충북,2023-11,15.49218682,31.64397,163.38740445,2023,11
강원,2023-12,37.93376021,5.52094343,160.89464573,2023,12
경기,2023-12,19.20817924,4.08683511,95.82744968,2023,12
경남,2023-12,23.02774033,6.40572357,115.96889151,2023,12
경북,2023-12,19.80032395,8.94652952,125.2929119,2023,12
광주,2023-12,13.29622827,1.75521797,122.72092333,2023,12
대구,2023-12,7.46410088,3.70507991,63.64577123,2023,12
대전,2023-12,25.79361328,4.19925001,132.98158463,2023,12
부산,2023-12,7.9985914,2.38207134,86.0125207,2023,12
서울,2023-12,20.72046532,3.71082506,115.93940784,2023,12
세종,2023-12,19.6078431,7.8431372,66.66666657,2023,12
울산,2023-12,22.70553145,6.5704184,98.82452746,2023,12
인천,2023-12,20.76259841,3.9164083,86.33916323,2023,12
전남,2023-12,14.43860356,3.12421947,129.92359301,2023,12
전북,2023-12,24.84655267,5.98999187,139.1857169,2023,12
제주,2023-12,27.95486598,4.31593653,131.14245822,2023,12
충남,2023-12,18.5080797,7.37483922,111.60480247,2023,12
충북,2023-12,13.29558049,23.35986134,160.2821894,2023,12
강원,2024-01,31.51475909,13.18498415,144.70889993,2024,1
경기,2024-01,18.428185,5.35629395,99.68400812,2024,1
경남,2024-01,27.01011988,10.25554509,126.54995413,2024,1
경북,2024-01,28.1027909,19.8670116,124.10746756,2024,1
광주,2024-01,11.48858095,2.64858796,110.44745091,2024,1
대구,2024-01,8.19054821,2.63398106,64.73560022,2024,1
대전,2024-01,30.4966247,5.72680498,119.82824888,2024,1
부산,2024-01,11.60790243,4.00028668,88.1512145,2024,1
서울,2024-01,26.2840548,4.33108001,120.34290296,2024,1
세종,2024-01,7.84313715,1.96078428,64.70588228,2024,1
울산,2024-01,16.42782876,9.20956941,122.40347752,2024,1
인천,2024-01,25.61264185,4.01455995,90.08130909,2024,1
전남,2024-01,10.31858314,0.0,131.27891746,2024,1
전북,2024-01,24.09457323,9.39371044,125.07238956,2024,1
제주,2024-01,41.01895356,11.56103174,129.45792182,2024,1
충남,2024-01,28.44950766,11.17246717,109.72252155,2024,1
충북,2024-01,33.40663613,9.79141209,159.13420895,2024,1
강원,2024-02,32.84367048,9.07722855,141.0354768,2024,2
경기,2024-02,20.7977461,8.5935503,102.8242796,2024,2
경남,2024-02,26.34664569,10.26482136,122.55212803,2024,2
경북,2024-02,26.531442,10.95877825,113.94998687,2024,2
광주,2024-02,8.34155339,5.7098774,99.04479194,2024,2
대구,2024-02,6.81247787,4.41159412,71.46460084,2024,2
대전,2024-02,25.90882676,6.0317837,121.98279625,2024,2
부산,2024-02,11.93045385,2.93960636,90.28641295,2024,2
서울,2024-02,25.61158378,5.17438552,120.4700223,2024,2
세종,2024-02,3.84615382,1.92307691,51.92307686,2024,2
울산,2024-02,17.37593323,13.8530158,121.02793907,2024,2
인천,2024-02,17.90276126,8.87881274,91.18661409,2024,2
전남,2024-02,4.7680528,1.95255745,112.71151217,2024,2
전북,2024-02,23.93843371,5.64641593,132.49736862,2024,2
제주,2024-02,26.50408572,11.11111104,129.05146971,2024,2
충남,2024-02,20.77526593,9.23336976,118.09902391,2024,2
충북,2024-02,35.42877148,13.286119,161.36130575,2024,2
강원,2024-03,42.88112071,9.62935539,145.67210181,2024,3
경기,2024-03,23.08669164,11.63680208,104.66090622,2024,3
경남,2024-03,26.8096089,12.2104281,124.0219804,2024,3
경북,2024-03,26.01683725,14.9934214,113.05369665,2024,3
광주,2024-03,12.27336061,7.69803801,100.73879378,2024,3
대구,2024-03,7.29446441,8.41169514,71.45362054,2024,3
대전,2024-03,23.06765891,10.82387622,116.75738934,2024,3
부산,2024-03,10.33650463,4.65645345,95.91248809,2024,3
서울,2024-03,29.72510184,7.73722425,128.97148116,2024,3
세종,2024-03,7.69230764,1.92307691,74.99999995,2024,3
울산,2024-03,18.94906949,19.60029731,130.75755153,2024,3
인천,2024-03,25.2501273,12.69615496,101.87370295,2024,3
전남,2024-03,12.17110046,6.63781912,117.2120615,2024,3
전북,2024-03,27.51391422,13.60431532,137.25321985,2024,3
제주,2024-03,39.09206405,9.63428471,132.00508182,2024,3
충남,2024-03,25.98053896,10.27980545,121.56070739,2024,3
충북,2024-03,29.16882577,12.18863734,147.17165435,2024,3
강원,2024-04,30.73226766,9.53230169,145.55044253,2024,4
경기,2024-04,24.27690031,11.9788879,106.35710388,2024,4
경남,2024-04,26.35246404,10.63117499,114.89007976,2024,4
경북,2024-04,30.75004082,16.5380046,111.07540127,2024,4
광주,2024-04,9.60024976,6.06575177,103.93694533,2024,4
대구,2024-04,11.81170182,7.3932061,64.97655911,2024,4
대전,2024-04,23.3187782,6.77490231,111.50875529,2024,4
부산,2024-04,13.2183866,3.75292505,97.31840786,2024,4
서울,2024-04,32.98987651,14.10658955,132.64964269,2024,4
세종,2024-04,19.60784308,5.88235292,60.78431368,2024,4
울산,2024-04,23.88344032,21.45928783,135.98288968,2024,4
인천,2024-04,24.82898005,15.10150429,112.48717924,2024,4
전남,2024-04,10.57057797,4.01122026,125.46152023,2024,4
전북,2024-04,31.23054537,12.52112298,145.87942468,2024,4
제주,2024-04,30.00666741,8.56380852,121.4428586,2024,4
충남,2024-04,22.4056517,11.2763654,119.79244159,2024,4
충북,2024-04,26.58507231,7.95947955,131.87297964,2024,4
강원,2024-05,34.52251157,9.70795399,147.46045744,2024,5
경기,2024-05,24.41378457,11.4450522,108.93799189,2024,5
경남,2024-05,25.99938247,8.49880814,122.06503428,2024,5
경북,2024-05,30.30457458,10.46334265,118.04326949,2024,5
광주,2024-05,12.27516534,2.94996518,103.1437791,2024,5
대구,2024-05,10.91235363,5.44365931,64.40110779,2024,5
대전,2024-05,23.07539695,6.54815621,115.33425216,2024,5
부산,2024-05,11.94162603,3.21281514,100.1258636,2024,5
서울,2024-05,32.0559041,14.47710314,138.19728125,2024,5
세종,2024-05,6.0,2.0,74.0,2024,5
울산,2024-05,23.1012333,15.66369875,127.12694218,2024,5
인천,2024-05,28.91032833,10.93289094,117.97792726,2024,5
전남,2024-05,10.26434778,3.23296507,136.20990259,2024,5
전북,2024-05,27.04489367,11.50908156,142.01543678,2024,5
제주,2024-05,20.48762049,4.28190424,142.70984289,2024,5
충남,2024-05,20.82810672,8.02033321,119.96235551,2024,5
충북,2024-05,22.55446397,12.01816972,132.33457665,2024,5
강원,2024-06,36.64751853,11.15540576,157.19720575,2024,6
경기,2024-06,30.79565439,18.54557471,115.73591525,2024,6
경남,2024-06,24.16186937,9.65773572,122.85510592,2024,6
경북,2024-06,25.65066987,15.56081015,129.62146756,2024,6
광주,2024-06,13.65404119,8.10082391,113.4371961,2024,6
대구,2024-06,11.29713637,6.96147036,66.52094117,2024,6
대전,2024-06,25.79797257,8.05934741,121.79083959,2024,6
부산,2024-06,13.03518884,5.10584094,102.4481197,2024,6
서울,2024-06,47.07162617,25.86528712,142.32136087,2024,6
세종,2024-06,12.24489792,8.16326535,65.30612241,2024,6
울산,2024-06,21.69773505,14.36600722,139.89292861,2024,6
인천,2024-06,31.17333507,17.88095011,124.00675794,2024,6
전남,2024-06,8.63259868,3.27395866,135.47963696,2024,6
전북,2024-06,38.98687591,12.71868226,146.73912097,2024,6
제주,2024-06,19.8115303,8.11308172,155.84922448,2024,6
충남,2024-06,21.55288269,12.14263184,130.08871457,2024,6
충북,2024-06,28.15298148,11.70135748,139.15119225,2024,6
강원,2024-07,39.92431935,13.71210087,145.36320574,2024,7
경기,2024-07,38.75667571,26.89297532,121.8535902,2024,7
경남,2024-07,26.53497479,9.57833484,127.06535921,2024,7
경북,2024-07,28.54059528,13.39779991,125.76613707,2024,7
광주,2024-07,16.92585584,6.66511884,127.16705188,2024,7
대구,2024-07,14.03386471,7.57658161,67.91670702,2024,7
대전,2024-07,14.46639889,8.65711122,120.51629652,2024,7
부산,2024-07,12.64186028,6.44446473,100.05315704,2024,7
서울,2024-07,67.95197495,45.62852103,141.89994552,2024,7
세종,2024-07,19.23076919,11.53846151,78.84615391,2024,7
울산,2024-07,33.58967423,20.15531006,152.39004951,2024,7
인천,2024-07,43.08045676,24.59115982,132.13127052,2024,7
전남,2024-07,17.35423685,4.22779831,137.42169966,2024,7
전북,2024-07,41.15243462,12.46467906,154.24156748,2024,7
제주,2024-07,8.939882,3.85616329,137.16058045,2024,7
충남,2024-07,26.46622008,15.54198758,122.92543164,2024,7
충북,2024-07,31.74945418,16.67918661,139.5041318,2024,7
강원,2024-08,36.07125136,9.19300174,150.69473506,2024,8
경기,2024-08,42.06615802,26.87223513,128.45170808,2024,8
경남,2024-08,26.35990915,10.84086486,134.26266219,2024,8
경북,2024-08,32.91534037,11.5756379,135.32737928,2024,8
광주,2024-08,17.06431855,8.3898693,138.6047261,2024,8
대구,2024-08,16.39714252,8.30212696,73.16058545,2024,8
대전,2024-08,21.61812752,8.6192702,124.3150963,2024,8
부산,2024-08,15.41059656,7.09122382,106.44890868,2024,8
서울,2024-08,68.76325862,38.86391111,142.8921106,2024,8
세종,2024-08,9.09090897,18.18181813,67.27272733,2024,8
울산,2024-08,37.99451176,20.42715348,156.86945919,2024,8
인천,2024-08,42.07748487,22.84276193,145.24073985,2024,8
전남,2024-08,17.8653447,1.10249581,143.7279301,2024,8
전북,2024-08,35.57519817,12.10463109,153.50822256,2024,8
제주,2024-08,25.7172789,8.56925179,144.29033998,2024,8
충남,2024-08,36.63665649,15.20262133,134.37642947,2024,8
충북,2024-08,30.12583266,18.69269828,145.41907368,2024,8
강원,2024-09,29.97332844,9.61536553,156.31631391,2024,9
경기,2024-09,39.80901755,18.84972289,130.95904291,2024,9
경남,2024-09,27.10329571,15.90392875,135.14634674,2024,9
경북,2024-09,40.74079208,14.63376808,134.77375447,2024,9
광주,2024-09,15.5541995,10.64583078,139.44417536,2024,9
대구,2024-09,19.4613815,11.46864474,74.18381848,2024,9
대전,2024-09,28.6118784,12.83725419,130.96189528,2024,9
부산,2024-09,14.55104636,8.28094628,116.18734941,2024,9
서울,2024-09,57.75086145,22.63385766,143.265799,2024,9
세종,2024-09,24.99999986,21.42857116,87.5,2024,9
울산,2024-09,44.05927707,18.5901099,159.39028165,2024,9
인천,2024-09,42.88660281,22.61062481,153.20411443,2024,9
전남,2024-09,13.34918069,3.77962655,144.99354558,2024,9
전북,2024-09,50.70481373,11.84126415,158.69259058,2024,9
제주,2024-09,31.82266155,8.07881713,114.44334967,2024,9
충남,2024-09,33.79893232,18.861512,132.43793425,2024,9
충북,2024-09,33.724488,18.46344331,152.70064001,2024,9
강원,2024-10,39.91689591,20.08581155,160.94596766,2024,10
경기,2024-10,32.28136568,11.53622503,129.20317141,2024,10
경남,2024-10,29.25672917,13.81803034,143.9836348,2024,10
경북,2024-10,35.67742999,12.7826556,136.86852514,2024,10
광주,2024-10,11.73797091,6.95641742,148.55836309,2024,10
대구,2024-10,14.55924478,10.73240716,80.95750254,2024,10
대전,2024-10,19.34605465,13.09136984,127.37227458,2024,10
부산,2024-10,16.94708191,11.51478091,120.73189384,2024,10
서울,2024-10,45.64397348,13.74797391,140.0241804,2024,10
세종,2024-10,15.0943396,7.54716985,98.11320746,2024,10
울산,2024-10,37.69849294,25.43526066,170.88673943,2024,10
인천,2024-10,36.64485168,14.23605417,152.3088803,2024,10
전남,2024-10,17.2789921,10.8163918,146.52918677,2024,10
전북,2024-10,46.87422614,18.12815221,152.51793208,2024,10
제주,2024-10,38.50027485,13.69458201,142.76409515,2024,10
충남,2024-10,28.78123835,17.48326268,135.18605825,2024,10
충북,2024-10,35.98885062,18.67968775,160.617662,2024,10
강원,2024-11,34.7559834,13.01539336,143.98128056,2024,11
경기,2024-11,27.26878533,8.04721881,124.64077576,2024,11
경남,2024-11,25.83767582,9.30732328,140.88396658,2024,11
경북,2024-11,36.43535536,12.48261595,124.46383144,2024,11
광주,2024-11,13.6904948,4.35839299,145.44538208,2024,11
대구,2024-11,15.19443162,8.99574151,76.28080406,2024,11
대전,2024-11,20.89941901,11.4579181,123.73770749,2024,11
부산,2024-11,15.69331047,6.47374038,122.8839105,2024,11
서울,2024-11,40.46301647,9.73726106,128.10891448,2024,11
세종,2024-11,11.76470577,11.76470577,101.9607843,2024,11
울산,2024-11,33.99259964,13.56863409,174.98241761,2024,11
인천,2024-11,32.35091065,6.96300993,141.20005539,2024,11
전남,2024-11,11.90591508,11.9793251,163.8957574,2024,11
전북,2024-11,46.08995036,14.63011819,153.5229621,2024,11
제주,2024-11,34.30213501,15.69786499,130.03831471,2024,11
충남,2024-11,25.96388632,10.6167154,132.34944619,2024,11
충북,2024-11,33.96177317,16.65489299,167.15004449,2024,11
강원,2024-12,29.87592886,7.21033456,140.04826852,2024,12
경기,2024-12,25.51508643,5.60606741,116.41270894,2024,12
경남,2024-12,25.0418752,9.0832066,135.80802968,2024,12
경북,2024-12,30.00228115,10.83102782,134.01745116,2024,12
광주,2024-12,11.43926582,4.83114916,148.01147026,2024,12
대구,2024-12,12.02974367,2.61435814,83.96317777,2024,12
대전,2024-12,24.64455304,8.1002844,120.42379462,2024,12
부산,2024-12,13.06682855,3.67614392,122.12072779,2024,12
서울,2024-12,36.78162918,6.40112309,125.48087205,2024,12
세종,2024-12,15.38461517,9.6153846,90.3846154,2024,12
울산,2024-12,39.27934593,10.64952609,171.5821627,2024,12
인천,2024-12,27.00050899,3.18640666,130.71121818,2024,12
전남,2024-12,12.32159421,7.71505215,135.99597545,2024,12
전북,2024-12,36.59092513,4.53144753,157.65675812,2024,12
제주,2024-12,37.5,9.59359528,129.79679764,2024,12
충남,2024-12,20.63134318,9.92575275,123.14524582,2024,12
충북,2024-12,33.05922214,13.76406431,171.68180575,2024,12
강원,2025-01,39.51924066,6.16328564,148.21221757,2025,1
경기,2025-01,26.17174186,7.39640804,121.20366384,2025,1
경남,2025-01,27.7497185,9.95201571,134.66999661,2025,1
경북,2025-01,28.83447916,7.79624491,124.42954562,2025,1
광주,2025-01,15.51529639,5.27859667,146.57472916,2025,1
대구,2025-01,13.40872558,3.72893459,94.99650031,2025,1
대전,2025-01,21.91506648,4.24691757,118.89710724,2025,1
부산,2025-01,15.70727853,4.76372929,129.27673651,2025,1
서울,2025-01,35.4315956,7.93880214,125.19964112,2025,1
세종,2025-01,12.72727267,5.45454542,87.27272733,2025,1
울산,2025-01,33.25131701,9.62722692,172.91430855,2025,1
인천,2025-01,21.74736919,4.52302228,135.63986877,2025,1
전남,2025-01,17.35741955,6.49154054,124.68648513,2025,1
전북,2025-01,32.97840784,4.46550941,155.09975633,2025,1
제주,2025-01,37.20853974,12.79146026,122.86809008,2025,1
충남,2025-01,19.8561053,9.65532481,131.07963207,2025,1
충북,2025-01,27.32783721,9.22839076,168.50134613,2025,1
강원,2025-02,37.30892254,9.86078628,146.48074469,2025,2
경기,2025-02,26.51903357,10.41438473,125.86725994,2025,2
경남,2025-02,25.33749549,14.31079346,134.12492684,2025,2
경북,2025-02,25.00787156,14.45064952,143.04954162,2025,2
광주,2025-02,8.72107519,5.99697714,150.57613039,2025,2
대구,2025-02,10.79602226,5.09679135,96.28020164,2025,2
대전,2025-02,21.02694432,2.81766796,120.90009132,2025,2
부산,2025-02,10.5192491,4.36162026,136.00923742,2025,2
서울,2025-02,44.20428262,16.07000013,132.21097226,2025,2
세종,2025-02,15.51724131,6.89655167,93.10344833,2025,2
울산,2025-02,34.36662913,19.86347832,177.93232027,2025,2
인천,2025-02,21.64937807,9.01116748,141.59592552,2025,2
전남,2025-02,20.04791161,11.52551763,136.31277683,2025,2
전북,2025-02,34.20457042,8.52074815,150.74901069,2025,2
제주,2025-02,41.03965699,8.09064433,139.88669448,2025,2
충남,2025-02,18.45756498,10.76966143,127.24486356,2025,2
충북,2025-02,36.27882408,18.72090087,172.05849802,2025,2
강원,2025-03,45.21383646,15.38574651,136.29983386,2025,3
경기,2025-03,30.56429531,20.25516024,135.98564165,2025,3
경남,2025-03,24.81602522,13.66827436,133.77672951,2025,3
경북,2025-03,26.12734278,13.98181581,132.32414804,2025,3
광주,2025-03,13.477044,12.87108024,146.94090417,2025,3
대구,2025-03,12.41662421,9.17599926,108.8868294,2025,3
대전,2025-03,20.4041512,9.48738009,120.7334247,2025,3
부산,2025-03,12.29269386,8.53913553,135.54222444,2025,3
서울,2025-03,69.36691953,42.69511496,137.97344337,2025,3
세종,2025-03,31.57894721,36.84210518,105.26315791,2025,3
울산,2025-03,32.87674364,24.0633685,177.82439047,2025,3
인천,2025-03,25.42813035,16.10017565,148.70685911,2025,3
전남,2025-03,21.75201181,14.01063669,139.36295647,2025,3
전북,2025-03,37.01274739,17.29038088,158.20061465,2025,3
제주,2025-03,41.05278912,8.12066149,122.40423321,2025,3
충남,2025-03,27.05793088,13.08252834,133.56173098,2025,3
충북,2025-03,37.18474023,20.5526567,170.99745787,2025,3
강원,2025-04,39.02999538,14.98318193,133.7966895,2025,4
경기,2025-04,26.95137839,14.37348847,137.94847584,2025,4
경남,2025-04,27.88936783,14.16545601,137.97841048,2025,4
경북,2025-04,23.40045956,12.14295318,126.83122668,2025,4
광주,2025-04,10.837847,10.77298921,138.23592737,2025,4
대구,2025-04,13.66976867,8.01365844,111.28636977,2025,4
대전,2025-04,23.01952696,9.60695433,115.53882704,2025,4
부산,2025-04,12.59786284,6.40361153,137.12906826,2025,4
서울,2025-04,51.5262478,16.27104223,136.38091908,2025,4
세종,2025-04,104.76190471,106.34920635,123.80952375,2025,4
울산,2025-04,31.7887466,22.77062538,184.95542164,2025,4
인천,2025-04,24.45225369,14.5160781,142.19825526,2025,4
전남,2025-04,19.79315335,8.00916776,141.21661659,2025,4
전북,2025-04,35.94351655,14.00947581,153.55528624,2025,4
제주,2025-04,22.84095545,4.0603306,141.11882397,2025,4
충남,2025-04,22.57717326,12.3429953,129.16223247,2025,4
충북,2025-04,30.31291243,15.28087712,172.02235856,2025,4
강원,2025-05,36.85808245,7.75017835,132.53359357,2025,5
경기,2025-05,28.99832777,15.83891197,137.98891954,2025,5
경남,2025-05,27.97714176,10.43709049,139.8273597,2025,5
경북,2025-05,22.19517227,9.37849836,125.05245556,2025,5
광주,2025-05,15.0642142,8.97168494,149.2939636,2025,5
대구,2025-05,10.54222707,7.23163834,111.32159134,2025,5
대전,2025-05,25.28771198,9.60944625,112.02552051,2025,5
부산,2025-05,11.66300849,6.08686244,138.30942604,2025,5
서울,2025-05,59.60229221,20.75714725,139.54063899,2025,5
세종,2025-05,94.91525433,55.93220327,105.08474587,2025,5
울산,2025-05,33.21458306,17.29849341,191.28701764,2025,5
인천,2025-05,26.63179736,14.45132341,140.21890697,2025,5
전남,2025-05,22.11355178,7.50993825,133.24128114,2025,5
전북,2025-05,44.52118981,11.86408717,159.47911181,2025,5
제주,2025-05,22.84095545,0.0,127.91955931,2025,5
충남,2025-05,22.95420576,8.42085994,132.08709841,2025,5
충북,2025-05,36.3579154,27.91349284,167.94254823,2025,5
강원,2025-06,47.3643537,11.44005165,147.85136148,2025,6
경기,2025-06,44.0458802,34.23129217,139.21244745,2025,6
경남,2025-06,30.15273934,18.20250623,143.89437969,2025,6
경북,2025-06,22.77691563,12.45882706,135.95740137,2025,6
광주,2025-06,18.79013378,6.35279327,161.23650235,2025,6
대구,2025-06,15.32389234,9.33700759,118.11004411,2025,6
대전,2025-06,30.34405056,10.02260552,118.77459805,2025,6
부산,2025-06,15.72056917,12.75204706,144.57473044,2025,6
서울,2025-06,95.10997256,57.36333615,146.03372414,2025,6
세종,2025-06,45.61403496,0.0,103.5087719,2025,6
울산,2025-06,43.51387868,32.81913554,194.41594694,2025,6
인천,2025-06,32.86397448,22.33631151,147.08315606,2025,6
전남,2025-06,30.07051682,5.64561896,135.90522731,2025,6
전북,2025-06,47.62578217,12.55676897,158.59775194,2025,6
제주,2025-06,44.87159167,7.68865253,124.35795897,2025,6
충남,2025-06,24.01075551,14.08979027,137.20218491,2025,6
충북,2025-06,34.31731224,21.58051543,169.08965624,2025,6
강원,2025-07,30.70619274,14.50902181,142.57545052,2025,7
경기,2025-07,35.40766488,11.02231022,140.996839,2025,7
경남,2025-07,30.74328806,11.74433127,149.52443045,2025,7
경북,2025-07,26.71951904,12.22110672,142.48210276,2025,7
광주,2025-07,9.37322185,7.71737392,160.67382901,2025,7
대구,2025-07,19.72527116,10.28947037,126.17392043,2025,7
대전,2025-07,32.75567145,11.02879918,116.17996966,2025,7
부산,2025-07,17.95680925,9.21604004,147.05991399,2025,7
서울,2025-07,55.2166247,9.43196982,144.95126578,2025,7
세종,2025-07,37.70491799,9.83606546,126.22950829,2025,7
울산,2025-07,41.98570834,26.34274287,191.21506571,2025,7
인천,2025-07,29.86486356,10.40422834,146.98825245,2025,7
전남,2025-07,15.46388391,10.4538801,140.95252753,2025,7
전북,2025-07,45.99797514,8.47474509,161.40153178,2025,7
제주,2025-07,36.03110611,4.04665902,139.883352,2025,7
충남,2025-07,20.13709974,12.38753741,137.18587786,2025,7
충북,2025-07,33.56572596,16.82912018,164.5285899,2025,7
강원,2025-08,34.63266105,8.92961784,149.12610784,2025,8
경기,2025-08,34.46235917,9.06146702,146.02973024,2025,8
경남,2025-08,28.1964423,9.86461186,149.35486316,2025,8
경북,2025-08,35.16293053,16.97022421,148.78186099,2025,8
광주,2025-08,8.13660618,5.28665781,165.26013356,2025,8
대구,2025-08,19.71610863,9.60213886,128.08994276,2025,8
대전,2025-08,28.04264511,7.00613427,130.47422119,2025,8
부산,2025-08,17.19802381,9.3155165,154.71642847,2025,8
서울,2025-08,51.80783962,8.57989457,151.97515746,2025,8
세종,2025-08,34.48275848,5.17241367,141.37931038,2025,8
울산,2025-08,45.13268175,22.01452916,188.49450212,2025,8
인천,2025-08,32.87138987,7.03345683,150.54927586,2025,8
전남,2025-08,22.64995483,6.8464297,151.74565463,2025,8
전북,2025-08,46.28008073,8.52955388,167.53966262,2025,8
제주,2025-08,49.26075209,10.66148216,137.12077475,2025,8
충남,2025-08,19.70944808,8.08375084,141.49663796,2025,8
충북,2025-08,28.44442804,18.49423176,169.32155056,2025,8
강원,2025-09,36.51619608,18.56270913,140.46919871,2025,9
경기,2025-09,35.57501653,15.3465939,150.67623638,2025,9
경남,2025-09,28.40896349,16.31039021,153.75257115,2025,9
경북,2025-09,33.67224475,16.96839074,145.76517929,2025,9
광주,2025-09,9.68516157,8.72808275,174.13398501,2025,9
대구,2025-09,17.16129524,14.18180411,134.84290642,2025,9
대전,2025-09,30.79424761,10.10683496,146.24557625,2025,9
부산,2025-09,17.59132459,13.06130666,160.2892126,2025,9
서울,2025-09,67.03002051,23.8727263,154.20604599,2025,9
세종,2025-09,36.6666667,11.66666659,161.66666672,2025,9
울산,2025-09,48.64474609,33.86903267,190.18431042,2025,9
인천,2025-09,28.33010121,5.88244869,153.78037975,2025,9
전남,2025-09,14.02065332,8.53469242,151.62514904,2025,9
전북,2025-09,52.64706028,15.15525725,163.96757002,2025,9
제주,2025-09,30.78003379,7.68798642,117.92927228,2025,9
충남,2025-09,28.96880059,10.69477382,141.07710864,2025,9
충북,2025-09,31.00976622,21.78265885,159.81751574,2025,9
강원,2025-10,30.87978599,12.33757602,145.97399325,2025,10
경기,2025-10,45.20026578,29.0504759,154.55647223,2025,10
경남,2025-10,30.33541775,20.8902487,159.71739174,2025,10
경북,2025-10,33.98924996,13.11517431,150.46355755,2025,10
광주,2025-10,14.89555517,9.28146423,172.67399899,2025,10
대구,2025-10,19.34567996,15.30530548,141.89878199,2025,10
대전,2025-10,28.74273329,13.54096595,153.02962019,2025,10
부산,2025-10,23.23409031,19.69513033,166.670168,2025,10
서울,2025-10,95.48565843,44.77172211,157.72227108,2025,10
세종,2025-10,46.03174599,26.98412687,169.84127004,2025,10
울산,2025-10,45.17005245,36.44832542,189.80820714,2025,10
인천,2025-10,30.38303629,8.70949879,159.3465992,2025,10
전남,2025-10,21.76616003,27.70520019,171.8743931,2025,10
전북,2025-10,58.81657195,23.18232095,168.91885273,2025,10
제주,2025-10,42.29796953,5.13468698,137.77351938,2025,10
충남,2025-10,23.0856273,7.15343695,143.05752515,2025,10
충북,2025-10,27.97388001,16.47754503,174.40056391,2025,10
강원,2025-11,36.83815935,15.80260486,133.69451725,2025,11
경기,2025-11,43.05338357,19.55629746,157.85369624,2025,11
경남,2025-11,38.84452037,24.7933606,162.82065188,2025,11
경북,2025-11,38.71227889,25.54347646,157.12615469,2025,11
광주,2025-11,16.64200904,10.93552684,174.66087317,2025,11
대구,2025-11,27.27830828,18.73372294,141.81217425,2025,11
대전,2025-11,32.27001455,15.7604939,158.22778348,2025,11
부산,2025-11,25.55694475,24.65687733,168.86714088,2025,11
서울,2025-11,75.2407596,11.83395523,158.45422078,2025,11
세종,2025-11,25.80645167,24.19354822,167.74193555,2025,11
울산,2025-11,48.64369242,43.80174329,190.8915698,2025,11
인천,2025-11,29.9862892,13.89172518,163.65594517,2025,11
전남,2025-11,17.46679891,5.99325409,159.98748831,2025,11
전북,2025-11,59.31296999,26.97845267,168.73213789,2025,11
제주,2025-11,24.83218659,15.03356256,145.10068812,2025,11
충남,2025-11,21.90470701,11.50713172,145.51157815,2025,11
충북,2025-11,27.91899651,18.40885552,168.65364482,2025,11
강원,2025-12,33.30970951,13.89591493,131.60015458,2025,12
경기,2025-12,43.60241248,16.43823151,160.40528782,2025,12
경남,2025-12,35.67102257,21.66670233,162.39280387,2025,12
경북,2025-12,36.82767099,19.97600871,150.37081824,2025,12
광주,2025-12,13.51085302,7.77287982,177.71171271,2025,12
대구,2025-12,23.05767665,17.96022699,143.68194099,2025,12
대전,2025-12,29.25914439,14.58695157,170.17117504,2025,12
부산,2025-12,19.87843369,20.77716114,169.05140164,2025,12
서울,2025-12,76.49498374,13.44784629,159.79995156,2025,12
세종,2025-12,30.0,21.6666666,160.0,2025,12
울산,2025-12,48.84437673,26.19786681,191.59564093,2025,12
인천,2025-12,33.08677713,9.25477429,164.47560478,2025,12
전남,2025-12,19.01667886,13.01865144,167.72260787,2025,12
전북,2025-12,59.370092,13.18266792,163.23767726,2025,12
제주,2025-12,17.29796953,2.87246191,142.29796953,2025,12
충남,2025-12,24.97558767,10.22961781,155.75397366,2025,12
충북,2025-12,25.01226916,15.90110925,163.04150196,2025,12
강원,2026-01,37.9820607,13.65825326,147.36514736,2026,1
경기,2026-01,48.86202265,20.33569669,158.35300525,2026,1
경남,2026-01,36.11656801,17.65959168,166.35685453,2026,1
경북,2026-01,43.50613619,23.86106799,159.88301898,2026,1
광주,2026-01,17.57371894,11.18935367,174.86655707,2026,1
대구,2026-01,25.57831039,20.07266573,140.7513796,2026,1
대전,2026-01,40.51731909,15.46335488,163.94152704,2026,1
부산,2026-01,20.88548795,16.82080267,167.73453019,2026,1
서울,2026-01,89.17018879,22.49778659,163.730756,2026,1
세종,2026-01,47.54098356,31.14754097,152.45901649,2026,1
울산,2026-01,49.44996447,36.6585431,193.68976462,2026,1
인천,2026-01,30.6272933,11.87592991,169.95272241,2026,1
전남,2026-01,40.85117669,18.66880457,171.30479757,2026,1
전북,2026-01,56.63937979,13.7589754,161.49080559,2026,1
제주,2026-01,38.58909958,14.71440009,137.08869924,2026,1
충남,2026-01,26.48678696,10.73875712,153.82065926,2026,1
충북,2026-01,28.97259352,18.53832826,175.6718358,2026,1
강원,2026-02,36.48640971,20.66449636,150.30594652,2026,2
경기,2026-02,49.14185144,26.84456507,167.37663097,2026,2
경남,2026-02,36.64096618,22.4028641,165.56524285,2026,2
경북,2026-02,40.70182824,18.01389985,158.74489297,2026,2
광주,2026-02,16.82581872,15.20397259,173.06397442,2026,2
대구,2026-02,28.13914911,23.06798014,142.41725921,2026,2
대전,2026-02,37.73553744,15.57394656,165.54603732,2026,2
부산,2026-02,24.98626166,20.05142423,168.73953871,2026,2
서울,2026-02,85.31141374,24.92435123,166.83057224,2026,2
세종,2026-02,43.33333322,31.66666657,151.66666677,2026,2
울산,2026-02,40.9463837,29.73350408,190.37004816,2026,2
인천,2026-02,31.96644388,18.41512192,174.95381527,2026,2
전남,2026-02,34.18128162,31.82586179,160.86533001,2026,2
전북,2026-02,66.55487688,18.77436478,166.29232942,2026,2
제주,2026-02,37.08869861,12.16110065,154.35639882,2026,2
충남,2026-02,26.21831695,14.23441143,154.25011741,2026,2
충북,2026-02,35.17607336,18.52877525,183.33608913,2026,2
강원,2026-03,38.26549564,11.85267914,152.51344353,2026,3
경기,2026-03,42.53630201,24.71498679,172.02034222,2026,3
경남,2026-03,39.25031754,23.34257436,169.87437725,2026,3
경북,2026-03,40.57198353,17.43113545,157.08935905,2026,3
광주,2026-03,13.61600581,14.47477958,168.672821,2026,3
대구,2026-03,25.09816479,22.05654022,149.28548985,2026,3
대전,2026-03,34.75438309,15.68443938,170.54965978,2026,3
부산,2026-03,22.56544494,16.96256146,173.11016554,2026,3
서울,2026-03,63.63589721,25.45616552,172.41222535,2026,3
세종,2026-03,19.29824547,21.05263155,140.35087731,2026,3
울산,2026-03,43.27030518,33.78487056,194.8924958,2026,3
인천,2026-03,29.42941915,15.61928579,175.90570131,2026,3
전남,2026-03,36.32857639,23.7650189,165.00151147,2026,3
전북,2026-03,62.9158037,21.95816593,169.53973953,2026,3
제주,2026-03,46.16993086,9.92048276,163.45751736,2026,3
충남,2026-03,29.59014466,16.0806008,161.06913734,2026,3
충북,2026-03,26.43697411,22.79331151,182.92726501,2026,3
강원,2026-04,33.91390505,8.28895565,162.55463293,2026,4
경기,2026-04,44.53527854,22.2663061,175.11476078,2026,4
경남,2026-04,31.52786665,17.34040907,171.07285681,2026,4
경북,2026-04,38.72026734,14.99900681,158.24122732,2026,4
광주,2026-04,15.43175602,6.18075497,166.85981082,2026,4
대구,2026-04,29.21399032,14.16046493,151.14674099,2026,4
대전,2026-04,33.62123242,9.36237933,167.30294718,2026,4
부산,2026-04,22.27097412,11.37000696,172.30551653,2026,4
서울,2026-04,68.21295375,24.21477879,178.1048904,2026,4
세종,2026-04,18.33333317,10.0,151.66666662,2026,4
울산,2026-04,35.04153521,28.21507852,193.65068495,2026,4
인천,2026-04,29.47571775,14.7163976,181.36888003,2026,4
전남,2026-04,34.22772333,18.66522276,162.77249829,2026,4
전북,2026-04,64.02448356,16.94203225,172.59294839,2026,4
제주,2026-04,46.46296571,4.81372411,129.46841405,2026,4
충남,2026-04,22.50276736,11.22282888,172.99030642,2026,4
충북,2026-04,30.18325344,18.72218664,182.13808585,2026,4
강원,2026-05,33.53330294,7.86930994,155.21297582,2026,5
경기,2026-05,50.58135029,24.47388065,178.81684261,2026,5
경남,2026-05,33.83564537,20.95815019,174.98644255,2026,5
경북,2026-05,38.27355367,14.97293229,157.0109271,2026,5
광주,2026-05,14.99932515,6.39345434,164.87545949,2026,5
대구,2026-05,26.79259779,12.02074579,151.07179222,2026,5
대전,2026-05,35.64458741,9.62783911,162.38287665,2026,5
부산,2026-05,23.27452512,14.05918767,171.57117616,2026,5
서울,2026-05,77.90137494,22.25007284,182.67460337,2026,5
세종,2026-05,27.69230762,13.84615381,153.8461538,2026,5
울산,2026-05,40.65430836,21.36979746,193.33693768,2026,5
인천,2026-05,31.81182455,13.4486996,177.61335384,2026,5
전남,2026-05,39.42666186,23.55371405,172.78606457,2026,5
전북,2026-05,67.65860552,17.39594407,165.52972121,2026,5
제주,2026-05,38.58915412,15.76746266,140.08943758,2026,5
충남,2026-05,23.18583624,8.99720318,165.81733461,2026,5
충북,2026-05,42.64080549,27.5891543,185.01926045,2026,5
