연월,시도,지가변동률,연도,월
2012-01,강원,0.161,2012,1
2012-01,경기,0.113,2012,1
2012-01,경남,0.138,2012,1
2012-01,경북,0.121,2012,1
2012-01,광주,0.057,2012,1
2012-01,대구,0.15,2012,1
2012-01,대전,0.125,2012,1
2012-01,부산,0.149,2012,1
2012-01,서울,0.031,2012,1
2012-01,울산,0.099,2012,1
2012-01,인천,0.043,2012,1
2012-01,전국,0.087,2012,1
2012-01,전남,0.11,2012,1
2012-01,전북,0.14,2012,1
2012-01,제주,0.088,2012,1
2012-01,충남,0.086,2012,1
2012-01,충북,0.058,2012,1
2012-02,강원,0.154,2012,2
2012-02,경기,0.108,2012,2
2012-02,경남,0.142,2012,2
2012-02,경북,0.127,2012,2
2012-02,광주,0.067,2012,2
2012-02,대구,0.146,2012,2
2012-02,대전,0.133,2012,2
2012-02,부산,0.149,2012,2
2012-02,서울,0.045,2012,2
2012-02,울산,0.101,2012,2
2012-02,인천,0.041,2012,2
2012-02,전국,0.091,2012,2
2012-02,전남,0.118,2012,2
2012-02,전북,0.133,2012,2
2012-02,제주,0.091,2012,2
2012-02,충남,0.111,2012,2
2012-02,충북,0.077,2012,2
2012-03,강원,0.164,2012,3
2012-03,경기,0.12,2012,3
2012-03,경남,0.15,2012,3
2012-03,경북,0.138,2012,3
2012-03,광주,0.096,2012,3
2012-03,대구,0.149,2012,3
2012-03,대전,0.138,2012,3
2012-03,부산,0.159,2012,3
2012-03,서울,0.098,2012,3
2012-03,울산,0.136,2012,3
2012-03,인천,0.126,2012,3
2012-03,전국,0.12,2012,3
2012-03,전남,0.144,2012,3
2012-03,전북,0.15,2012,3
2012-03,제주,0.094,2012,3
2012-03,충남,0.136,2012,3
2012-03,충북,0.103,2012,3
2012-04,강원,0.153,2012,4
2012-04,경기,0.115,2012,4
2012-04,경남,0.154,2012,4
2012-04,경북,0.134,2012,4
2012-04,광주,0.096,2012,4
2012-04,대구,0.145,2012,4
2012-04,대전,0.118,2012,4
2012-04,부산,0.159,2012,4
2012-04,서울,0.104,2012,4
2012-04,울산,0.125,2012,4
2012-04,인천,0.05,2012,4
2012-04,전국,0.116,2012,4
2012-04,전남,0.158,2012,4
2012-04,전북,0.127,2012,4
2012-04,제주,0.094,2012,4
2012-04,충남,0.144,2012,4
2012-04,충북,0.106,2012,4
2012-05,강원,0.159,2012,5
2012-05,경기,0.112,2012,5
2012-05,경남,0.155,2012,5
2012-05,경북,0.129,2012,5
2012-05,광주,0.111,2012,5
2012-05,대구,0.138,2012,5
2012-05,대전,0.114,2012,5
2012-05,부산,0.158,2012,5
2012-05,서울,0.094,2012,5
2012-05,울산,0.143,2012,5
2012-05,인천,0.06,2012,5
2012-05,전국,0.112,2012,5
2012-05,전남,0.163,2012,5
2012-05,전북,0.124,2012,5
2012-05,제주,0.104,2012,5
2012-05,충남,0.133,2012,5
2012-05,충북,0.106,2012,5
2012-06,강원,0.156,2012,6
2012-06,경기,0.111,2012,6
2012-06,경남,0.144,2012,6
2012-06,경북,0.111,2012,6
2012-06,광주,0.101,2012,6
2012-06,대구,0.125,2012,6
2012-06,대전,0.112,2012,6
2012-06,부산,0.146,2012,6
2012-06,서울,0.058,2012,6
2012-06,울산,0.132,2012,6
2012-06,인천,0.045,2012,6
2012-06,전국,0.097,2012,6
2012-06,전남,0.138,2012,6
2012-06,전북,0.126,2012,6
2012-06,제주,0.094,2012,6
2012-06,충남,0.123,2012,6
2012-06,충북,0.113,2012,6
2012-07,강원,0.147,2012,7
2012-07,경기,0.095,2012,7
2012-07,경남,0.15,2012,7
2012-07,경북,0.114,2012,7
2012-07,광주,0.11,2012,7
2012-07,대구,0.119,2012,7
2012-07,대전,0.091,2012,7
2012-07,부산,0.141,2012,7
2012-07,서울,-0.032,2012,7
2012-07,세종,0.68,2012,7
2012-07,울산,0.134,2012,7
2012-07,인천,0.018,2012,7
2012-07,전국,0.065,2012,7
2012-07,전남,0.119,2012,7
2012-07,전북,0.12,2012,7
2012-07,제주,0.096,2012,7
2012-07,충남,-0.109,2012,7
2012-07,충북,0.106,2012,7
2012-08,강원,0.124,2012,8
2012-08,경기,0.049,2012,8
2012-08,경남,0.125,2012,8
2012-08,경북,0.095,2012,8
2012-08,광주,0.098,2012,8
2012-08,대구,0.112,2012,8
2012-08,대전,0.079,2012,8
2012-08,부산,0.14,2012,8
2012-08,서울,-0.057,2012,8
2012-08,세종,0.637,2012,8
2012-08,울산,0.113,2012,8
2012-08,인천,-0.03,2012,8
2012-08,전국,0.032,2012,8
2012-08,전남,0.076,2012,8
2012-08,전북,0.097,2012,8
2012-08,제주,0.097,2012,8
2012-08,충남,0.049,2012,8
2012-08,충북,0.079,2012,8
2012-09,강원,0.125,2012,9
2012-09,경기,0.026,2012,9
2012-09,경남,0.114,2012,9
2012-09,경북,0.089,2012,9
2012-09,광주,0.097,2012,9
2012-09,대구,0.105,2012,9
2012-09,대전,0.063,2012,9
2012-09,부산,0.124,2012,9
2012-09,서울,-0.055,2012,9
2012-09,세종,0.514,2012,9
2012-09,울산,0.132,2012,9
2012-09,인천,-0.018,2012,9
2012-09,전국,0.024,2012,9
2012-09,전남,0.073,2012,9
2012-09,전북,0.086,2012,9
2012-09,제주,0.096,2012,9
2012-09,충남,0.032,2012,9
2012-09,충북,0.072,2012,9
2012-10,강원,0.141,2012,10
2012-10,경기,0.059,2012,10
2012-10,경남,0.122,2012,10
2012-10,경북,0.105,2012,10
2012-10,광주,0.11,2012,10
2012-10,대구,0.124,2012,10
2012-10,대전,0.09,2012,10
2012-10,부산,0.12,2012,10
2012-10,서울,0.011,2012,10
2012-10,세종,0.342,2012,10
2012-10,울산,0.164,2012,10
2012-10,인천,0.028,2012,10
2012-10,전국,0.059,2012,10
2012-10,전남,0.077,2012,10
2012-10,전북,0.095,2012,10
2012-10,제주,0.121,2012,10
2012-10,충남,0.043,2012,10
2012-10,충북,0.085,2012,10
2012-11,강원,0.145,2012,11
2012-11,경기,0.058,2012,11
2012-11,경남,0.13,2012,11
2012-11,경북,0.108,2012,11
2012-11,광주,0.093,2012,11
2012-11,대구,0.124,2012,11
2012-11,대전,0.079,2012,11
2012-11,부산,0.137,2012,11
2012-11,서울,0.031,2012,11
2012-11,세종,0.487,2012,11
2012-11,울산,0.172,2012,11
2012-11,인천,-0.002,2012,11
2012-11,전국,0.067,2012,11
2012-11,전남,0.079,2012,11
2012-11,전북,0.107,2012,11
2012-11,제주,0.124,2012,11
2012-11,충남,0.064,2012,11
2012-11,충북,0.085,2012,11
2012-12,강원,0.147,2012,12
2012-12,경기,0.067,2012,12
2012-12,경남,0.133,2012,12
2012-12,경북,0.117,2012,12
2012-12,광주,0.109,2012,12
2012-12,대구,0.135,2012,12
2012-12,대전,0.104,2012,12
2012-12,부산,0.136,2012,12
2012-12,서울,0.05,2012,12
2012-12,세종,0.485,2012,12
2012-12,울산,0.183,2012,12
2012-12,인천,0.102,2012,12
2012-12,전국,0.082,2012,12
2012-12,전남,0.08,2012,12
2012-12,전북,0.118,2012,12
2012-12,제주,0.144,2012,12
2012-12,충남,0.064,2012,12
2012-12,충북,0.092,2012,12
2013-01,강원,0.119,2013,1
2013-01,경기,0.037,2013,1
2013-01,경남,0.122,2013,1
2013-01,경북,0.094,2013,1
2013-01,광주,0.05,2013,1
2013-01,대구,0.103,2013,1
2013-01,대전,0.068,2013,1
2013-01,부산,0.136,2013,1
2013-01,서울,-0.058,2013,1
2013-01,세종,0.658,2013,1
2013-01,울산,0.158,2013,1
2013-01,인천,0.005,2013,1
2013-01,전국,0.031,2013,1
2013-01,전남,0.071,2013,1
2013-01,전북,0.097,2013,1
2013-01,제주,0.112,2013,1
2013-01,충남,0.067,2013,1
2013-01,충북,0.074,2013,1
2013-02,강원,0.111,2013,2
2013-02,경기,0.029,2013,2
2013-02,경남,0.117,2013,2
2013-02,경북,0.096,2013,2
2013-02,광주,0.091,2013,2
2013-02,대구,0.104,2013,2
2013-02,대전,0.074,2013,2
2013-02,부산,0.132,2013,2
2013-02,서울,0.055,2013,2
2013-02,세종,0.627,2013,2
2013-02,울산,0.157,2013,2
2013-02,인천,0.084,2013,2
2013-02,전국,0.066,2013,2
2013-02,전남,0.071,2013,2
2013-02,전북,0.087,2013,2
2013-02,제주,0.114,2013,2
2013-02,충남,0.066,2013,2
2013-02,충북,0.07,2013,2
2013-03,강원,0.122,2013,3
2013-03,경기,0.101,2013,3
2013-03,경남,0.132,2013,3
2013-03,경북,0.117,2013,3
2013-03,광주,0.093,2013,3
2013-03,대구,0.125,2013,3
2013-03,대전,0.103,2013,3
2013-03,부산,0.129,2013,3
2013-03,서울,0.105,2013,3
2013-03,세종,0.509,2013,3
2013-03,울산,0.157,2013,3
2013-03,인천,0.117,2013,3
2013-03,전국,0.109,2013,3
2013-03,전남,0.103,2013,3
2013-03,전북,0.11,2013,3
2013-03,제주,0.129,2013,3
2013-03,충남,0.061,2013,3
2013-03,충북,0.098,2013,3
2013-04,강원,0.144,2013,4
2013-04,경기,0.106,2013,4
2013-04,경남,0.159,2013,4
2013-04,경북,0.136,2013,4
2013-04,광주,0.064,2013,4
2013-04,대구,0.141,2013,4
2013-04,대전,0.125,2013,4
2013-04,부산,0.163,2013,4
2013-04,서울,0.157,2013,4
2013-04,세종,0.624,2013,4
2013-04,울산,0.163,2013,4
2013-04,인천,0.138,2013,4
2013-04,전국,0.132,2013,4
2013-04,전남,0.097,2013,4
2013-04,전북,0.096,2013,4
2013-04,제주,0.141,2013,4
2013-04,충남,0.08,2013,4
2013-04,충북,0.106,2013,4
2013-05,강원,0.121,2013,5
2013-05,경기,0.133,2013,5
2013-05,경남,0.144,2013,5
2013-05,경북,0.122,2013,5
2013-05,광주,0.047,2013,5
2013-05,대구,0.15,2013,5
2013-05,대전,0.02,2013,5
2013-05,부산,0.142,2013,5
2013-05,서울,0.152,2013,5
2013-05,세종,0.502,2013,5
2013-05,울산,0.129,2013,5
2013-05,인천,0.12,2013,5
2013-05,전국,0.13,2013,5
2013-05,전남,0.076,2013,5
2013-05,전북,0.051,2013,5
2013-05,제주,0.157,2013,5
2013-05,충남,0.063,2013,5
2013-05,충북,0.099,2013,5
2013-06,강원,0.126,2013,6
2013-06,경기,0.089,2013,6
2013-06,경남,0.166,2013,6
2013-06,경북,0.139,2013,6
2013-06,광주,0.076,2013,6
2013-06,대구,0.176,2013,6
2013-06,대전,0.144,2013,6
2013-06,부산,0.202,2013,6
2013-06,서울,0.097,2013,6
2013-06,세종,0.229,2013,6
2013-06,울산,0.166,2013,6
2013-06,인천,0.112,2013,6
2013-06,전국,0.105,2013,6
2013-06,전남,0.03,2013,6
2013-06,전북,0.051,2013,6
2013-06,제주,-0.008,2013,6
2013-06,충남,0.083,2013,6
2013-06,충북,0.087,2013,6
2013-07,강원,0.082,2013,7
2013-07,경기,0.05,2013,7
2013-07,경남,0.093,2013,7
2013-07,경북,0.089,2013,7
2013-07,광주,-0.055,2013,7
2013-07,대구,0.044,2013,7
2013-07,대전,-0.027,2013,7
2013-07,부산,0.062,2013,7
2013-07,서울,-0.039,2013,7
2013-07,세종,0.388,2013,7
2013-07,울산,-0.023,2013,7
2013-07,인천,-0.013,2013,7
2013-07,전국,0.019,2013,7
2013-07,전남,0.042,2013,7
2013-07,전북,0.024,2013,7
2013-07,제주,-0.059,2013,7
2013-07,충남,0.041,2013,7
2013-07,충북,0.058,2013,7
2013-08,강원,0.078,2013,8
2013-08,경기,-0.019,2013,8
2013-08,경남,0.013,2013,8
2013-08,경북,0.094,2013,8
2013-08,광주,0.012,2013,8
2013-08,대구,0.092,2013,8
2013-08,대전,0.023,2013,8
2013-08,부산,0.006,2013,8
2013-08,서울,-0.026,2013,8
2013-08,세종,0.205,2013,8
2013-08,울산,-0.004,2013,8
2013-08,인천,0.023,2013,8
2013-08,전국,0.001,2013,8
2013-08,전남,0.015,2013,8
2013-08,전북,-0.013,2013,8
2013-08,제주,0.024,2013,8
2013-08,충남,0.015,2013,8
2013-08,충북,0.044,2013,8
2013-09,강원,0.034,2013,9
2013-09,경기,0.037,2013,9
2013-09,경남,0.06,2013,9
2013-09,경북,0.095,2013,9
2013-09,광주,-0.001,2013,9
2013-09,대구,0.131,2013,9
2013-09,대전,0.069,2013,9
2013-09,부산,0.08,2013,9
2013-09,서울,0.145,2013,9
2013-09,세종,0.388,2013,9
2013-09,울산,0.02,2013,9
2013-09,인천,0.056,2013,9
2013-09,전국,0.076,2013,9
2013-09,전남,0.011,2013,9
2013-09,전북,0.041,2013,9
2013-09,제주,0.002,2013,9
2013-09,충남,0.011,2013,9
2013-09,충북,0.019,2013,9
2013-10,강원,0.113,2013,10
2013-10,경기,0.104,2013,10
2013-10,경남,0.171,2013,10
2013-10,경북,0.19,2013,10
2013-10,광주,0.075,2013,10
2013-10,대구,0.212,2013,10
2013-10,대전,0.095,2013,10
2013-10,부산,0.158,2013,10
2013-10,서울,0.21,2013,10
2013-10,세종,0.441,2013,10
2013-10,울산,0.152,2013,10
2013-10,인천,0.089,2013,10
2013-10,전국,0.152,2013,10
2013-10,전남,0.14,2013,10
2013-10,전북,0.144,2013,10
2013-10,제주,0.233,2013,10
2013-10,충남,0.121,2013,10
2013-10,충북,0.094,2013,10
2013-11,강원,0.119,2013,11
2013-11,경기,0.118,2013,11
2013-11,경남,0.159,2013,11
2013-11,경북,0.145,2013,11
2013-11,광주,0.135,2013,11
2013-11,대구,0.188,2013,11
2013-11,대전,0.125,2013,11
2013-11,부산,0.183,2013,11
2013-11,서울,0.213,2013,11
2013-11,세종,0.313,2013,11
2013-11,울산,0.16,2013,11
2013-11,인천,0.103,2013,11
2013-11,전국,0.156,2013,11
2013-11,전남,0.159,2013,11
2013-11,전북,0.162,2013,11
2013-11,제주,0.243,2013,11
2013-11,충남,0.046,2013,11
2013-11,충북,0.159,2013,11
2013-12,강원,0.115,2013,12
2013-12,경기,0.124,2013,12
2013-12,경남,0.145,2013,12
2013-12,경북,0.164,2013,12
2013-12,광주,0.157,2013,12
2013-12,대구,0.199,2013,12
2013-12,대전,0.188,2013,12
2013-12,부산,0.164,2013,12
2013-12,서울,0.189,2013,12
2013-12,세종,0.481,2013,12
2013-12,울산,0.125,2013,12
2013-12,인천,0.033,2013,12
2013-12,전국,0.151,2013,12
2013-12,전남,0.144,2013,12
2013-12,전북,0.187,2013,12
2013-12,제주,0.329,2013,12
2013-12,충남,0.122,2013,12
2013-12,충북,0.106,2013,12
2014-01,강원,0.083,2014,1
2014-01,경기,0.042,2014,1
2014-01,경남,0.096,2014,1
2014-01,경북,0.104,2014,1
2014-01,광주,0.052,2014,1
2014-01,대구,0.165,2014,1
2014-01,대전,0.022,2014,1
2014-01,부산,0.099,2014,1
2014-01,서울,0.19,2014,1
2014-01,세종,0.415,2014,1
2014-01,울산,0.098,2014,1
2014-01,인천,0.054,2014,1
2014-01,전국,0.107,2014,1
2014-01,전남,0.109,2014,1
2014-01,전북,0.095,2014,1
2014-01,제주,0.226,2014,1
2014-01,충남,0.071,2014,1
2014-01,충북,0.012,2014,1
2014-02,강원,0.078,2014,2
2014-02,경기,0.083,2014,2
2014-02,경남,0.139,2014,2
2014-02,경북,0.175,2014,2
2014-02,광주,0.084,2014,2
2014-02,대구,0.206,2014,2
2014-02,대전,0.144,2014,2
2014-02,부산,0.146,2014,2
2014-02,서울,0.206,2014,2
2014-02,세종,0.38,2014,2
2014-02,울산,0.106,2014,2
2014-02,인천,0.1,2014,2
2014-02,전국,0.142,2014,2
2014-02,전남,0.201,2014,2
2014-02,전북,0.128,2014,2
2014-02,제주,0.387,2014,2
2014-02,충남,0.075,2014,2
2014-02,충북,0.086,2014,2
2014-03,강원,0.157,2014,3
2014-03,경기,0.135,2014,3
2014-03,경남,0.14,2014,3
2014-03,경북,0.203,2014,3
2014-03,광주,0.095,2014,3
2014-03,대구,0.249,2014,3
2014-03,대전,0.084,2014,3
2014-03,부산,0.149,2014,3
2014-03,서울,0.291,2014,3
2014-03,세종,0.505,2014,3
2014-03,울산,0.198,2014,3
2014-03,인천,0.219,2014,3
2014-03,전국,0.199,2014,3
2014-03,전남,0.214,2014,3
2014-03,전북,0.162,2014,3
2014-03,제주,0.318,2014,3
2014-03,충남,0.08,2014,3
2014-03,충북,0.203,2014,3
2014-04,강원,0.167,2014,4
2014-04,경기,0.14,2014,4
2014-04,경남,0.176,2014,4
2014-04,경북,0.214,2014,4
2014-04,광주,0.04,2014,4
2014-04,대구,0.263,2014,4
2014-04,대전,0.102,2014,4
2014-04,부산,0.188,2014,4
2014-04,서울,0.23,2014,4
2014-04,세종,0.613,2014,4
2014-04,울산,0.179,2014,4
2014-04,인천,0.091,2014,4
2014-04,전국,0.18,2014,4
2014-04,전남,0.171,2014,4
2014-04,전북,0.159,2014,4
2014-04,제주,0.357,2014,4
2014-04,충남,0.119,2014,4
2014-04,충북,0.213,2014,4
2014-05,강원,0.111,2014,5
2014-05,경기,0.134,2014,5
2014-05,경남,0.145,2014,5
2014-05,경북,0.174,2014,5
2014-05,광주,0.161,2014,5
2014-05,대구,0.253,2014,5
2014-05,대전,0.034,2014,5
2014-05,부산,0.178,2014,5
2014-05,서울,0.182,2014,5
2014-05,세종,0.491,2014,5
2014-05,울산,0.184,2014,5
2014-05,인천,0.071,2014,5
2014-05,전국,0.152,2014,5
2014-05,전남,0.091,2014,5
2014-05,전북,0.087,2014,5
2014-05,제주,0.246,2014,5
2014-05,충남,0.134,2014,5
2014-05,충북,0.118,2014,5
2014-06,강원,0.144,2014,6
2014-06,경기,0.092,2014,6
2014-06,경남,0.194,2014,6
2014-06,경북,0.22,2014,6
2014-06,광주,0.17,2014,6
2014-06,대구,0.274,2014,6
2014-06,대전,0.106,2014,6
2014-06,부산,0.202,2014,6
2014-06,서울,0.181,2014,6
2014-06,세종,0.383,2014,6
2014-06,울산,0.124,2014,6
2014-06,인천,0.089,2014,6
2014-06,전국,0.148,2014,6
2014-06,전남,0.128,2014,6
2014-06,전북,0.146,2014,6
2014-06,제주,0.213,2014,6
2014-06,충남,0.144,2014,6
2014-06,충북,0.125,2014,6
2014-07,강원,0.159,2014,7
2014-07,경기,0.109,2014,7
2014-07,경남,0.2,2014,7
2014-07,경북,0.221,2014,7
2014-07,광주,0.125,2014,7
2014-07,대구,0.271,2014,7
2014-07,대전,0.231,2014,7
2014-07,부산,0.216,2014,7
2014-07,서울,0.207,2014,7
2014-07,세종,0.535,2014,7
2014-07,울산,0.218,2014,7
2014-07,인천,0.073,2014,7
2014-07,전국,0.168,2014,7
2014-07,전남,0.149,2014,7
2014-07,전북,0.162,2014,7
2014-07,제주,0.271,2014,7
2014-07,충남,0.116,2014,7
2014-07,충북,0.203,2014,7
2014-08,강원,0.161,2014,8
2014-08,경기,0.077,2014,8
2014-08,경남,0.109,2014,8
2014-08,경북,0.18,2014,8
2014-08,광주,0.108,2014,8
2014-08,대구,0.246,2014,8
2014-08,대전,0.254,2014,8
2014-08,부산,0.181,2014,8
2014-08,서울,0.186,2014,8
2014-08,세종,0.478,2014,8
2014-08,울산,0.114,2014,8
2014-08,인천,0.117,2014,8
2014-08,전국,0.138,2014,8
2014-08,전남,0.084,2014,8
2014-08,전북,0.083,2014,8
2014-08,제주,0.293,2014,8
2014-08,충남,0.07,2014,8
2014-08,충북,0.134,2014,8
2014-09,강원,0.146,2014,9
2014-09,경기,0.085,2014,9
2014-09,경남,0.177,2014,9
2014-09,경북,0.205,2014,9
2014-09,광주,0.07,2014,9
2014-09,대구,0.27,2014,9
2014-09,대전,0.28,2014,9
2014-09,부산,0.193,2014,9
2014-09,서울,0.294,2014,9
2014-09,세종,0.195,2014,9
2014-09,울산,0.166,2014,9
2014-09,인천,0.134,2014,9
2014-09,전국,0.186,2014,9
2014-09,전남,0.142,2014,9
2014-09,전북,0.096,2014,9
2014-09,제주,0.32,2014,9
2014-09,충남,0.15,2014,9
2014-09,충북,0.145,2014,9
2014-10,강원,0.178,2014,10
2014-10,경기,0.124,2014,10
2014-10,경남,0.244,2014,10
2014-10,경북,0.245,2014,10
2014-10,광주,0.103,2014,10
2014-10,대구,0.319,2014,10
2014-10,대전,0.206,2014,10
2014-10,부산,0.241,2014,10
2014-10,서울,0.29,2014,10
2014-10,세종,0.102,2014,10
2014-10,울산,0.143,2014,10
2014-10,인천,0.153,2014,10
2014-10,전국,0.202,2014,10
2014-10,전남,0.142,2014,10
2014-10,전북,0.17,2014,10
2014-10,제주,0.33,2014,10
2014-10,충남,0.132,2014,10
2014-10,충북,0.104,2014,10
2014-11,강원,0.165,2014,11
2014-11,경기,0.1,2014,11
2014-11,경남,0.146,2014,11
2014-11,경북,0.208,2014,11
2014-11,광주,0.098,2014,11
2014-11,대구,0.301,2014,11
2014-11,대전,0.174,2014,11
2014-11,부산,0.223,2014,11
2014-11,서울,0.198,2014,11
2014-11,세종,0.084,2014,11
2014-11,울산,0.155,2014,11
2014-11,인천,0.081,2014,11
2014-11,전국,0.159,2014,11
2014-11,전남,0.169,2014,11
2014-11,전북,0.141,2014,11
2014-11,제주,0.339,2014,11
2014-11,충남,0.156,2014,11
2014-11,충북,0.166,2014,11
2014-12,강원,0.204,2014,12
2014-12,경기,0.109,2014,12
2014-12,경남,0.189,2014,12
2014-12,경북,0.243,2014,12
2014-12,광주,0.199,2014,12
2014-12,대구,0.287,2014,12
2014-12,대전,0.192,2014,12
2014-12,부산,0.239,2014,12
2014-12,서울,0.176,2014,12
2014-12,세종,0.257,2014,12
2014-12,울산,0.149,2014,12
2014-12,인천,0.16,2014,12
2014-12,전국,0.166,2014,12
2014-12,전남,0.187,2014,12
2014-12,전북,0.143,2014,12
2014-12,제주,0.366,2014,12
2014-12,충남,0.129,2014,12
2014-12,충북,0.174,2014,12
2015-01,강원,0.139,2015,1
2015-01,경기,0.108,2015,1
2015-01,경남,0.144,2015,1
2015-01,경북,0.169,2015,1
2015-01,광주,0.196,2015,1
2015-01,대구,0.274,2015,1
2015-01,대전,0.181,2015,1
2015-01,부산,0.192,2015,1
2015-01,서울,0.173,2015,1
2015-01,세종,0.055,2015,1
2015-01,울산,0.096,2015,1
2015-01,인천,0.115,2015,1
2015-01,전국,0.143,2015,1
2015-01,전남,0.142,2015,1
2015-01,전북,0.134,2015,1
2015-01,제주,0.292,2015,1
2015-01,충남,0.048,2015,1
2015-01,충북,0.098,2015,1
2015-02,강원,0.14,2015,2
2015-02,경기,0.112,2015,2
2015-02,경남,0.134,2015,2
2015-02,경북,0.154,2015,2
2015-02,광주,0.163,2015,2
2015-02,대구,0.263,2015,2
2015-02,대전,0.123,2015,2
2015-02,부산,0.189,2015,2
2015-02,서울,0.183,2015,2
2015-02,세종,0.076,2015,2
2015-02,울산,0.075,2015,2
2015-02,인천,0.124,2015,2
2015-02,전국,0.149,2015,2
2015-02,전남,0.171,2015,2
2015-02,전북,0.144,2015,2
2015-02,제주,0.365,2015,2
2015-02,충남,0.074,2015,2
2015-02,충북,0.145,2015,2
2015-03,강원,0.223,2015,3
2015-03,경기,0.133,2015,3
2015-03,경남,0.191,2015,3
2015-03,경북,0.204,2015,3
2015-03,광주,0.226,2015,3
2015-03,대구,0.331,2015,3
2015-03,대전,0.184,2015,3
2015-03,부산,0.244,2015,3
2015-03,서울,0.213,2015,3
2015-03,세종,0.219,2015,3
2015-03,울산,0.22,2015,3
2015-03,인천,0.132,2015,3
2015-03,전국,0.186,2015,3
2015-03,전남,0.213,2015,3
2015-03,전북,0.193,2015,3
2015-03,제주,0.21,2015,3
2015-03,충남,0.145,2015,3
2015-03,충북,0.23,2015,3
2015-04,강원,0.253,2015,4
2015-04,경기,0.148,2015,4
2015-04,경남,0.199,2015,4
2015-04,경북,0.219,2015,4
2015-04,광주,0.185,2015,4
2015-04,대구,0.304,2015,4
2015-04,대전,0.178,2015,4
2015-04,부산,0.265,2015,4
2015-04,서울,0.228,2015,4
2015-04,세종,0.308,2015,4
2015-04,울산,0.217,2015,4
2015-04,인천,0.199,2015,4
2015-04,전국,0.197,2015,4
2015-04,전남,0.204,2015,4
2015-04,전북,0.164,2015,4
2015-04,제주,0.298,2015,4
2015-04,충남,0.101,2015,4
2015-04,충북,0.172,2015,4
2015-05,강원,0.182,2015,5
2015-05,경기,0.11,2015,5
2015-05,경남,0.167,2015,5
2015-05,경북,0.193,2015,5
2015-05,광주,0.264,2015,5
2015-05,대구,0.317,2015,5
2015-05,대전,0.19,2015,5
2015-05,부산,0.267,2015,5
2015-05,서울,0.229,2015,5
2015-05,세종,0.393,2015,5
2015-05,울산,0.205,2015,5
2015-05,인천,0.138,2015,5
2015-05,전국,0.178,2015,5
2015-05,전남,0.199,2015,5
2015-05,전북,0.145,2015,5
2015-05,제주,0.205,2015,5
2015-05,충남,0.088,2015,5
2015-05,충북,0.143,2015,5
2015-06,강원,0.239,2015,6
2015-06,경기,0.155,2015,6
2015-06,경남,0.187,2015,6
2015-06,경북,0.221,2015,6
2015-06,광주,0.288,2015,6
2015-06,대구,0.301,2015,6
2015-06,대전,0.333,2015,6
2015-06,부산,0.295,2015,6
2015-06,서울,0.229,2015,6
2015-06,세종,0.436,2015,6
2015-06,울산,0.293,2015,6
2015-06,인천,0.19,2015,6
2015-06,전국,0.212,2015,6
2015-06,전남,0.263,2015,6
2015-06,전북,0.222,2015,6
2015-06,제주,0.313,2015,6
2015-06,충남,0.172,2015,6
2015-06,충북,0.17,2015,6
2015-07,강원,0.255,2015,7
2015-07,경기,0.165,2015,7
2015-07,경남,0.187,2015,7
2015-07,경북,0.239,2015,7
2015-07,광주,0.255,2015,7
2015-07,대구,0.36,2015,7
2015-07,대전,0.259,2015,7
2015-07,부산,0.275,2015,7
2015-07,서울,0.242,2015,7
2015-07,세종,0.468,2015,7
2015-07,울산,0.23,2015,7
2015-07,인천,0.172,2015,7
2015-07,전국,0.215,2015,7
2015-07,전남,0.287,2015,7
2015-07,전북,0.191,2015,7
2015-07,제주,0.392,2015,7
2015-07,충남,0.144,2015,7
2015-07,충북,0.172,2015,7
2015-08,강원,0.204,2015,8
2015-08,경기,0.134,2015,8
2015-08,경남,0.173,2015,8
2015-08,경북,0.208,2015,8
2015-08,광주,0.194,2015,8
2015-08,대구,0.352,2015,8
2015-08,대전,0.24,2015,8
2015-08,부산,0.238,2015,8
2015-08,서울,0.223,2015,8
2015-08,세종,0.343,2015,8
2015-08,울산,0.162,2015,8
2015-08,인천,0.19,2015,8
2015-08,전국,0.19,2015,8
2015-08,전남,0.249,2015,8
2015-08,전북,0.177,2015,8
2015-08,제주,0.352,2015,8
2015-08,충남,0.103,2015,8
2015-08,충북,0.142,2015,8
2015-09,강원,0.228,2015,9
2015-09,경기,0.135,2015,9
2015-09,경남,0.179,2015,9
2015-09,경북,0.21,2015,9
2015-09,광주,0.216,2015,9
2015-09,대구,0.354,2015,9
2015-09,대전,0.262,2015,9
2015-09,부산,0.224,2015,9
2015-09,서울,0.22,2015,9
2015-09,세종,0.403,2015,9
2015-09,울산,0.214,2015,9
2015-09,인천,0.174,2015,9
2015-09,전국,0.191,2015,9
2015-09,전남,0.244,2015,9
2015-09,전북,0.194,2015,9
2015-09,제주,0.354,2015,9
2015-09,충남,0.098,2015,9
2015-09,충북,0.148,2015,9
2015-10,강원,0.25,2015,10
2015-10,경기,0.18,2015,10
2015-10,경남,0.22,2015,10
2015-10,경북,0.216,2015,10
2015-10,광주,0.231,2015,10
2015-10,대구,0.371,2015,10
2015-10,대전,0.365,2015,10
2015-10,부산,0.259,2015,10
2015-10,서울,0.241,2015,10
2015-10,세종,0.39,2015,10
2015-10,울산,0.147,2015,10
2015-10,인천,0.182,2015,10
2015-10,전국,0.223,2015,10
2015-10,전남,0.252,2015,10
2015-10,전북,0.235,2015,10
2015-10,제주,0.501,2015,10
2015-10,충남,0.165,2015,10
2015-10,충북,0.156,2015,10
2015-11,강원,0.248,2015,11
2015-11,경기,0.167,2015,11
2015-11,경남,0.207,2015,11
2015-11,경북,0.282,2015,11
2015-11,광주,0.328,2015,11
2015-11,대구,0.373,2015,11
2015-11,대전,0.365,2015,11
2015-11,부산,0.263,2015,11
2015-11,서울,0.236,2015,11
2015-11,세종,0.803,2015,11
2015-11,울산,0.311,2015,11
2015-11,인천,0.174,2015,11
2015-11,전국,0.242,2015,11
2015-11,전남,0.256,2015,11
2015-11,전북,0.222,2015,11
2015-11,제주,1.972,2015,11
2015-11,충남,0.18,2015,11
2015-11,충북,0.148,2015,11
2015-12,강원,0.25,2015,12
2015-12,경기,0.174,2015,12
2015-12,경남,0.223,2015,12
2015-12,경북,0.304,2015,12
2015-12,광주,0.287,2015,12
2015-12,대구,0.385,2015,12
2015-12,대전,0.39,2015,12
2015-12,부산,0.34,2015,12
2015-12,서울,0.239,2015,12
2015-12,세종,0.587,2015,12
2015-12,울산,0.321,2015,12
2015-12,인천,0.144,2015,12
2015-12,전국,0.251,2015,12
2015-12,전남,0.287,2015,12
2015-12,전북,0.263,2015,12
2015-12,제주,2.089,2015,12
2015-12,충남,0.185,2015,12
2015-12,충북,0.161,2015,12
2016-01,강원,0.201,2016,1
2016-01,경기,0.088,2016,1
2016-01,경남,0.196,2016,1
2016-01,경북,0.217,2016,1
2016-01,광주,0.243,2016,1
2016-01,대구,0.323,2016,1
2016-01,대전,0.229,2016,1
2016-01,부산,0.256,2016,1
2016-01,서울,0.187,2016,1
2016-01,세종,0.327,2016,1
2016-01,울산,0.211,2016,1
2016-01,인천,0.095,2016,1
2016-01,전국,0.173,2016,1
2016-01,전남,0.153,2016,1
2016-01,전북,0.185,2016,1
2016-01,제주,1.473,2016,1
2016-01,충남,0.083,2016,1
2016-01,충북,0.114,2016,1
2016-02,강원,0.175,2016,2
2016-02,경기,0.109,2016,2
2016-02,경남,0.178,2016,2
2016-02,경북,0.194,2016,2
2016-02,광주,0.169,2016,2
2016-02,대구,0.324,2016,2
2016-02,대전,0.219,2016,2
2016-02,부산,0.262,2016,2
2016-02,서울,0.176,2016,2
2016-02,세종,0.258,2016,2
2016-02,울산,0.15,2016,2
2016-02,인천,0.121,2016,2
2016-02,전국,0.17,2016,2
2016-02,전남,0.189,2016,2
2016-02,전북,0.163,2016,2
2016-02,제주,1.08,2016,2
2016-02,충남,0.135,2016,2
2016-02,충북,0.105,2016,2
2016-03,강원,0.246,2016,3
2016-03,경기,0.171,2016,3
2016-03,경남,0.201,2016,3
2016-03,경북,0.235,2016,3
2016-03,광주,0.215,2016,3
2016-03,대구,0.355,2016,3
2016-03,대전,0.317,2016,3
2016-03,부산,0.339,2016,3
2016-03,서울,0.208,2016,3
2016-03,세종,0.304,2016,3
2016-03,울산,0.263,2016,3
2016-03,인천,0.127,2016,3
2016-03,전국,0.216,2016,3
2016-03,전남,0.209,2016,3
2016-03,전북,0.187,2016,3
2016-03,제주,1.04,2016,3
2016-03,충남,0.184,2016,3
2016-03,충북,0.174,2016,3
2016-04,강원,0.236,2016,4
2016-04,경기,0.17,2016,4
2016-04,경남,0.179,2016,4
2016-04,경북,0.211,2016,4
2016-04,광주,0.22,2016,4
2016-04,대구,0.342,2016,4
2016-04,대전,0.277,2016,4
2016-04,부산,0.313,2016,4
2016-04,서울,0.225,2016,4
2016-04,세종,0.341,2016,4
2016-04,울산,0.149,2016,4
2016-04,인천,0.19,2016,4
2016-04,전국,0.214,2016,4
2016-04,전남,0.202,2016,4
2016-04,전북,0.17,2016,4
2016-04,제주,0.939,2016,4
2016-04,충남,0.146,2016,4
2016-04,충북,0.134,2016,4
2016-05,강원,0.238,2016,5
2016-05,경기,0.183,2016,5
2016-05,경남,0.173,2016,5
2016-05,경북,0.223,2016,5
2016-05,광주,0.15,2016,5
2016-05,대구,0.318,2016,5
2016-05,대전,0.294,2016,5
2016-05,부산,0.351,2016,5
2016-05,서울,0.257,2016,5
2016-05,세종,0.37,2016,5
2016-05,울산,0.232,2016,5
2016-05,인천,0.123,2016,5
2016-05,전국,0.221,2016,5
2016-05,전남,0.18,2016,5
2016-05,전북,0.15,2016,5
2016-05,제주,0.572,2016,5
2016-05,충남,0.151,2016,5
2016-05,충북,0.136,2016,5
2016-06,강원,0.241,2016,6
2016-06,경기,0.222,2016,6
2016-06,경남,0.195,2016,6
2016-06,경북,0.237,2016,6
2016-06,광주,0.233,2016,6
2016-06,대구,0.319,2016,6
2016-06,대전,0.311,2016,6
2016-06,부산,0.383,2016,6
2016-06,서울,0.275,2016,6
2016-06,세종,0.482,2016,6
2016-06,울산,0.168,2016,6
2016-06,인천,0.164,2016,6
2016-06,전국,0.246,2016,6
2016-06,전남,0.199,2016,6
2016-06,전북,0.176,2016,6
2016-06,제주,0.482,2016,6
2016-06,충남,0.188,2016,6
2016-06,충북,0.191,2016,6
2016-07,강원,0.246,2016,7
2016-07,경기,0.22,2016,7
2016-07,경남,0.181,2016,7
2016-07,경북,0.214,2016,7
2016-07,광주,0.239,2016,7
2016-07,대구,0.308,2016,7
2016-07,대전,0.331,2016,7
2016-07,부산,0.34,2016,7
2016-07,서울,0.282,2016,7
2016-07,세종,0.581,2016,7
2016-07,울산,0.175,2016,7
2016-07,인천,0.177,2016,7
2016-07,전국,0.244,2016,7
2016-07,전남,0.224,2016,7
2016-07,전북,0.142,2016,7
2016-07,제주,0.386,2016,7
2016-07,충남,0.171,2016,7
2016-07,충북,0.172,2016,7
2016-08,강원,0.274,2016,8
2016-08,경기,0.205,2016,8
2016-08,경남,0.199,2016,8
2016-08,경북,0.198,2016,8
2016-08,광주,0.211,2016,8
2016-08,대구,0.312,2016,8
2016-08,대전,0.282,2016,8
2016-08,부산,0.343,2016,8
2016-08,서울,0.272,2016,8
2016-08,세종,0.434,2016,8
2016-08,울산,0.167,2016,8
2016-08,인천,0.147,2016,8
2016-08,전국,0.234,2016,8
2016-08,전남,0.231,2016,8
2016-08,전북,0.161,2016,8
2016-08,제주,0.443,2016,8
2016-08,충남,0.164,2016,8
2016-08,충북,0.176,2016,8
2016-09,강원,0.249,2016,9
2016-09,경기,0.212,2016,9
2016-09,경남,0.199,2016,9
2016-09,경북,0.181,2016,9
2016-09,광주,0.202,2016,9
2016-09,대구,0.287,2016,9
2016-09,대전,0.274,2016,9
2016-09,부산,0.393,2016,9
2016-09,서울,0.273,2016,9
2016-09,세종,0.361,2016,9
2016-09,울산,0.179,2016,9
2016-09,인천,0.144,2016,9
2016-09,전국,0.237,2016,9
2016-09,전남,0.214,2016,9
2016-09,전북,0.203,2016,9
2016-09,제주,0.435,2016,9
2016-09,충남,0.154,2016,9
2016-09,충북,0.193,2016,9
2016-10,강원,0.279,2016,10
2016-10,경기,0.232,2016,10
2016-10,경남,0.218,2016,10
2016-10,경북,0.176,2016,10
2016-10,광주,0.299,2016,10
2016-10,대구,0.306,2016,10
2016-10,대전,0.3,2016,10
2016-10,부산,0.382,2016,10
2016-10,서울,0.286,2016,10
2016-10,세종,0.419,2016,10
2016-10,울산,0.222,2016,10
2016-10,인천,0.151,2016,10
2016-10,전국,0.252,2016,10
2016-10,전남,0.249,2016,10
2016-10,전북,0.187,2016,10
2016-10,제주,0.347,2016,10
2016-10,충남,0.179,2016,10
2016-10,충북,0.181,2016,10
2016-11,강원,0.255,2016,11
2016-11,경기,0.221,2016,11
2016-11,경남,0.22,2016,11
2016-11,경북,0.209,2016,11
2016-11,광주,0.322,2016,11
2016-11,대구,0.341,2016,11
2016-11,대전,0.313,2016,11
2016-11,부산,0.381,2016,11
2016-11,서울,0.254,2016,11
2016-11,세종,0.311,2016,11
2016-11,울산,0.215,2016,11
2016-11,인천,0.154,2016,11
2016-11,전국,0.242,2016,11
2016-11,전남,0.269,2016,11
2016-11,전북,0.209,2016,11
2016-11,제주,0.419,2016,11
2016-11,충남,0.188,2016,11
2016-11,충북,0.178,2016,11
2016-12,강원,0.246,2016,12
2016-12,경기,0.176,2016,12
2016-12,경남,0.194,2016,12
2016-12,경북,0.216,2016,12
2016-12,광주,0.284,2016,12
2016-12,대구,0.327,2016,12
2016-12,대전,0.246,2016,12
2016-12,부산,0.354,2016,12
2016-12,서울,0.239,2016,12
2016-12,세종,0.486,2016,12
2016-12,울산,0.194,2016,12
2016-12,인천,0.129,2016,12
2016-12,전국,0.218,2016,12
2016-12,전남,0.253,2016,12
2016-12,전북,0.196,2016,12
2016-12,제주,0.42,2016,12
2016-12,충남,0.142,2016,12
2016-12,충북,0.149,2016,12
2017-01,강원,0.23,2017,1
2017-01,경기,0.146,2017,1
2017-01,경남,0.183,2017,1
2017-01,경북,0.213,2017,1
2017-01,광주,0.156,2017,1
2017-01,대구,0.296,2017,1
2017-01,대전,0.142,2017,1
2017-01,부산,0.318,2017,1
2017-01,서울,0.191,2017,1
2017-01,세종,0.352,2017,1
2017-01,울산,0.143,2017,1
2017-01,인천,0.125,2017,1
2017-01,전국,0.183,2017,1
2017-01,전남,0.206,2017,1
2017-01,전북,0.157,2017,1
2017-01,제주,0.43,2017,1
2017-01,충남,0.134,2017,1
2017-01,충북,0.112,2017,1
2017-02,강원,0.234,2017,2
2017-02,경기,0.209,2017,2
2017-02,경남,0.194,2017,2
2017-02,경북,0.246,2017,2
2017-02,광주,0.226,2017,2
2017-02,대구,0.339,2017,2
2017-02,대전,0.258,2017,2
2017-02,부산,0.391,2017,2
2017-02,서울,0.232,2017,2
2017-02,세종,0.365,2017,2
2017-02,울산,0.2,2017,2
2017-02,인천,0.254,2017,2
2017-02,전국,0.231,2017,2
2017-02,전남,0.213,2017,2
2017-02,전북,0.188,2017,2
2017-02,제주,0.409,2017,2
2017-02,충남,0.144,2017,2
2017-02,충북,0.113,2017,2
2017-03,강원,0.364,2017,3
2017-03,경기,0.326,2017,3
2017-03,경남,0.281,2017,3
2017-03,경북,0.313,2017,3
2017-03,광주,0.312,2017,3
2017-03,대구,0.361,2017,3
2017-03,대전,0.342,2017,3
2017-03,부산,0.43,2017,3
2017-03,서울,0.322,2017,3
2017-03,세종,0.509,2017,3
2017-03,울산,0.249,2017,3
2017-03,인천,0.294,2017,3
2017-03,전국,0.321,2017,3
2017-03,전남,0.36,2017,3
2017-03,전북,0.284,2017,3
2017-03,제주,0.392,2017,3
2017-03,충남,0.214,2017,3
2017-03,충북,0.22,2017,3
2017-04,강원,0.314,2017,4
2017-04,경기,0.324,2017,4
2017-04,경남,0.269,2017,4
2017-04,경북,0.266,2017,4
2017-04,광주,0.352,2017,4
2017-04,대구,0.332,2017,4
2017-04,대전,0.24,2017,4
2017-04,부산,0.432,2017,4
2017-04,서울,0.333,2017,4
2017-04,세종,0.427,2017,4
2017-04,울산,0.28,2017,4
2017-04,인천,0.212,2017,4
2017-04,전국,0.315,2017,4
2017-04,전남,0.334,2017,4
2017-04,전북,0.302,2017,4
2017-04,제주,0.559,2017,4
2017-04,충남,0.194,2017,4
2017-04,충북,0.245,2017,4
2017-05,강원,0.321,2017,5
2017-05,경기,0.342,2017,5
2017-05,경남,0.251,2017,5
2017-05,경북,0.252,2017,5
2017-05,광주,0.453,2017,5
2017-05,대구,0.351,2017,5
2017-05,대전,0.27,2017,5
2017-05,부산,0.638,2017,5
2017-05,서울,0.509,2017,5
2017-05,세종,0.704,2017,5
2017-05,울산,0.286,2017,5
2017-05,인천,0.265,2017,5
2017-05,전국,0.387,2017,5
2017-05,전남,0.329,2017,5
2017-05,전북,0.302,2017,5
2017-05,제주,0.354,2017,5
2017-05,충남,0.25,2017,5
2017-05,충북,0.262,2017,5
2017-06,강원,0.377,2017,6
2017-06,경기,0.327,2017,6
2017-06,경남,0.302,2017,6
2017-06,경북,0.288,2017,6
2017-06,광주,0.563,2017,6
2017-06,대구,0.394,2017,6
2017-06,대전,0.272,2017,6
2017-06,부산,0.637,2017,6
2017-06,서울,0.492,2017,6
2017-06,세종,0.61,2017,6
2017-06,울산,0.335,2017,6
2017-06,인천,0.291,2017,6
2017-06,전국,0.391,2017,6
2017-06,전남,0.383,2017,6
2017-06,전북,0.342,2017,6
2017-06,제주,0.478,2017,6
2017-06,충남,0.271,2017,6
2017-06,충북,0.255,2017,6
2017-07,강원,0.327,2017,7
2017-07,경기,0.313,2017,7
2017-07,경남,0.302,2017,7
2017-07,경북,0.281,2017,7
2017-07,광주,0.44,2017,7
2017-07,대구,0.399,2017,7
2017-07,대전,0.311,2017,7
2017-07,부산,0.663,2017,7
2017-07,서울,0.484,2017,7
2017-07,세종,0.818,2017,7
2017-07,울산,0.319,2017,7
2017-07,인천,0.332,2017,7
2017-07,전국,0.391,2017,7
2017-07,전남,0.402,2017,7
2017-07,전북,0.302,2017,7
2017-07,제주,0.438,2017,7
2017-07,충남,0.32,2017,7
2017-07,충북,0.296,2017,7
2017-08,강원,0.298,2017,8
2017-08,경기,0.284,2017,8
2017-08,경남,0.261,2017,8
2017-08,경북,0.258,2017,8
2017-08,광주,0.432,2017,8
2017-08,대구,0.418,2017,8
2017-08,대전,0.264,2017,8
2017-08,부산,0.633,2017,8
2017-08,서울,0.397,2017,8
2017-08,세종,0.667,2017,8
2017-08,울산,0.332,2017,8
2017-08,인천,0.287,2017,8
2017-08,전국,0.347,2017,8
2017-08,전남,0.357,2017,8
2017-08,전북,0.287,2017,8
2017-08,제주,0.49,2017,8
2017-08,충남,0.305,2017,8
2017-08,충북,0.331,2017,8
2017-09,강원,0.328,2017,9
2017-09,경기,0.274,2017,9
2017-09,경남,0.26,2017,9
2017-09,경북,0.255,2017,9
2017-09,광주,0.358,2017,9
2017-09,대구,0.437,2017,9
2017-09,대전,0.314,2017,9
2017-09,부산,0.594,2017,9
2017-09,서울,0.317,2017,9
2017-09,세종,0.671,2017,9
2017-09,울산,0.296,2017,9
2017-09,인천,0.28,2017,9
2017-09,전국,0.32,2017,9
2017-09,전남,0.36,2017,9
2017-09,전북,0.32,2017,9
2017-09,제주,0.438,2017,9
2017-09,충남,0.291,2017,9
2017-09,충북,0.358,2017,9
2017-10,강원,0.305,2017,10
2017-10,경기,0.263,2017,10
2017-10,경남,0.226,2017,10
2017-10,경북,0.224,2017,10
2017-10,광주,0.217,2017,10
2017-10,대구,0.363,2017,10
2017-10,대전,0.279,2017,10
2017-10,부산,0.534,2017,10
2017-10,서울,0.278,2017,10
2017-10,세종,0.431,2017,10
2017-10,울산,0.346,2017,10
2017-10,인천,0.251,2017,10
2017-10,전국,0.286,2017,10
2017-10,전남,0.278,2017,10
2017-10,전북,0.266,2017,10
2017-10,제주,0.408,2017,10
2017-10,충남,0.259,2017,10
2017-10,충북,0.31,2017,10
2017-11,강원,0.297,2017,11
2017-11,경기,0.296,2017,11
2017-11,경남,0.27,2017,11
2017-11,경북,0.211,2017,11
2017-11,광주,0.282,2017,11
2017-11,대구,0.411,2017,11
2017-11,대전,0.308,2017,11
2017-11,부산,0.548,2017,11
2017-11,서울,0.334,2017,11
2017-11,세종,0.594,2017,11
2017-11,울산,0.351,2017,11
2017-11,인천,0.224,2017,11
2017-11,전국,0.32,2017,11
2017-11,전남,0.326,2017,11
2017-11,전북,0.276,2017,11
2017-11,제주,0.452,2017,11
2017-11,충남,0.294,2017,11
2017-11,충북,0.309,2017,11
2017-12,강원,0.359,2017,12
2017-12,경기,0.292,2017,12
2017-12,경남,0.252,2017,12
2017-12,경북,0.242,2017,12
2017-12,광주,0.307,2017,12
2017-12,대구,0.386,2017,12
2017-12,대전,0.313,2017,12
2017-12,부산,0.503,2017,12
2017-12,서울,0.345,2017,12
2017-12,세종,0.651,2017,12
2017-12,울산,0.349,2017,12
2017-12,인천,0.241,2017,12
2017-12,전국,0.319,2017,12
2017-12,전남,0.287,2017,12
2017-12,전북,0.251,2017,12
2017-12,제주,0.478,2017,12
2017-12,충남,0.267,2017,12
2017-12,충북,0.227,2017,12
2018-01,강원,0.287,2018,1
2018-01,경기,0.261,2018,1
2018-01,경남,0.251,2018,1
2018-01,경북,0.238,2018,1
2018-01,광주,0.31,2018,1
2018-01,대구,0.34,2018,1
2018-01,대전,0.263,2018,1
2018-01,부산,0.517,2018,1
2018-01,서울,0.417,2018,1
2018-01,세종,0.582,2018,1
2018-01,울산,0.325,2018,1
2018-01,인천,0.206,2018,1
2018-01,전국,0.325,2018,1
2018-01,전남,0.303,2018,1
2018-01,전북,0.256,2018,1
2018-01,제주,0.49,2018,1
2018-01,충남,0.25,2018,1
2018-01,충북,0.22,2018,1
2018-02,강원,0.263,2018,2
2018-02,경기,0.258,2018,2
2018-02,경남,0.226,2018,2
2018-02,경북,0.181,2018,2
2018-02,광주,0.297,2018,2
2018-02,대구,0.332,2018,2
2018-02,대전,0.28,2018,2
2018-02,부산,0.482,2018,2
2018-02,서울,0.417,2018,2
2018-02,세종,0.426,2018,2
2018-02,울산,0.28,2018,2
2018-02,인천,0.191,2018,2
2018-02,전국,0.308,2018,2
2018-02,전남,0.255,2018,2
2018-02,전북,0.185,2018,2
2018-02,제주,0.337,2018,2
2018-02,충남,0.224,2018,2
2018-02,충북,0.208,2018,2
2018-03,강원,0.302,2018,3
2018-03,경기,0.304,2018,3
2018-03,경남,0.261,2018,3
2018-03,경북,0.243,2018,3
2018-03,광주,0.395,2018,3
2018-03,대구,0.387,2018,3
2018-03,대전,0.289,2018,3
2018-03,부산,0.521,2018,3
2018-03,서울,0.44,2018,3
2018-03,세종,0.545,2018,3
2018-03,울산,0.286,2018,3
2018-03,인천,0.247,2018,3
2018-03,전국,0.351,2018,3
2018-03,전남,0.354,2018,3
2018-03,전북,0.242,2018,3
2018-03,제주,0.353,2018,3
2018-03,충남,0.28,2018,3
2018-03,충북,0.327,2018,3
2018-04,강원,0.334,2018,4
2018-04,경기,0.388,2018,4
2018-04,경남,0.241,2018,4
2018-04,경북,0.251,2018,4
2018-04,광주,0.364,2018,4
2018-04,대구,0.422,2018,4
2018-04,대전,0.283,2018,4
2018-04,부산,0.486,2018,4
2018-04,서울,0.302,2018,4
2018-04,세종,0.606,2018,4
2018-04,울산,0.264,2018,4
2018-04,인천,0.238,2018,4
2018-04,전국,0.33,2018,4
2018-04,전남,0.317,2018,4
2018-04,전북,0.214,2018,4
2018-04,제주,0.349,2018,4
2018-04,충남,0.231,2018,4
2018-04,충북,0.29,2018,4
2018-05,강원,0.325,2018,5
2018-05,경기,0.378,2018,5
2018-05,경남,0.229,2018,5
2018-05,경북,0.247,2018,5
2018-05,광주,0.402,2018,5
2018-05,대구,0.422,2018,5
2018-05,대전,0.262,2018,5
2018-05,부산,0.505,2018,5
2018-05,서울,0.36,2018,5
2018-05,세종,0.616,2018,5
2018-05,울산,0.254,2018,5
2018-05,인천,0.275,2018,5
2018-05,전국,0.345,2018,5
2018-05,전남,0.307,2018,5
2018-05,전북,0.215,2018,5
2018-05,제주,0.354,2018,5
2018-05,충남,0.231,2018,5
2018-05,충북,0.313,2018,5
2018-06,강원,0.311,2018,6
2018-06,경기,0.404,2018,6
2018-06,경남,0.253,2018,6
2018-06,경북,0.253,2018,6
2018-06,광주,0.371,2018,6
2018-06,대구,0.418,2018,6
2018-06,대전,0.282,2018,6
2018-06,부산,0.504,2018,6
2018-06,서울,0.424,2018,6
2018-06,세종,0.667,2018,6
2018-06,울산,0.236,2018,6
2018-06,인천,0.302,2018,6
2018-06,전국,0.37,2018,6
2018-06,전남,0.288,2018,6
2018-06,전북,0.232,2018,6
2018-06,제주,0.324,2018,6
2018-06,충남,0.205,2018,6
2018-06,충북,0.268,2018,6
2018-07,강원,0.3,2018,7
2018-07,경기,0.376,2018,7
2018-07,경남,0.22,2018,7
2018-07,경북,0.265,2018,7
2018-07,광주,0.372,2018,7
2018-07,대구,0.354,2018,7
2018-07,대전,0.254,2018,7
2018-07,부산,0.507,2018,7
2018-07,서울,0.563,2018,7
2018-07,세종,0.81,2018,7
2018-07,울산,0.211,2018,7
2018-07,인천,0.294,2018,7
2018-07,전국,0.403,2018,7
2018-07,전남,0.295,2018,7
2018-07,전북,0.241,2018,7
2018-07,제주,0.526,2018,7
2018-07,충남,0.174,2018,7
2018-07,충북,0.25,2018,7
2018-08,강원,0.281,2018,8
2018-08,경기,0.408,2018,8
2018-08,경남,0.149,2018,8
2018-08,경북,0.229,2018,8
2018-08,광주,0.447,2018,8
2018-08,대구,0.394,2018,8
2018-08,대전,0.256,2018,8
2018-08,부산,0.46,2018,8
2018-08,서울,0.613,2018,8
2018-08,세종,0.504,2018,8
2018-08,울산,0.195,2018,8
2018-08,인천,0.28,2018,8
2018-08,전국,0.42,2018,8
2018-08,전남,0.314,2018,8
2018-08,전북,0.218,2018,8
2018-08,제주,0.698,2018,8
2018-08,충남,0.164,2018,8
2018-08,충북,0.257,2018,8
2018-09,강원,0.25,2018,9
2018-09,경기,0.374,2018,9
2018-09,경남,0.088,2018,9
2018-09,경북,0.212,2018,9
2018-09,광주,0.491,2018,9
2018-09,대구,0.411,2018,9
2018-09,대전,0.288,2018,9
2018-09,부산,0.438,2018,9
2018-09,서울,0.681,2018,9
2018-09,세종,0.533,2018,9
2018-09,울산,0.174,2018,9
2018-09,인천,0.359,2018,9
2018-09,전국,0.427,2018,9
2018-09,전남,0.334,2018,9
2018-09,전북,0.192,2018,9
2018-09,제주,0.578,2018,9
2018-09,충남,0.154,2018,9
2018-09,충북,0.204,2018,9
2018-10,강원,0.309,2018,10
2018-10,경기,0.41,2018,10
2018-10,경남,0.115,2018,10
2018-10,경북,0.255,2018,10
2018-10,광주,0.58,2018,10
2018-10,대구,0.479,2018,10
2018-10,대전,0.308,2018,10
2018-10,부산,0.429,2018,10
2018-10,서울,0.69,2018,10
2018-10,세종,0.846,2018,10
2018-10,울산,0.161,2018,10
2018-10,인천,0.415,2018,10
2018-10,전국,0.455,2018,10
2018-10,전남,0.419,2018,10
2018-10,전북,0.253,2018,10
2018-10,제주,0.397,2018,10
2018-10,충남,0.14,2018,10
2018-10,충북,0.242,2018,10
2018-11,강원,0.287,2018,11
2018-11,경기,0.412,2018,11
2018-11,경남,0.058,2018,11
2018-11,경북,0.238,2018,11
2018-11,광주,0.577,2018,11
2018-11,대구,0.474,2018,11
2018-11,대전,0.258,2018,11
2018-11,부산,0.381,2018,11
2018-11,서울,0.609,2018,11
2018-11,세종,0.53,2018,11
2018-11,울산,0.14,2018,11
2018-11,인천,0.393,2018,11
2018-11,전국,0.416,2018,11
2018-11,전남,0.399,2018,11
2018-11,전북,0.235,2018,11
2018-11,제주,0.237,2018,11
2018-11,충남,0.101,2018,11
2018-11,충북,0.28,2018,11
2018-12,강원,0.272,2018,12
2018-12,경기,0.363,2018,12
2018-12,경남,0.09,2018,12
2018-12,경북,0.211,2018,12
2018-12,광주,0.529,2018,12
2018-12,대구,0.466,2018,12
2018-12,대전,0.268,2018,12
2018-12,부산,0.365,2018,12
2018-12,서울,0.433,2018,12
2018-12,세종,0.513,2018,12
2018-12,울산,0.088,2018,12
2018-12,인천,0.331,2018,12
2018-12,전국,0.341,2018,12
2018-12,전남,0.338,2018,12
2018-12,전북,0.201,2018,12
2018-12,제주,0.235,2018,12
2018-12,충남,0.098,2018,12
2018-12,충북,0.253,2018,12
2019-01,강원,0.254,2019,1
2019-01,경기,0.323,2019,1
2019-01,경남,0.08,2019,1
2019-01,경북,0.206,2019,1
2019-01,광주,0.429,2019,1
2019-01,대구,0.387,2019,1
2019-01,대전,0.238,2019,1
2019-01,부산,0.379,2019,1
2019-01,서울,0.388,2019,1
2019-01,세종,0.455,2019,1
2019-01,울산,0.101,2019,1
2019-01,인천,0.339,2019,1
2019-01,전국,0.314,2019,1
2019-01,전남,0.361,2019,1
2019-01,전북,0.223,2019,1
2019-01,제주,0.221,2019,1
2019-01,충남,0.134,2019,1
2019-01,충북,0.208,2019,1
2019-02,강원,0.215,2019,2
2019-02,경기,0.313,2019,2
2019-02,경남,0.072,2019,2
2019-02,경북,0.174,2019,2
2019-02,광주,0.407,2019,2
2019-02,대구,0.325,2019,2
2019-02,대전,0.246,2019,2
2019-02,부산,0.312,2019,2
2019-02,서울,0.275,2019,2
2019-02,세종,0.333,2019,2
2019-02,울산,0.108,2019,2
2019-02,인천,0.317,2019,2
2019-02,전국,0.265,2019,2
2019-02,전남,0.311,2019,2
2019-02,전북,0.224,2019,2
2019-02,제주,0.121,2019,2
2019-02,충남,0.124,2019,2
2019-02,충북,0.214,2019,2
2019-03,강원,0.238,2019,3
2019-03,경기,0.35,2019,3
2019-03,경남,0.082,2019,3
2019-03,경북,0.229,2019,3
2019-03,광주,0.418,2019,3
2019-03,대구,0.365,2019,3
2019-03,대전,0.247,2019,3
2019-03,부산,0.301,2019,3
2019-03,서울,0.329,2019,3
2019-03,세종,0.391,2019,3
2019-03,울산,0.126,2019,3
2019-03,인천,0.307,2019,3
2019-03,전국,0.3,2019,3
2019-03,전남,0.359,2019,3
2019-03,전북,0.29,2019,3
2019-03,제주,0.093,2019,3
2019-03,충남,0.154,2019,3
2019-03,충북,0.252,2019,3
2019-04,강원,0.257,2019,4
2019-04,경기,0.351,2019,4
2019-04,경남,0.092,2019,4
2019-04,경북,0.226,2019,4
2019-04,광주,0.433,2019,4
2019-04,대구,0.383,2019,4
2019-04,대전,0.248,2019,4
2019-04,부산,0.297,2019,4
2019-04,서울,0.378,2019,4
2019-04,세종,0.317,2019,4
2019-04,울산,0.116,2019,4
2019-04,인천,0.354,2019,4
2019-04,전국,0.317,2019,4
2019-04,전남,0.352,2019,4
2019-04,전북,0.262,2019,4
2019-04,제주,0.103,2019,4
2019-04,충남,0.154,2019,4
2019-04,충북,0.233,2019,4
2019-05,강원,0.249,2019,5
2019-05,경기,0.351,2019,5
2019-05,경남,0.066,2019,5
2019-05,경북,0.213,2019,5
2019-05,광주,0.376,2019,5
2019-05,대구,0.395,2019,5
2019-05,대전,0.332,2019,5
2019-05,부산,0.304,2019,5
2019-05,서울,0.445,2019,5
2019-05,세종,0.554,2019,5
2019-05,울산,0.084,2019,5
2019-05,인천,0.32,2019,5
2019-05,전국,0.33,2019,5
2019-05,전남,0.326,2019,5
2019-05,전북,0.255,2019,5
2019-05,제주,-0.133,2019,5
2019-05,충남,0.142,2019,5
2019-05,충북,0.209,2019,5
2019-06,강원,0.227,2019,6
2019-06,경기,0.35,2019,6
2019-06,경남,0.046,2019,6
2019-06,경북,0.198,2019,6
2019-06,광주,0.394,2019,6
2019-06,대구,0.381,2019,6
2019-06,대전,0.36,2019,6
2019-06,부산,0.3,2019,6
2019-06,서울,0.44,2019,6
2019-06,세종,0.578,2019,6
2019-06,울산,0.082,2019,6
2019-06,인천,0.259,2019,6
2019-06,전국,0.323,2019,6
2019-06,전남,0.324,2019,6
2019-06,전북,0.224,2019,6
2019-06,제주,-0.112,2019,6
2019-06,충남,0.144,2019,6
2019-06,충북,0.162,2019,6
2019-07,강원,0.24,2019,7
2019-07,경기,0.356,2019,7
2019-07,경남,0.049,2019,7
2019-07,경북,0.196,2019,7
2019-07,광주,0.398,2019,7
2019-07,대구,0.382,2019,7
2019-07,대전,0.382,2019,7
2019-07,부산,0.279,2019,7
2019-07,서울,0.484,2019,7
2019-07,세종,0.463,2019,7
2019-07,울산,-0.012,2019,7
2019-07,인천,0.334,2019,7
2019-07,전국,0.337,2019,7
2019-07,전남,0.321,2019,7
2019-07,전북,0.233,2019,7
2019-07,제주,-0.131,2019,7
2019-07,충남,0.121,2019,7
2019-07,충북,0.144,2019,7
2019-08,강원,0.213,2019,8
2019-08,경기,0.361,2019,8
2019-08,경남,0.008,2019,8
2019-08,경북,0.176,2019,8
2019-08,광주,0.38,2019,8
2019-08,대구,0.359,2019,8
2019-08,대전,0.383,2019,8
2019-08,부산,0.257,2019,8
2019-08,서울,0.485,2019,8
2019-08,세종,0.408,2019,8
2019-08,울산,-0.076,2019,8
2019-08,인천,0.335,2019,8
2019-08,전국,0.33,2019,8
2019-08,전남,0.302,2019,8
2019-08,전북,0.215,2019,8
2019-08,제주,-0.191,2019,8
2019-08,충남,0.108,2019,8
2019-08,충북,0.134,2019,8
2019-09,강원,0.188,2019,9
2019-09,경기,0.351,2019,9
2019-09,경남,-0.003,2019,9
2019-09,경북,0.173,2019,9
2019-09,광주,0.337,2019,9
2019-09,대구,0.359,2019,9
2019-09,대전,0.394,2019,9
2019-09,부산,0.25,2019,9
2019-09,서울,0.491,2019,9
2019-09,세종,0.398,2019,9
2019-09,울산,-0.128,2019,9
2019-09,인천,0.338,2019,9
2019-09,전국,0.322,2019,9
2019-09,전남,0.284,2019,9
2019-09,전북,0.175,2019,9
2019-09,제주,-0.408,2019,9
2019-09,충남,0.101,2019,9
2019-09,충북,0.129,2019,9
2019-10,강원,0.174,2019,10
2019-10,경기,0.384,2019,10
2019-10,경남,0.019,2019,10
2019-10,경북,0.187,2019,10
2019-10,광주,0.355,2019,10
2019-10,대구,0.354,2019,10
2019-10,대전,0.466,2019,10
2019-10,부산,0.295,2019,10
2019-10,서울,0.483,2019,10
2019-10,세종,0.346,2019,10
2019-10,울산,-0.101,2019,10
2019-10,인천,0.341,2019,10
2019-10,전국,0.336,2019,10
2019-10,전남,0.308,2019,10
2019-10,전북,0.172,2019,10
2019-10,제주,-0.417,2019,10
2019-10,충남,0.123,2019,10
2019-10,충북,0.168,2019,10
2019-11,강원,0.185,2019,11
2019-11,경기,0.36,2019,11
2019-11,경남,0.014,2019,11
2019-11,경북,0.184,2019,11
2019-11,광주,0.382,2019,11
2019-11,대구,0.387,2019,11
2019-11,대전,0.437,2019,11
2019-11,부산,0.378,2019,11
2019-11,서울,0.489,2019,11
2019-11,세종,0.313,2019,11
2019-11,울산,-0.018,2019,11
2019-11,인천,0.353,2019,11
2019-11,전국,0.336,2019,11
2019-11,전남,0.295,2019,11
2019-11,전북,0.153,2019,11
2019-11,제주,-0.522,2019,11
2019-11,충남,0.136,2019,11
2019-11,충북,0.171,2019,11
2019-12,강원,0.182,2019,12
2019-12,경기,0.358,2019,12
2019-12,경남,0.031,2019,12
2019-12,경북,0.192,2019,12
2019-12,광주,0.358,2019,12
2019-12,대구,0.383,2019,12
2019-12,대전,0.436,2019,12
2019-12,부산,0.347,2019,12
2019-12,서울,0.475,2019,12
2019-12,세종,0.288,2019,12
2019-12,울산,0.067,2019,12
2019-12,인천,0.361,2019,12
2019-12,전국,0.335,2019,12
2019-12,전남,0.284,2019,12
2019-12,전북,0.14,2019,12
2019-12,제주,-0.402,2019,12
2019-12,충남,0.178,2019,12
2019-12,충북,0.175,2019,12
2020-01,강원,0.174,2020,1
2020-01,경기,0.362,2020,1
2020-01,경남,0.032,2020,1
2020-01,경북,0.182,2020,1
2020-01,광주,0.387,2020,1
2020-01,대구,0.353,2020,1
2020-01,대전,0.469,2020,1
2020-01,부산,0.32,2020,1
2020-01,서울,0.457,2020,1
2020-01,세종,0.419,2020,1
2020-01,울산,0.102,2020,1
2020-01,인천,0.351,2020,1
2020-01,전국,0.331,2020,1
2020-01,전남,0.312,2020,1
2020-01,전북,0.187,2020,1
2020-01,제주,-0.309,2020,1
2020-01,충남,0.128,2020,1
2020-01,충북,0.143,2020,1
2020-02,강원,0.171,2020,2
2020-02,경기,0.37,2020,2
2020-02,경남,0.048,2020,2
2020-02,경북,0.141,2020,2
2020-02,광주,0.388,2020,2
2020-02,대구,0.251,2020,2
2020-02,대전,0.483,2020,2
2020-02,부산,0.305,2020,2
2020-02,서울,0.425,2020,2
2020-02,세종,0.435,2020,2
2020-02,울산,0.136,2020,2
2020-02,인천,0.365,2020,2
2020-02,전국,0.321,2020,2
2020-02,전남,0.311,2020,2
2020-02,전북,0.199,2020,2
2020-02,제주,-0.314,2020,2
2020-02,충남,0.124,2020,2
2020-02,충북,0.148,2020,2
2020-03,강원,0.145,2020,3
2020-03,경기,0.338,2020,3
2020-03,경남,0.037,2020,3
2020-03,경북,0.11,2020,3
2020-03,광주,0.306,2020,3
2020-03,대구,0.188,2020,3
2020-03,대전,0.371,2020,3
2020-03,부산,0.203,2020,3
2020-03,서울,0.342,2020,3
2020-03,세종,0.3,2020,3
2020-03,울산,0.044,2020,3
2020-03,인천,0.345,2020,3
2020-03,전국,0.269,2020,3
2020-03,전남,0.268,2020,3
2020-03,전북,0.184,2020,3
2020-03,제주,-0.316,2020,3
2020-03,충남,0.106,2020,3
2020-03,충북,0.125,2020,3
2020-04,강원,0.144,2020,4
2020-04,경기,0.287,2020,4
2020-04,경남,0.025,2020,4
2020-04,경북,0.103,2020,4
2020-04,광주,0.273,2020,4
2020-04,대구,0.196,2020,4
2020-04,대전,0.289,2020,4
2020-04,부산,0.191,2020,4
2020-04,서울,0.306,2020,4
2020-04,세종,0.298,2020,4
2020-04,울산,0.002,2020,4
2020-04,인천,0.291,2020,4
2020-04,전국,0.236,2020,4
2020-04,전남,0.249,2020,4
2020-04,전북,0.177,2020,4
2020-04,제주,-0.294,2020,4
2020-04,충남,0.095,2020,4
2020-04,충북,0.118,2020,4
2020-05,강원,0.154,2020,5
2020-05,경기,0.299,2020,5
2020-05,경남,0.054,2020,5
2020-05,경북,0.109,2020,5
2020-05,광주,0.268,2020,5
2020-05,대구,0.217,2020,5
2020-05,대전,0.332,2020,5
2020-05,부산,0.215,2020,5
2020-05,서울,0.336,2020,5
2020-05,세종,0.289,2020,5
2020-05,울산,0.099,2020,5
2020-05,인천,0.29,2020,5
2020-05,전국,0.257,2020,5
2020-05,전남,0.24,2020,5
2020-05,전북,0.186,2020,5
2020-05,제주,-0.212,2020,5
2020-05,충남,0.111,2020,5
2020-05,충북,0.186,2020,5
2020-06,강원,0.185,2020,6
2020-06,경기,0.341,2020,6
2020-06,경남,0.082,2020,6
2020-06,경북,0.128,2020,6
2020-06,광주,0.309,2020,6
2020-06,대구,0.267,2020,6
2020-06,대전,0.355,2020,6
2020-06,부산,0.3,2020,6
2020-06,서울,0.374,2020,6
2020-06,세종,0.334,2020,6
2020-06,울산,0.191,2020,6
2020-06,인천,0.322,2020,6
2020-06,전국,0.299,2020,6
2020-06,전남,0.263,2020,6
2020-06,전북,0.205,2020,6
2020-06,제주,-0.111,2020,6
2020-06,충남,0.185,2020,6
2020-06,충북,0.179,2020,6
2020-07,강원,0.162,2020,7
2020-07,경기,0.346,2020,7
2020-07,경남,0.076,2020,7
2020-07,경북,0.148,2020,7
2020-07,광주,0.312,2020,7
2020-07,대구,0.311,2020,7
2020-07,대전,0.32,2020,7
2020-07,부산,0.334,2020,7
2020-07,서울,0.428,2020,7
2020-07,세종,1.705,2020,7
2020-07,울산,0.203,2020,7
2020-07,인천,0.303,2020,7
2020-07,전국,0.332,2020,7
2020-07,전남,0.262,2020,7
2020-07,전북,0.205,2020,7
2020-07,제주,-0.081,2020,7
2020-07,충남,0.23,2020,7
2020-07,충북,0.185,2020,7
2020-08,강원,0.17,2020,8
2020-08,경기,0.308,2020,8
2020-08,경남,0.043,2020,8
2020-08,경북,0.163,2020,8
2020-08,광주,0.279,2020,8
2020-08,대구,0.314,2020,8
2020-08,대전,0.308,2020,8
2020-08,부산,0.282,2020,8
2020-08,서울,0.419,2020,8
2020-08,세종,1.51,2020,8
2020-08,울산,0.185,2020,8
2020-08,인천,0.279,2020,8
2020-08,전국,0.312,2020,8
2020-08,전남,0.247,2020,8
2020-08,전북,0.183,2020,8
2020-08,제주,-0.072,2020,8
2020-08,충남,0.219,2020,8
2020-08,충북,0.175,2020,8
2020-09,강원,0.184,2020,9
2020-09,경기,0.313,2020,9
2020-09,경남,0.053,2020,9
2020-09,경북,0.176,2020,9
2020-09,광주,0.258,2020,9
2020-09,대구,0.278,2020,9
2020-09,대전,0.349,2020,9
2020-09,부산,0.298,2020,9
2020-09,서울,0.398,2020,9
2020-09,세종,1.307,2020,9
2020-09,울산,0.182,2020,9
2020-09,인천,0.276,2020,9
2020-09,전국,0.303,2020,9
2020-09,전남,0.259,2020,9
2020-09,전북,0.194,2020,9
2020-09,제주,-0.08,2020,9
2020-09,충남,0.22,2020,9
2020-09,충북,0.198,2020,9
2020-10,강원,0.194,2020,10
2020-10,경기,0.307,2020,10
2020-10,경남,0.048,2020,10
2020-10,경북,0.189,2020,10
2020-10,광주,0.277,2020,10
2020-10,대구,0.265,2020,10
2020-10,대전,0.375,2020,10
2020-10,부산,0.337,2020,10
2020-10,서울,0.375,2020,10
2020-10,세종,1.077,2020,10
2020-10,울산,0.138,2020,10
2020-10,인천,0.295,2020,10
2020-10,전국,0.294,2020,10
2020-10,전남,0.255,2020,10
2020-10,전북,0.19,2020,10
2020-10,제주,-0.088,2020,10
2020-10,충남,0.206,2020,10
2020-10,충북,0.244,2020,10
2020-11,강원,0.209,2020,11
2020-11,경기,0.31,2020,11
2020-11,경남,0.087,2020,11
2020-11,경북,0.186,2020,11
2020-11,광주,0.37,2020,11
2020-11,대구,0.326,2020,11
2020-11,대전,0.416,2020,11
2020-11,부산,0.458,2020,11
2020-11,서울,0.405,2020,11
2020-11,세종,1.378,2020,11
2020-11,울산,0.161,2020,11
2020-11,인천,0.287,2020,11
2020-11,전국,0.322,2020,11
2020-11,전남,0.293,2020,11
2020-11,전북,0.214,2020,11
2020-11,제주,-0.068,2020,11
2020-11,충남,0.206,2020,11
2020-11,충북,0.269,2020,11
2020-12,강원,0.243,2020,12
2020-12,경기,0.327,2020,12
2020-12,경남,0.132,2020,12
2020-12,경북,0.2,2020,12
2020-12,광주,0.389,2020,12
2020-12,대구,0.387,2020,12
2020-12,대전,0.417,2020,12
2020-12,부산,0.444,2020,12
2020-12,서울,0.437,2020,12
2020-12,세종,1.103,2020,12
2020-12,울산,0.18,2020,12
2020-12,인천,0.295,2020,12
2020-12,전국,0.343,2020,12
2020-12,전남,0.312,2020,12
2020-12,전북,0.219,2020,12
2020-12,제주,-0.004,2020,12
2020-12,충남,0.232,2020,12
2020-12,충북,0.28,2020,12
2021-01,강원,0.219,2021,1
2021-01,경기,0.308,2021,1
2021-01,경남,0.121,2021,1
2021-01,경북,0.183,2021,1
2021-01,광주,0.305,2021,1
2021-01,대구,0.342,2021,1
2021-01,대전,0.386,2021,1
2021-01,부산,0.281,2021,1
2021-01,서울,0.408,2021,1
2021-01,세종,0.818,2021,1
2021-01,울산,0.184,2021,1
2021-01,인천,0.297,2021,1
2021-01,전국,0.311,2021,1
2021-01,전남,0.295,2021,1
2021-01,전북,0.196,2021,1
2021-01,제주,-0.012,2021,1
2021-01,충남,0.205,2021,1
2021-01,충북,0.247,2021,1
2021-02,강원,0.213,2021,2
2021-02,경기,0.313,2021,2
2021-02,경남,0.11,2021,2
2021-02,경북,0.186,2021,2
2021-02,광주,0.235,2021,2
2021-02,대구,0.321,2021,2
2021-02,대전,0.363,2021,2
2021-02,부산,0.289,2021,2
2021-02,서울,0.418,2021,2
2021-02,세종,0.655,2021,2
2021-02,울산,0.177,2021,2
2021-02,인천,0.284,2021,2
2021-02,전국,0.311,2021,2
2021-02,전남,0.285,2021,2
2021-02,전북,0.206,2021,2
2021-02,제주,-0.01,2021,2
2021-02,충남,0.205,2021,2
2021-02,충북,0.24,2021,2
2021-03,강원,0.264,2021,3
2021-03,경기,0.345,2021,3
2021-03,경남,0.15,2021,3
2021-03,경북,0.22,2021,3
2021-03,광주,0.288,2021,3
2021-03,대구,0.333,2021,3
2021-03,대전,0.404,2021,3
2021-03,부산,0.291,2021,3
2021-03,서울,0.432,2021,3
2021-03,세종,0.692,2021,3
2021-03,울산,0.203,2021,3
2021-03,인천,0.314,2021,3
2021-03,전국,0.338,2021,3
2021-03,전남,0.31,2021,3
2021-03,전북,0.236,2021,3
2021-03,제주,0.013,2021,3
2021-03,충남,0.24,2021,3
2021-03,충북,0.302,2021,3
2021-04,강원,0.268,2021,4
2021-04,경기,0.357,2021,4
2021-04,경남,0.164,2021,4
2021-04,경북,0.215,2021,4
2021-04,광주,0.298,2021,4
2021-04,대구,0.371,2021,4
2021-04,대전,0.416,2021,4
2021-04,부산,0.328,2021,4
2021-04,서울,0.446,2021,4
2021-04,세종,0.626,2021,4
2021-04,울산,0.219,2021,4
2021-04,인천,0.345,2021,4
2021-04,전국,0.35,2021,4
2021-04,전남,0.315,2021,4
2021-04,전북,0.227,2021,4
2021-04,제주,0.044,2021,4
2021-04,충남,0.239,2021,4
2021-04,충북,0.287,2021,4
2021-05,강원,0.264,2021,5
2021-05,경기,0.349,2021,5
2021-05,경남,0.177,2021,5
2021-05,경북,0.204,2021,5
2021-05,광주,0.305,2021,5
2021-05,대구,0.37,2021,5
2021-05,대전,0.4,2021,5
2021-05,부산,0.345,2021,5
2021-05,서울,0.434,2021,5
2021-05,세종,0.621,2021,5
2021-05,울산,0.22,2021,5
2021-05,인천,0.301,2021,5
2021-05,전국,0.342,2021,5
2021-05,전남,0.302,2021,5
2021-05,전북,0.213,2021,5
2021-05,제주,0.091,2021,5
2021-05,충남,0.231,2021,5
2021-05,충북,0.275,2021,5
2021-06,강원,0.259,2021,6
2021-06,경기,0.361,2021,6
2021-06,경남,0.173,2021,6
2021-06,경북,0.202,2021,6
2021-06,광주,0.294,2021,6
2021-06,대구,0.365,2021,6
2021-06,대전,0.389,2021,6
2021-06,부산,0.342,2021,6
2021-06,서울,0.452,2021,6
2021-06,세종,0.532,2021,6
2021-06,울산,0.182,2021,6
2021-06,인천,0.312,2021,6
2021-06,전국,0.35,2021,6
2021-06,전남,0.299,2021,6
2021-06,전북,0.207,2021,6
2021-06,제주,0.095,2021,6
2021-06,충남,0.247,2021,6
2021-06,충북,0.274,2021,6
2021-07,강원,0.262,2021,7
2021-07,경기,0.37,2021,7
2021-07,경남,0.186,2021,7
2021-07,경북,0.19,2021,7
2021-07,광주,0.303,2021,7
2021-07,대구,0.379,2021,7
2021-07,대전,0.398,2021,7
2021-07,부산,0.354,2021,7
2021-07,서울,0.438,2021,7
2021-07,세종,0.487,2021,7
2021-07,울산,0.175,2021,7
2021-07,인천,0.339,2021,7
2021-07,전국,0.353,2021,7
2021-07,전남,0.311,2021,7
2021-07,전북,0.199,2021,7
2021-07,제주,0.282,2021,7
2021-07,충남,0.249,2021,7
2021-07,충북,0.252,2021,7
2021-08,강원,0.267,2021,8
2021-08,경기,0.381,2021,8
2021-08,경남,0.201,2021,8
2021-08,경북,0.192,2021,8
2021-08,광주,0.287,2021,8
2021-08,대구,0.368,2021,8
2021-08,대전,0.371,2021,8
2021-08,부산,0.354,2021,8
2021-08,서울,0.433,2021,8
2021-08,세종,0.496,2021,8
2021-08,울산,0.168,2021,8
2021-08,인천,0.388,2021,8
2021-08,전국,0.359,2021,8
2021-08,전남,0.313,2021,8
2021-08,전북,0.199,2021,8
2021-08,제주,0.348,2021,8
2021-08,충남,0.24,2021,8
2021-08,충북,0.258,2021,8
2021-09,강원,0.245,2021,9
2021-09,경기,0.379,2021,9
2021-09,경남,0.19,2021,9
2021-09,경북,0.182,2021,9
2021-09,광주,0.273,2021,9
2021-09,대구,0.37,2021,9
2021-09,대전,0.36,2021,9
2021-09,부산,0.376,2021,9
2021-09,서울,0.446,2021,9
2021-09,세종,0.493,2021,9
2021-09,울산,0.173,2021,9
2021-09,인천,0.388,2021,9
2021-09,전국,0.358,2021,9
2021-09,전남,0.296,2021,9
2021-09,전북,0.202,2021,9
2021-09,제주,0.278,2021,9
2021-09,충남,0.221,2021,9
2021-09,충북,0.264,2021,9
2021-10,강원,0.245,2021,10
2021-10,경기,0.364,2021,10
2021-10,경남,0.176,2021,10
2021-10,경북,0.159,2021,10
2021-10,광주,0.282,2021,10
2021-10,대구,0.341,2021,10
2021-10,대전,0.367,2021,10
2021-10,부산,0.343,2021,10
2021-10,서울,0.432,2021,10
2021-10,세종,0.508,2021,10
2021-10,울산,0.187,2021,10
2021-10,인천,0.363,2021,10
2021-10,전국,0.345,2021,10
2021-10,전남,0.287,2021,10
2021-10,전북,0.205,2021,10
2021-10,제주,0.222,2021,10
2021-10,충남,0.219,2021,10
2021-10,충북,0.266,2021,10
2021-11,강원,0.237,2021,11
2021-11,경기,0.354,2021,11
2021-11,경남,0.184,2021,11
2021-11,경북,0.163,2021,11
2021-11,광주,0.276,2021,11
2021-11,대구,0.36,2021,11
2021-11,대전,0.364,2021,11
2021-11,부산,0.338,2021,11
2021-11,서울,0.429,2021,11
2021-11,세종,0.455,2021,11
2021-11,울산,0.229,2021,11
2021-11,인천,0.359,2021,11
2021-11,전국,0.344,2021,11
2021-11,전남,0.298,2021,11
2021-11,전북,0.213,2021,11
2021-11,제주,0.239,2021,11
2021-11,충남,0.234,2021,11
2021-11,충북,0.275,2021,11
2021-12,강원,0.246,2021,12
2021-12,경기,0.341,2021,12
2021-12,경남,0.176,2021,12
2021-12,경북,0.171,2021,12
2021-12,광주,0.268,2021,12
2021-12,대구,0.371,2021,12
2021-12,대전,0.358,2021,12
2021-12,부산,0.327,2021,12
2021-12,서울,0.418,2021,12
2021-12,세종,0.46,2021,12
2021-12,울산,0.174,2021,12
2021-12,인천,0.337,2021,12
2021-12,전국,0.335,2021,12
2021-12,전남,0.3,2021,12
2021-12,전북,0.237,2021,12
2021-12,제주,0.243,2021,12
2021-12,충남,0.243,2021,12
2021-12,충북,0.274,2021,12
2022-01,강원,0.201,2022,1
2022-01,경기,0.318,2022,1
2022-01,경남,0.149,2022,1
2022-01,경북,0.163,2022,1
2022-01,광주,0.233,2022,1
2022-01,대구,0.303,2022,1
2022-01,대전,0.332,2022,1
2022-01,부산,0.287,2022,1
2022-01,서울,0.368,2022,1
2022-01,세종,0.439,2022,1
2022-01,울산,0.158,2022,1
2022-01,인천,0.295,2022,1
2022-01,전국,0.3,2022,1
2022-01,전남,0.285,2022,1
2022-01,전북,0.199,2022,1
2022-01,제주,0.212,2022,1
2022-01,충남,0.209,2022,1
2022-01,충북,0.229,2022,1
2022-02,강원,0.195,2022,2
2022-02,경기,0.311,2022,2
2022-02,경남,0.157,2022,2
2022-02,경북,0.169,2022,2
2022-02,광주,0.227,2022,2
2022-02,대구,0.282,2022,2
2022-02,대전,0.338,2022,2
2022-02,부산,0.294,2022,2
2022-02,서울,0.347,2022,2
2022-02,세종,0.449,2022,2
2022-02,울산,0.239,2022,2
2022-02,인천,0.288,2022,2
2022-02,전국,0.292,2022,2
2022-02,전남,0.291,2022,2
2022-02,전북,0.203,2022,2
2022-02,제주,0.198,2022,2
2022-02,충남,0.206,2022,2
2022-02,충북,0.232,2022,2
2022-03,강원,0.224,2022,3
2022-03,경기,0.326,2022,3
2022-03,경남,0.194,2022,3
2022-03,경북,0.198,2022,3
2022-03,광주,0.247,2022,3
2022-03,대구,0.286,2022,3
2022-03,대전,0.338,2022,3
2022-03,부산,0.326,2022,3
2022-03,서울,0.359,2022,3
2022-03,세종,0.413,2022,3
2022-03,울산,0.286,2022,3
2022-03,인천,0.317,2022,3
2022-03,전국,0.311,2022,3
2022-03,전남,0.307,2022,3
2022-03,전북,0.227,2022,3
2022-03,제주,0.238,2022,3
2022-03,충남,0.219,2022,3
2022-03,충북,0.252,2022,3
2022-04,강원,0.223,2022,4
2022-04,경기,0.335,2022,4
2022-04,경남,0.2,2022,4
2022-04,경북,0.194,2022,4
2022-04,광주,0.254,2022,4
2022-04,대구,0.282,2022,4
2022-04,대전,0.348,2022,4
2022-04,부산,0.333,2022,4
2022-04,서울,0.378,2022,4
2022-04,세종,0.408,2022,4
2022-04,울산,0.311,2022,4
2022-04,인천,0.289,2022,4
2022-04,전국,0.318,2022,4
2022-04,전남,0.298,2022,4
2022-04,전북,0.223,2022,4
2022-04,제주,0.239,2022,4
2022-04,충남,0.22,2022,4
2022-04,충북,0.253,2022,4
2022-05,강원,0.256,2022,5
2022-05,경기,0.35,2022,5
2022-05,경남,0.211,2022,5
2022-05,경북,0.194,2022,5
2022-05,광주,0.277,2022,5
2022-05,대구,0.277,2022,5
2022-05,대전,0.347,2022,5
2022-05,부산,0.358,2022,5
2022-05,서울,0.414,2022,5
2022-05,세종,0.4,2022,5
2022-05,울산,0.311,2022,5
2022-05,인천,0.295,2022,5
2022-05,전국,0.336,2022,5
2022-05,전남,0.294,2022,5
2022-05,전북,0.226,2022,5
2022-05,제주,0.264,2022,5
2022-05,충남,0.218,2022,5
2022-05,충북,0.254,2022,5
2022-06,강원,0.237,2022,6
2022-06,경기,0.338,2022,6
2022-06,경남,0.205,2022,6
2022-06,경북,0.18,2022,6
2022-06,광주,0.265,2022,6
2022-06,대구,0.272,2022,6
2022-06,대전,0.316,2022,6
2022-06,부산,0.299,2022,6
2022-06,서울,0.404,2022,6
2022-06,세종,0.413,2022,6
2022-06,울산,0.309,2022,6
2022-06,인천,0.272,2022,6
2022-06,전국,0.323,2022,6
2022-06,전남,0.295,2022,6
2022-06,전북,0.218,2022,6
2022-06,제주,0.271,2022,6
2022-06,충남,0.206,2022,6
2022-06,충북,0.246,2022,6
2022-07,강원,0.224,2022,7
2022-07,경기,0.32,2022,7
2022-07,경남,0.189,2022,7
2022-07,경북,0.167,2022,7
2022-07,광주,0.232,2022,7
2022-07,대구,0.258,2022,7
2022-07,대전,0.309,2022,7
2022-07,부산,0.288,2022,7
2022-07,서울,0.383,2022,7
2022-07,세종,0.388,2022,7
2022-07,울산,0.216,2022,7
2022-07,인천,0.265,2022,7
2022-07,전국,0.304,2022,7
2022-07,전남,0.272,2022,7
2022-07,전북,0.204,2022,7
2022-07,제주,0.245,2022,7
2022-07,충남,0.209,2022,7
2022-07,충북,0.223,2022,7
2022-08,강원,0.206,2022,8
2022-08,경기,0.305,2022,8
2022-08,경남,0.167,2022,8
2022-08,경북,0.154,2022,8
2022-08,광주,0.214,2022,8
2022-08,대구,0.238,2022,8
2022-08,대전,0.235,2022,8
2022-08,부산,0.243,2022,8
2022-08,서울,0.342,2022,8
2022-08,세종,0.349,2022,8
2022-08,울산,0.119,2022,8
2022-08,인천,0.252,2022,8
2022-08,전국,0.276,2022,8
2022-08,전남,0.255,2022,8
2022-08,전북,0.186,2022,8
2022-08,제주,0.21,2022,8
2022-08,충남,0.2,2022,8
2022-08,충북,0.191,2022,8
2022-09,강원,0.191,2022,9
2022-09,경기,0.243,2022,9
2022-09,경남,0.135,2022,9
2022-09,경북,0.134,2022,9
2022-09,광주,0.174,2022,9
2022-09,대구,0.174,2022,9
2022-09,대전,0.144,2022,9
2022-09,부산,0.181,2022,9
2022-09,서울,0.205,2022,9
2022-09,세종,0.2,2022,9
2022-09,울산,0.121,2022,9
2022-09,인천,0.175,2022,9
2022-09,전국,0.197,2022,9
2022-09,전남,0.196,2022,9
2022-09,전북,0.158,2022,9
2022-09,제주,0.123,2022,9
2022-09,충남,0.17,2022,9
2022-09,충북,0.177,2022,9
2022-10,강원,0.161,2022,10
2022-10,경기,0.135,2022,10
2022-10,경남,0.087,2022,10
2022-10,경북,0.118,2022,10
2022-10,광주,0.121,2022,10
2022-10,대구,0.129,2022,10
2022-10,대전,0.032,2022,10
2022-10,부산,0.093,2022,10
2022-10,서울,0.005,2022,10
2022-10,세종,0.051,2022,10
2022-10,울산,0.065,2022,10
2022-10,인천,0.055,2022,10
2022-10,전국,0.081,2022,10
2022-10,전남,0.148,2022,10
2022-10,전북,0.158,2022,10
2022-10,제주,0.064,2022,10
2022-10,충남,0.128,2022,10
2022-10,충북,0.097,2022,10
2022-11,강원,0.086,2022,11
2022-11,경기,0.076,2022,11
2022-11,경남,0.039,2022,11
2022-11,경북,0.041,2022,11
2022-11,광주,0.008,2022,11
2022-11,대구,0.028,2022,11
2022-11,대전,-0.102,2022,11
2022-11,부산,0.018,2022,11
2022-11,서울,-0.088,2022,11
2022-11,세종,-0.203,2022,11
2022-11,울산,0.017,2022,11
2022-11,인천,-0.085,2022,11
2022-11,전국,-0.005,2022,11
2022-11,전남,0.014,2022,11
2022-11,전북,0.108,2022,11
2022-11,제주,-0.103,2022,11
2022-11,충남,0.028,2022,11
2022-11,충북,0.044,2022,11
2022-12,강원,0.047,2022,12
2022-12,경기,0.011,2022,12
2022-12,경남,0.01,2022,12
2022-12,경북,0.028,2022,12
2022-12,광주,-0.002,2022,12
2022-12,대구,-0.006,2022,12
2022-12,대전,-0.101,2022,12
2022-12,부산,-0.005,2022,12
2022-12,서울,-0.094,2022,12
2022-12,세종,-0.102,2022,12
2022-12,울산,-0.053,2022,12
2022-12,인천,-0.074,2022,12
2022-12,전국,-0.032,2022,12
2022-12,전남,-0.016,2022,12
2022-12,전북,0.045,2022,12
2022-12,제주,-0.089,2022,12
2022-12,충남,0.002,2022,12
2022-12,충북,0.013,2022,12
2023-01,강원,0.015,2023,1
2023-01,경기,-0.016,2023,1
2023-01,경남,0.002,2023,1
2023-01,경북,-0.026,2023,1
2023-01,광주,-0.007,2023,1
2023-01,대구,-0.03,2023,1
2023-01,대전,-0.05,2023,1
2023-01,부산,0.0,2023,1
2023-01,서울,-0.072,2023,1
2023-01,세종,-0.084,2023,1
2023-01,울산,-0.04,2023,1
2023-01,인천,-0.034,2023,1
2023-01,전국,-0.036,2023,1
2023-01,전남,-0.019,2023,1
2023-01,전북,-0.03,2023,1
2023-01,제주,-0.123,2023,1
2023-01,충남,-0.016,2023,1
2023-01,충북,-0.008,2023,1
2023-02,강원,0.011,2023,2
2023-02,경기,-0.003,2023,2
2023-02,경남,0.014,2023,2
2023-02,경북,-0.008,2023,2
2023-02,광주,-0.011,2023,2
2023-02,대구,-0.056,2023,2
2023-02,대전,-0.043,2023,2
2023-02,부산,-0.011,2023,2
2023-02,서울,-0.043,2023,2
2023-02,세종,-0.023,2023,2
2023-02,울산,-0.031,2023,2
2023-02,인천,-0.016,2023,2
2023-02,전국,-0.021,2023,2
2023-02,전남,-0.011,2023,2
2023-02,전북,-0.017,2023,2
2023-02,제주,-0.096,2023,2
2023-02,충남,0.003,2023,2
2023-02,충북,-0.001,2023,2
2023-03,강원,0.03,2023,3
2023-03,경기,0.029,2023,3
2023-03,경남,0.021,2023,3
2023-03,경북,0.011,2023,3
2023-03,광주,-0.011,2023,3
2023-03,대구,-0.043,2023,3
2023-03,대전,0.037,2023,3
2023-03,부산,-0.006,2023,3
2023-03,서울,-0.008,2023,3
2023-03,세종,0.065,2023,3
2023-03,울산,-0.03,2023,3
2023-03,인천,0.016,2023,3
2023-03,전국,0.008,2023,3
2023-03,전남,-0.004,2023,3
2023-03,전북,-0.003,2023,3
2023-03,제주,-0.069,2023,3
2023-03,충남,0.056,2023,3
2023-03,충북,0.017,2023,3
2023-04,강원,0.035,2023,4
2023-04,경기,0.038,2023,4
2023-04,경남,0.026,2023,4
2023-04,경북,0.03,2023,4
2023-04,광주,-0.002,2023,4
2023-04,대구,-0.01,2023,4
2023-04,대전,0.052,2023,4
2023-04,부산,-0.021,2023,4
2023-04,서울,-0.004,2023,4
2023-04,세종,0.056,2023,4
2023-04,울산,-0.021,2023,4
2023-04,인천,0.039,2023,4
2023-04,전국,0.015,2023,4
2023-04,전남,0.006,2023,4
2023-04,전북,-0.008,2023,4
2023-04,제주,-0.041,2023,4
2023-04,충남,0.063,2023,4
2023-04,충북,0.03,2023,4
2023-05,강원,0.043,2023,5
2023-05,경기,0.058,2023,5
2023-05,경남,0.017,2023,5
2023-05,경북,0.036,2023,5
2023-05,광주,0.004,2023,5
2023-05,대구,0.008,2023,5
2023-05,대전,0.051,2023,5
2023-05,부산,0.002,2023,5
2023-05,서울,0.052,2023,5
2023-05,세종,0.045,2023,5
2023-05,울산,-0.021,2023,5
2023-05,인천,0.084,2023,5
2023-05,전국,0.043,2023,5
2023-05,전남,0.004,2023,5
2023-05,전북,-0.013,2023,5
2023-05,제주,-0.014,2023,5
2023-05,충남,0.068,2023,5
2023-05,충북,0.026,2023,5
2023-06,강원,0.039,2023,6
2023-06,경기,0.067,2023,6
2023-06,경남,0.023,2023,6
2023-06,경북,0.042,2023,6
2023-06,광주,0.001,2023,6
2023-06,대구,0.015,2023,6
2023-06,대전,0.071,2023,6
2023-06,부산,-0.002,2023,6
2023-06,서울,0.065,2023,6
2023-06,세종,0.043,2023,6
2023-06,울산,-0.013,2023,6
2023-06,인천,0.078,2023,6
2023-06,전국,0.051,2023,6
2023-06,전남,0.001,2023,6
2023-06,전북,-0.009,2023,6
2023-06,제주,-0.007,2023,6
2023-06,충남,0.075,2023,6
2023-06,충북,0.027,2023,6
2023-07,강원,0.042,2023,7
2023-07,경기,0.073,2023,7
2023-07,경남,0.012,2023,7
2023-07,경북,0.061,2023,7
2023-07,광주,0.001,2023,7
2023-07,대구,0.038,2023,7
2023-07,대전,0.085,2023,7
2023-07,부산,0.013,2023,7
2023-07,서울,0.09,2023,7
2023-07,세종,0.036,2023,7
2023-07,울산,0.001,2023,7
2023-07,인천,0.084,2023,7
2023-07,전국,0.063,2023,7
2023-07,전남,0.004,2023,7
2023-07,전북,-0.007,2023,7
2023-07,제주,-0.011,2023,7
2023-07,충남,0.072,2023,7
2023-07,충북,0.028,2023,7
2023-08,강원,0.039,2023,8
2023-08,경기,0.146,2023,8
2023-08,경남,0.021,2023,8
2023-08,경북,0.095,2023,8
2023-08,광주,0.015,2023,8
2023-08,대구,0.059,2023,8
2023-08,대전,0.087,2023,8
2023-08,부산,0.031,2023,8
2023-08,서울,0.144,2023,8
2023-08,세종,0.141,2023,8
2023-08,울산,0.014,2023,8
2023-08,인천,0.095,2023,8
2023-08,전국,0.106,2023,8
2023-08,전남,0.01,2023,8
2023-08,전북,0.021,2023,8
2023-08,제주,0.006,2023,8
2023-08,충남,0.066,2023,8
2023-08,충북,0.067,2023,8
2023-09,강원,0.038,2023,9
2023-09,경기,0.137,2023,9
2023-09,경남,0.021,2023,9
2023-09,경북,0.11,2023,9
2023-09,광주,0.036,2023,9
2023-09,대구,0.088,2023,9
2023-09,대전,0.099,2023,9
2023-09,부산,0.045,2023,9
2023-09,서울,0.205,2023,9
2023-09,세종,0.161,2023,9
2023-09,울산,0.029,2023,9
2023-09,인천,0.085,2023,9
2023-09,전국,0.128,2023,9
2023-09,전남,0.027,2023,9
2023-09,전북,0.072,2023,9
2023-09,제주,0.006,2023,9
2023-09,충남,0.069,2023,9
2023-09,충북,0.114,2023,9
2023-10,강원,0.044,2023,10
2023-10,경기,0.168,2023,10
2023-10,경남,0.024,2023,10
2023-10,경북,0.117,2023,10
2023-10,광주,0.125,2023,10
2023-10,대구,0.092,2023,10
2023-10,대전,0.102,2023,10
2023-10,부산,0.041,2023,10
2023-10,서울,0.251,2023,10
2023-10,세종,0.18,2023,10
2023-10,울산,0.035,2023,10
2023-10,인천,0.113,2023,10
2023-10,전국,0.158,2023,10
2023-10,전남,0.102,2023,10
2023-10,전북,0.12,2023,10
2023-10,제주,-0.006,2023,10
2023-10,충남,0.073,2023,10
2023-10,충북,0.167,2023,10
2023-11,강원,0.05,2023,11
2023-11,경기,0.187,2023,11
2023-11,경남,0.021,2023,11
2023-11,경북,0.118,2023,11
2023-11,광주,0.151,2023,11
2023-11,대구,0.083,2023,11
2023-11,대전,0.156,2023,11
2023-11,부산,0.042,2023,11
2023-11,서울,0.227,2023,11
2023-11,세종,0.225,2023,11
2023-11,울산,0.042,2023,11
2023-11,인천,0.136,2023,11
2023-11,전국,0.157,2023,11
2023-11,전남,0.11,2023,11
2023-11,전북,0.058,2023,11
2023-11,제주,-0.03,2023,11
2023-11,충남,0.094,2023,11
2023-11,충북,0.15,2023,11
2023-12,강원,0.048,2023,12
2023-12,경기,0.193,2023,12
2023-12,경남,0.029,2023,12
2023-12,경북,0.102,2023,12
2023-12,광주,0.154,2023,12
2023-12,대구,0.075,2023,12
2023-12,대전,0.158,2023,12
2023-12,부산,0.045,2023,12
2023-12,서울,0.193,2023,12
2023-12,세종,0.293,2023,12
2023-12,울산,0.059,2023,12
2023-12,인천,0.134,2023,12
2023-12,전국,0.148,2023,12
2023-12,전남,0.087,2023,12
2023-12,전북,0.064,2023,12
2023-12,제주,-0.028,2023,12
2023-12,충남,0.099,2023,12
2023-12,충북,0.148,2023,12
2024-01,강원,0.034,2024,1
2024-01,경기,0.181,2024,1
2024-01,경남,0.017,2024,1
2024-01,경북,0.1,2024,1
2024-01,광주,0.157,2024,1
2024-01,대구,0.071,2024,1
2024-01,대전,0.139,2024,1
2024-01,부산,0.031,2024,1
2024-01,서울,0.157,2024,1
2024-01,세종,0.158,2024,1
2024-01,울산,0.096,2024,1
2024-01,인천,0.145,2024,1
2024-01,전국,0.131,2024,1
2024-01,전남,0.099,2024,1
2024-01,전북,0.049,2024,1
2024-01,제주,-0.02,2024,1
2024-01,충남,0.092,2024,1
2024-01,충북,0.128,2024,1
2024-02,강원,0.067,2024,2
2024-02,경기,0.196,2024,2
2024-02,경남,0.03,2024,2
2024-02,경북,0.089,2024,2
2024-02,광주,0.134,2024,2
2024-02,대구,0.068,2024,2
2024-02,대전,0.112,2024,2
2024-02,부산,0.039,2024,2
2024-02,서울,0.158,2024,2
2024-02,세종,0.13,2024,2
2024-02,울산,0.077,2024,2
2024-02,인천,0.14,2024,2
2024-02,전국,0.134,2024,2
2024-02,전남,0.088,2024,2
2024-02,전북,0.029,2024,2
2024-02,제주,-0.026,2024,2
2024-02,충남,0.085,2024,2
2024-02,충북,0.117,2024,2
2024-03,강원,0.107,2024,3
2024-03,경기,0.211,2024,3
2024-03,경남,0.051,2024,3
2024-03,경북,0.106,2024,3
2024-03,광주,0.135,2024,3
2024-03,대구,0.073,2024,3
2024-03,대전,0.107,2024,3
2024-03,부산,0.084,2024,3
2024-03,서울,0.226,2024,3
2024-03,세종,0.155,2024,3
2024-03,울산,0.081,2024,3
2024-03,인천,0.156,2024,3
2024-03,전국,0.166,2024,3
2024-03,전남,0.114,2024,3
2024-03,전북,0.056,2024,3
2024-03,제주,-0.03,2024,3
2024-03,충남,0.088,2024,3
2024-03,충북,0.124,2024,3
2024-04,강원,0.106,2024,4
2024-04,경기,0.217,2024,4
2024-04,경남,0.096,2024,4
2024-04,경북,0.117,2024,4
2024-04,광주,0.157,2024,4
2024-04,대구,0.088,2024,4
2024-04,대전,0.105,2024,4
2024-04,부산,0.12,2024,4
2024-04,서울,0.238,2024,4
2024-04,세종,0.146,2024,4
2024-04,울산,0.104,2024,4
2024-04,인천,0.168,2024,4
2024-04,전국,0.178,2024,4
2024-04,전남,0.112,2024,4
2024-04,전북,0.058,2024,4
2024-04,제주,-0.04,2024,4
2024-04,충남,0.088,2024,4
2024-04,충북,0.128,2024,4
2024-05,강원,0.115,2024,5
2024-05,경기,0.228,2024,5
2024-05,경남,0.092,2024,5
2024-05,경북,0.109,2024,5
2024-05,광주,0.137,2024,5
2024-05,대구,0.102,2024,5
2024-05,대전,0.127,2024,5
2024-05,부산,0.128,2024,5
2024-05,서울,0.246,2024,5
2024-05,세종,0.176,2024,5
2024-05,울산,0.096,2024,5
2024-05,인천,0.158,2024,5
2024-05,전국,0.183,2024,5
2024-05,전남,0.098,2024,5
2024-05,전북,0.05,2024,5
2024-05,제주,-0.042,2024,5
2024-05,충남,0.093,2024,5
2024-05,충북,0.11,2024,5
2024-06,강원,0.112,2024,6
2024-06,경기,0.222,2024,6
2024-06,경남,0.104,2024,6
2024-06,경북,0.099,2024,6
2024-06,광주,0.113,2024,6
2024-06,대구,0.1,2024,6
2024-06,대전,0.111,2024,6
2024-06,부산,0.143,2024,6
2024-06,서울,0.269,2024,6
2024-06,세종,0.133,2024,6
2024-06,울산,0.106,2024,6
2024-06,인천,0.183,2024,6
2024-06,전국,0.19,2024,6
2024-06,전남,0.086,2024,6
2024-06,전북,0.034,2024,6
2024-06,제주,-0.058,2024,6
2024-06,충남,0.095,2024,6
2024-06,충북,0.13,2024,6
2024-07,강원,0.146,2024,7
2024-07,경기,0.224,2024,7
2024-07,경남,0.101,2024,7
2024-07,경북,0.099,2024,7
2024-07,광주,0.142,2024,7
2024-07,대구,0.108,2024,7
2024-07,대전,0.107,2024,7
2024-07,부산,0.164,2024,7
2024-07,서울,0.282,2024,7
2024-07,세종,0.171,2024,7
2024-07,울산,0.099,2024,7
2024-07,인천,0.201,2024,7
2024-07,전국,0.198,2024,7
2024-07,전남,0.088,2024,7
2024-07,전북,0.043,2024,7
2024-07,제주,-0.048,2024,7
2024-07,충남,0.103,2024,7
2024-07,충북,0.133,2024,7
2024-08,강원,0.136,2024,8
2024-08,경기,0.218,2024,8
2024-08,경남,0.083,2024,8
2024-08,경북,0.09,2024,8
2024-08,광주,0.139,2024,8
2024-08,대구,0.104,2024,8
2024-08,대전,0.098,2024,8
2024-08,부산,0.162,2024,8
2024-08,서울,0.282,2024,8
2024-08,세종,0.145,2024,8
2024-08,울산,0.092,2024,8
2024-08,인천,0.192,2024,8
2024-08,전국,0.196,2024,8
2024-08,전남,0.077,2024,8
2024-08,전북,0.048,2024,8
2024-08,제주,-0.049,2024,8
2024-08,충남,0.143,2024,8
2024-08,충북,0.141,2024,8
2024-09,강원,0.124,2024,9
2024-09,경기,0.211,2024,9
2024-09,경남,0.073,2024,9
2024-09,경북,0.08,2024,9
2024-09,광주,0.115,2024,9
2024-09,대구,0.097,2024,9
2024-09,대전,0.066,2024,9
2024-09,부산,0.163,2024,9
2024-09,서울,0.304,2024,9
2024-09,세종,0.125,2024,9
2024-09,울산,0.076,2024,9
2024-09,인천,0.141,2024,9
2024-09,전국,0.194,2024,9
2024-09,전남,0.069,2024,9
2024-09,전북,0.022,2024,9
2024-09,제주,-0.069,2024,9
2024-09,충남,0.139,2024,9
2024-09,충북,0.122,2024,9
2024-10,강원,0.132,2024,10
2024-10,경기,0.211,2024,10
2024-10,경남,0.068,2024,10
2024-10,경북,0.08,2024,10
2024-10,광주,0.114,2024,10
2024-10,대구,0.091,2024,10
2024-10,대전,0.063,2024,10
2024-10,부산,0.166,2024,10
2024-10,서울,0.312,2024,10
2024-10,세종,0.129,2024,10
2024-10,울산,0.065,2024,10
2024-10,인천,0.134,2024,10
2024-10,전국,0.196,2024,10
2024-10,전남,0.08,2024,10
2024-10,전북,0.041,2024,10
2024-10,제주,-0.069,2024,10
2024-10,충남,0.124,2024,10
2024-10,충북,0.137,2024,10
2024-11,강원,0.113,2024,11
2024-11,경기,0.2,2024,11
2024-11,경남,0.066,2024,11
2024-11,경북,0.084,2024,11
2024-11,광주,0.111,2024,11
2024-11,대구,0.096,2024,11
2024-11,대전,0.072,2024,11
2024-11,부산,0.14,2024,11
2024-11,서울,0.306,2024,11
2024-11,세종,0.123,2024,11
2024-11,울산,0.055,2024,11
2024-11,인천,0.115,2024,11
2024-11,전국,0.188,2024,11
2024-11,전남,0.082,2024,11
2024-11,전북,0.025,2024,11
2024-11,제주,-0.069,2024,11
2024-11,충남,0.115,2024,11
2024-11,충북,0.132,2024,11
2024-12,강원,0.12,2024,12
2024-12,경기,0.198,2024,12
2024-12,경남,0.063,2024,12
2024-12,경북,0.079,2024,12
2024-12,광주,0.109,2024,12
2024-12,대구,0.09,2024,12
2024-12,대전,0.055,2024,12
2024-12,부산,0.139,2024,12
2024-12,서울,0.274,2024,12
2024-12,세종,0.09,2024,12
2024-12,울산,0.063,2024,12
2024-12,인천,0.092,2024,12
2024-12,전국,0.176,2024,12
2024-12,전남,0.078,2024,12
2024-12,전북,0.03,2024,12
2024-12,제주,-0.058,2024,12
2024-12,충남,0.116,2024,12
2024-12,충북,0.118,2024,12
2025-01,강원,0.092,2025,1
2025-01,경기,0.18,2025,1
2025-01,경남,0.046,2025,1
2025-01,경북,0.07,2025,1
2025-01,광주,0.074,2025,1
2025-01,대구,0.08,2025,1
2025-01,대전,0.063,2025,1
2025-01,부산,0.107,2025,1
2025-01,서울,0.262,2025,1
2025-01,세종,0.086,2025,1
2025-01,울산,0.061,2025,1
2025-01,인천,0.083,2025,1
2025-01,전국,0.16,2025,1
2025-01,전남,0.064,2025,1
2025-01,전북,0.016,2025,1
2025-01,제주,-0.07,2025,1
2025-01,충남,0.088,2025,1
2025-01,충북,0.094,2025,1
2025-02,강원,0.101,2025,2
2025-02,경기,0.188,2025,2
2025-02,경남,0.048,2025,2
2025-02,경북,0.076,2025,2
2025-02,광주,0.071,2025,2
2025-02,대구,0.082,2025,2
2025-02,대전,0.092,2025,2
2025-02,부산,0.104,2025,2
2025-02,서울,0.245,2025,2
2025-02,세종,0.095,2025,2
2025-02,울산,0.068,2025,2
2025-02,인천,0.073,2025,2
2025-02,전국,0.158,2025,2
2025-02,전남,0.053,2025,2
2025-02,전북,0.037,2025,2
2025-02,제주,-0.074,2025,2
2025-02,충남,0.099,2025,2
2025-02,충북,0.102,2025,2
2025-03,강원,0.109,2025,3
2025-03,경기,0.199,2025,3
2025-03,경남,0.05,2025,3
2025-03,경북,0.084,2025,3
2025-03,광주,0.061,2025,3
2025-03,대구,0.092,2025,3
2025-03,대전,0.088,2025,3
2025-03,부산,0.114,2025,3
2025-03,서울,0.287,2025,3
2025-03,세종,0.091,2025,3
2025-03,울산,0.075,2025,3
2025-03,인천,0.082,2025,3
2025-03,전국,0.177,2025,3
2025-03,전남,0.021,2025,3
2025-03,전북,0.072,2025,3
2025-03,제주,-0.062,2025,3
2025-03,충남,0.101,2025,3
2025-03,충북,0.107,2025,3
2025-04,강원,0.109,2025,4
2025-04,경기,0.203,2025,4
2025-04,경남,0.055,2025,4
2025-04,경북,0.087,2025,4
2025-04,광주,0.05,2025,4
2025-04,대구,0.092,2025,4
2025-04,대전,0.098,2025,4
2025-04,부산,0.118,2025,4
2025-04,서울,0.289,2025,4
2025-04,세종,0.114,2025,4
2025-04,울산,0.087,2025,4
2025-04,인천,0.096,2025,4
2025-04,전국,0.18,2025,4
2025-04,전남,0.01,2025,4
2025-04,전북,0.063,2025,4
2025-04,제주,-0.056,2025,4
2025-04,충남,0.105,2025,4
2025-04,충북,0.108,2025,4
2025-05,강원,0.09,2025,5
2025-05,경기,0.188,2025,5
2025-05,경남,0.053,2025,5
2025-05,경북,0.079,2025,5
2025-05,광주,0.039,2025,5
2025-05,대구,0.092,2025,5
2025-05,대전,0.11,2025,5
2025-05,부산,0.126,2025,5
2025-05,서울,0.299,2025,5
2025-05,세종,0.101,2025,5
2025-05,울산,0.079,2025,5
2025-05,인천,0.075,2025,5
2025-05,전국,0.176,2025,5
2025-05,전남,-0.002,2025,5
2025-05,전북,0.049,2025,5
2025-05,제주,-0.064,2025,5
2025-05,충남,0.085,2025,5
2025-05,충북,0.102,2025,5
2025-06,강원,0.089,2025,6
2025-06,경기,0.202,2025,6
2025-06,경남,0.051,2025,6
2025-06,경북,0.063,2025,6
2025-06,광주,0.053,2025,6
2025-06,대구,0.071,2025,6
2025-06,대전,0.092,2025,6
2025-06,부산,0.126,2025,6
2025-06,서울,0.338,2025,6
2025-06,세종,0.106,2025,6
2025-06,울산,0.086,2025,6
2025-06,인천,0.078,2025,6
2025-06,전국,0.191,2025,6
2025-06,전남,-0.005,2025,6
2025-06,전북,0.032,2025,6
2025-06,제주,-0.057,2025,6
2025-06,충남,0.085,2025,6
2025-06,충북,0.103,2025,6
2025-07,강원,0.087,2025,7
2025-07,경기,0.198,2025,7
2025-07,경남,0.044,2025,7
2025-07,경북,0.057,2025,7
2025-07,광주,0.052,2025,7
2025-07,대구,0.065,2025,7
2025-07,대전,0.105,2025,7
2025-07,부산,0.143,2025,7
2025-07,서울,0.334,2025,7
2025-07,세종,0.128,2025,7
2025-07,울산,0.077,2025,7
2025-07,인천,0.065,2025,7
2025-07,전국,0.187,2025,7
2025-07,전남,-0.005,2025,7
2025-07,전북,0.01,2025,7
2025-07,제주,-0.065,2025,7
2025-07,충남,0.085,2025,7
2025-07,충북,0.093,2025,7
2025-08,강원,0.079,2025,8
2025-08,경기,0.183,2025,8
2025-08,경남,0.026,2025,8
2025-08,경북,0.049,2025,8
2025-08,광주,0.033,2025,8
2025-08,대구,0.057,2025,8
2025-08,대전,0.096,2025,8
2025-08,부산,0.12,2025,8
2025-08,서울,0.36,2025,8
2025-08,세종,0.143,2025,8
2025-08,울산,0.078,2025,8
2025-08,인천,0.101,2025,8
2025-08,전국,0.191,2025,8
2025-08,전남,-0.005,2025,8
2025-08,전북,0.009,2025,8
2025-08,제주,-0.064,2025,8
2025-08,충남,0.088,2025,8
2025-08,충북,0.092,2025,8
2025-09,강원,0.084,2025,9
2025-09,경기,0.193,2025,9
2025-09,경남,0.015,2025,9
2025-09,경북,0.053,2025,9
2025-09,광주,0.024,2025,9
2025-09,대구,0.061,2025,9
2025-09,대전,0.102,2025,9
2025-09,부산,0.119,2025,9
2025-09,서울,0.371,2025,9
2025-09,세종,0.145,2025,9
2025-09,울산,0.072,2025,9
2025-09,인천,0.096,2025,9
2025-09,전국,0.197,2025,9
2025-09,전남,0.0,2025,9
2025-09,전북,0.051,2025,9
2025-09,제주,-0.067,2025,9
2025-09,충남,0.084,2025,9
2025-09,충북,0.101,2025,9
2025-10,강원,0.082,2025,10
2025-10,경기,0.188,2025,10
2025-10,경남,0.014,2025,10
2025-10,경북,0.053,2025,10
2025-10,광주,0.011,2025,10
2025-10,대구,0.059,2025,10
2025-10,대전,0.115,2025,10
2025-10,부산,0.112,2025,10
2025-10,서울,0.389,2025,10
2025-10,세종,0.143,2025,10
2025-10,울산,0.068,2025,10
2025-10,인천,0.11,2025,10
2025-10,전국,0.201,2025,10
2025-10,전남,0.012,2025,10
2025-10,전북,0.017,2025,10
2025-10,제주,-0.068,2025,10
2025-10,충남,0.077,2025,10
2025-10,충북,0.078,2025,10
2025-11,강원,0.097,2025,11
2025-11,경기,0.183,2025,11
2025-11,경남,0.017,2025,11
2025-11,경북,0.055,2025,11
2025-11,광주,0.014,2025,11
2025-11,대구,0.066,2025,11
2025-11,대전,0.14,2025,11
2025-11,부산,0.114,2025,11
2025-11,서울,0.388,2025,11
2025-11,세종,0.149,2025,11
2025-11,울산,0.064,2025,11
2025-11,인천,0.128,2025,11
2025-11,전국,0.203,2025,11
2025-11,전남,0.015,2025,11
2025-11,전북,0.025,2025,11
2025-11,제주,-0.065,2025,11
2025-11,충남,0.091,2025,11
2025-11,충북,0.081,2025,11
2025-12,강원,0.106,2025,12
2025-12,경기,0.192,2025,12
2025-12,경남,0.025,2025,12
2025-12,경북,0.064,2025,12
2025-12,광주,0.03,2025,12
2025-12,대구,0.067,2025,12
2025-12,대전,0.148,2025,12
2025-12,부산,0.113,2025,12
2025-12,서울,0.385,2025,12
2025-12,세종,0.154,2025,12
2025-12,울산,0.071,2025,12
2025-12,인천,0.126,2025,12
2025-12,전국,0.207,2025,12
2025-12,전남,0.034,2025,12
2025-12,전북,0.034,2025,12
2025-12,제주,-0.056,2025,12
2025-12,충남,0.095,2025,12
2025-12,충북,0.083,2025,12
2026-01,강원,0.091,2026,1
2026-01,경기,0.182,2026,1
2026-01,경남,0.024,2026,1
2026-01,경북,0.05,2026,1
2026-01,광주,0.018,2026,1
2026-01,대구,0.063,2026,1
2026-01,대전,0.139,2026,1
2026-01,부산,0.104,2026,1
2026-01,서울,0.368,2026,1
2026-01,세종,0.153,2026,1
2026-01,울산,0.069,2026,1
2026-01,인천,0.103,2026,1
2026-01,전국,0.195,2026,1
2026-01,전남,0.032,2026,1
2026-01,전북,0.028,2026,1
2026-01,제주,-0.074,2026,1
2026-01,충남,0.09,2026,1
2026-01,충북,0.077,2026,1
