연월,시도,전입,전출,순이동,연도,월
2015-01,강원,19038,19840,-802,2015,1
2015-01,경기,143982,140535,3447,2015,1
2015-01,경남,40249,40066,183,2015,1
2015-01,경북,29208,30848,-1640,2015,1
2015-01,광주,20383,19891,492,2015,1
2015-01,대구,27783,29003,-1220,2015,1
2015-01,대전,19703,20806,-1103,2015,1
2015-01,부산,42779,44777,-1998,2015,1
2015-01,서울,116958,120013,-3055,2015,1
2015-01,세종,8109,2590,5519,2015,1
2015-01,울산,13757,13484,273,2015,1
2015-01,인천,32456,31147,1309,2015,1
2015-01,전남,21817,23283,-1466,2015,1
2015-01,전북,22448,22976,-528,2015,1
2015-01,제주,11164,10412,752,2015,1
2015-01,충남,27236,26747,489,2015,1
2015-01,충북,18060,18712,-652,2015,1
2015-02,강원,19540,20284,-744,2015,2
2015-02,경기,163198,158963,4235,2015,2
2015-02,경남,39669,40368,-699,2015,2
2015-02,경북,31184,32243,-1059,2015,2
2015-02,광주,21520,21599,-79,2015,2
2015-02,대구,32344,32999,-655,2015,2
2015-02,대전,21423,23922,-2499,2015,2
2015-02,부산,41778,42461,-683,2015,2
2015-02,서울,134168,138304,-4136,2015,2
2015-02,세종,10916,2975,7941,2015,2
2015-02,울산,12995,13423,-428,2015,2
2015-02,인천,34172,33805,367,2015,2
2015-02,전남,21225,22226,-1001,2015,2
2015-02,전북,24021,24467,-446,2015,2
2015-02,제주,11443,10357,1086,2015,2
2015-02,충남,25672,26228,-556,2015,2
2015-02,충북,18098,18742,-644,2015,2
2015-03,강원,23654,23369,285,2015,3
2015-03,경기,195143,186340,8803,2015,3
2015-03,경남,46278,45291,987,2015,3
2015-03,경북,35808,37122,-1314,2015,3
2015-03,광주,24853,25119,-266,2015,3
2015-03,대구,35197,36576,-1379,2015,3
2015-03,대전,22529,24608,-2079,2015,3
2015-03,부산,45511,48181,-2670,2015,3
2015-03,서울,160393,169767,-9374,2015,3
2015-03,세종,8272,3215,5057,2015,3
2015-03,울산,16683,16119,564,2015,3
2015-03,인천,43579,42936,643,2015,3
2015-03,전남,25307,25997,-690,2015,3
2015-03,전북,26708,27521,-813,2015,3
2015-03,제주,9833,8637,1196,2015,3
2015-03,충남,29196,28378,818,2015,3
2015-03,충북,22178,21946,232,2015,3
2015-04,강원,18197,17568,629,2015,4
2015-04,경기,165605,158683,6922,2015,4
2015-04,경남,38367,37323,1044,2015,4
2015-04,경북,28237,28861,-624,2015,4
2015-04,광주,20384,20763,-379,2015,4
2015-04,대구,29935,30925,-990,2015,4
2015-04,대전,17893,19298,-1405,2015,4
2015-04,부산,40628,41680,-1052,2015,4
2015-04,서울,137743,148860,-11117,2015,4
2015-04,세종,6084,2467,3617,2015,4
2015-04,울산,15102,14962,140,2015,4
2015-04,인천,41033,40321,712,2015,4
2015-04,전남,19356,19303,53,2015,4
2015-04,전북,21987,22045,-58,2015,4
2015-04,제주,7460,6194,1266,2015,4
2015-04,충남,23551,22558,993,2015,4
2015-04,충북,17890,17641,249,2015,4
2015-05,강원,17295,15933,1362,2015,5
2015-05,경기,156564,149045,7519,2015,5
2015-05,경남,35672,35091,581,2015,5
2015-05,경북,24957,25449,-492,2015,5
2015-05,광주,16647,17547,-900,2015,5
2015-05,대구,29981,30379,-398,2015,5
2015-05,대전,15955,17387,-1432,2015,5
2015-05,부산,40734,41168,-434,2015,5
2015-05,서울,132359,144035,-11676,2015,5
2015-05,세종,5442,2227,3215,2015,5
2015-05,울산,14180,14577,-397,2015,5
2015-05,인천,37958,37419,539,2015,5
2015-05,전남,16484,16350,134,2015,5
2015-05,전북,18601,18725,-124,2015,5
2015-05,제주,6455,5356,1099,2015,5
2015-05,충남,21088,20165,923,2015,5
2015-05,충북,15353,14872,481,2015,5
2015-06,강원,19296,17419,1877,2015,6
2015-06,경기,164830,157694,7136,2015,6
2015-06,경남,38018,38441,-423,2015,6
2015-06,경북,30216,29273,943,2015,6
2015-06,광주,17225,17925,-700,2015,6
2015-06,대구,30472,31860,-1388,2015,6
2015-06,대전,17100,18597,-1497,2015,6
2015-06,부산,45563,44395,1168,2015,6
2015-06,서울,135400,149778,-14378,2015,6
2015-06,세종,5252,2235,3017,2015,6
2015-06,울산,15927,16391,-464,2015,6
2015-06,인천,43446,42430,1016,2015,6
2015-06,전남,19390,19065,325,2015,6
2015-06,전북,19608,20064,-456,2015,6
2015-06,제주,6787,5637,1150,2015,6
2015-06,충남,22171,21263,908,2015,6
2015-06,충북,19698,17932,1766,2015,6
2015-07,강원,17745,17222,523,2015,7
2015-07,경기,159241,152228,7013,2015,7
2015-07,경남,34066,34882,-816,2015,7
2015-07,경북,28043,27179,864,2015,7
2015-07,광주,16074,16777,-703,2015,7
2015-07,대구,28837,29805,-968,2015,7
2015-07,대전,18199,19362,-1163,2015,7
2015-07,부산,47288,46543,745,2015,7
2015-07,서울,130033,141756,-11723,2015,7
2015-07,세종,6519,2408,4111,2015,7
2015-07,울산,13986,14101,-115,2015,7
2015-07,인천,42186,40956,1230,2015,7
2015-07,전남,20058,19680,378,2015,7
2015-07,전북,19298,19715,-417,2015,7
2015-07,제주,7204,5670,1534,2015,7
2015-07,충남,20610,20431,179,2015,7
2015-07,충북,17711,18383,-672,2015,7
2015-08,강원,17140,17282,-142,2015,8
2015-08,경기,166985,157204,9781,2015,8
2015-08,경남,32214,32337,-123,2015,8
2015-08,경북,25701,24985,716,2015,8
2015-08,광주,18135,19172,-1037,2015,8
2015-08,대구,26924,27818,-894,2015,8
2015-08,대전,17798,19585,-1787,2015,8
2015-08,부산,38816,40553,-1737,2015,8
2015-08,서울,128717,141628,-12911,2015,8
2015-08,세종,7111,2584,4527,2015,8
2015-08,울산,12016,12258,-242,2015,8
2015-08,인천,39893,38781,1112,2015,8
2015-08,전남,20383,19830,553,2015,8
2015-08,전북,21078,21547,-469,2015,8
2015-08,제주,6602,5423,1179,2015,8
2015-08,충남,23065,21272,1793,2015,8
2015-08,충북,16199,16518,-319,2015,8
2015-09,강원,15783,15369,414,2015,9
2015-09,경기,148450,139325,9125,2015,9
2015-09,경남,31211,29703,1508,2015,9
2015-09,경북,22633,22574,59,2015,9
2015-09,광주,14920,15928,-1008,2015,9
2015-09,대구,24619,25315,-696,2015,9
2015-09,대전,15448,16777,-1329,2015,9
2015-09,부산,32915,34987,-2072,2015,9
2015-09,서울,112803,125689,-12886,2015,9
2015-09,세종,5870,2244,3626,2015,9
2015-09,울산,10873,11106,-233,2015,9
2015-09,인천,36563,35679,884,2015,9
2015-09,전남,17879,17168,711,2015,9
2015-09,전북,18501,18406,95,2015,9
2015-09,제주,6528,5193,1335,2015,9
2015-09,충남,21120,20627,493,2015,9
2015-09,충북,14307,14333,-26,2015,9
2015-10,강원,19842,18758,1084,2015,10
2015-10,경기,174074,164682,9392,2015,10
2015-10,경남,36285,35282,1003,2015,10
2015-10,경북,27280,26993,287,2015,10
2015-10,광주,17014,18549,-1535,2015,10
2015-10,대구,28104,29519,-1415,2015,10
2015-10,대전,18093,19809,-1716,2015,10
2015-10,부산,39877,41633,-1756,2015,10
2015-10,서울,135505,150502,-14997,2015,10
2015-10,세종,6652,2568,4084,2015,10
2015-10,울산,16539,15062,1477,2015,10
2015-10,인천,42386,41610,776,2015,10
2015-10,전남,20815,19522,1293,2015,10
2015-10,전북,21714,21781,-67,2015,10
2015-10,제주,7341,5971,1370,2015,10
2015-10,충남,24459,23930,529,2015,10
2015-10,충북,17464,17273,191,2015,10
2015-11,강원,18169,18195,-26,2015,11
2015-11,경기,173851,165298,8553,2015,11
2015-11,경남,39672,39054,618,2015,11
2015-11,경북,29066,27864,1202,2015,11
2015-11,광주,17962,18041,-79,2015,11
2015-11,대구,28060,29009,-949,2015,11
2015-11,대전,17744,19509,-1765,2015,11
2015-11,부산,42243,43674,-1431,2015,11
2015-11,서울,132012,145622,-13610,2015,11
2015-11,세종,6173,2486,3687,2015,11
2015-11,울산,14284,13828,456,2015,11
2015-11,인천,40391,39760,631,2015,11
2015-11,전남,19913,20020,-107,2015,11
2015-11,전북,22673,22314,359,2015,11
2015-11,제주,7533,6474,1059,2015,11
2015-11,충남,24050,22769,1281,2015,11
2015-11,충북,16401,16280,121,2015,11
2015-12,강원,21426,21113,313,2015,12
2015-12,경기,181157,168315,12842,2015,12
2015-12,경남,43683,42441,1242,2015,12
2015-12,경북,32397,31916,481,2015,12
2015-12,광주,19486,22564,-3078,2015,12
2015-12,대구,29168,31156,-1988,2015,12
2015-12,대전,18889,21730,-2841,2015,12
2015-12,부산,48899,50539,-1640,2015,12
2015-12,서울,133340,150733,-17393,2015,12
2015-12,세종,7594,2951,4643,2015,12
2015-12,울산,14051,15162,-1111,2015,12
2015-12,인천,39160,38841,319,2015,12
2015-12,전남,27477,23724,3753,2015,12
2015-12,전북,25195,25101,94,2015,12
2015-12,제주,9230,7999,1231,2015,12
2015-12,충남,27734,25312,2422,2015,12
2015-12,충북,21267,20556,711,2015,12
2016-01,강원,20120,20392,-272,2016,1
2016-01,경기,148176,138986,9190,2016,1
2016-01,경남,38068,38550,-482,2016,1
2016-01,경북,27354,29039,-1685,2016,1
2016-01,광주,17078,16925,153,2016,1
2016-01,대구,24526,25013,-487,2016,1
2016-01,대전,18658,19819,-1161,2016,1
2016-01,부산,41272,42010,-738,2016,1
2016-01,서울,113095,119949,-6854,2016,1
2016-01,세종,7097,2734,4363,2016,1
2016-01,울산,15058,15514,-456,2016,1
2016-01,인천,30828,30282,546,2016,1
2016-01,전남,19642,21590,-1948,2016,1
2016-01,전북,20207,21659,-1452,2016,1
2016-01,제주,11926,11070,856,2016,1
2016-01,충남,24576,23967,609,2016,1
2016-01,충북,17449,17631,-182,2016,1
2016-02,강원,23257,24257,-1000,2016,2
2016-02,경기,175465,165671,9794,2016,2
2016-02,경남,43029,43715,-686,2016,2
2016-02,경북,33835,33917,-82,2016,2
2016-02,광주,19697,20759,-1062,2016,2
2016-02,대구,32349,34137,-1788,2016,2
2016-02,대전,23139,23979,-840,2016,2
2016-02,부산,43080,43750,-670,2016,2
2016-02,서울,145256,153467,-8211,2016,2
2016-02,세종,7625,3119,4506,2016,2
2016-02,울산,15687,16634,-947,2016,2
2016-02,인천,35544,35133,411,2016,2
2016-02,전남,24258,25284,-1026,2016,2
2016-02,전북,24447,25209,-762,2016,2
2016-02,제주,13677,11939,1738,2016,2
2016-02,충남,29694,28601,1093,2016,2
2016-02,충북,19374,19842,-468,2016,2
2016-03,강원,23483,23619,-136,2016,3
2016-03,경기,172219,162955,9264,2016,3
2016-03,경남,39973,40216,-243,2016,3
2016-03,경북,34906,34784,122,2016,3
2016-03,광주,18673,19646,-973,2016,3
2016-03,대구,30695,31709,-1014,2016,3
2016-03,대전,20578,21724,-1146,2016,3
2016-03,부산,39742,41040,-1298,2016,3
2016-03,서울,140880,149700,-8820,2016,3
2016-03,세종,5963,2808,3155,2016,3
2016-03,울산,13638,14375,-737,2016,3
2016-03,인천,37293,37078,215,2016,3
2016-03,전남,24802,25068,-266,2016,3
2016-03,전북,25641,26441,-800,2016,3
2016-03,제주,10544,8955,1589,2016,3
2016-03,충남,27075,26291,784,2016,3
2016-03,충북,20021,19717,304,2016,3
2016-04,강원,17715,17382,333,2016,4
2016-04,경기,140411,132857,7554,2016,4
2016-04,경남,34249,33457,792,2016,4
2016-04,경북,25347,25404,-57,2016,4
2016-04,광주,18454,18693,-239,2016,4
2016-04,대구,25406,26339,-933,2016,4
2016-04,대전,15435,16238,-803,2016,4
2016-04,부산,36072,37103,-1031,2016,4
2016-04,서울,117029,127687,-10658,2016,4
2016-04,세종,4349,2535,1814,2016,4
2016-04,울산,11855,12474,-619,2016,4
2016-04,인천,34492,33162,1330,2016,4
2016-04,전남,17935,18134,-199,2016,4
2016-04,전북,18996,19508,-512,2016,4
2016-04,제주,8217,6608,1609,2016,4
2016-04,충남,21739,20926,813,2016,4
2016-04,충북,16527,15721,806,2016,4
2016-05,강원,15995,16263,-268,2016,5
2016-05,경기,152523,142146,10377,2016,5
2016-05,경남,33272,33010,262,2016,5
2016-05,경북,24655,24234,421,2016,5
2016-05,광주,18670,18653,17,2016,5
2016-05,대구,25379,26570,-1191,2016,5
2016-05,대전,16214,17177,-963,2016,5
2016-05,부산,37470,39189,-1719,2016,5
2016-05,서울,123743,135701,-11958,2016,5
2016-05,세종,4876,2598,2278,2016,5
2016-05,울산,13865,14317,-452,2016,5
2016-05,인천,36236,35585,651,2016,5
2016-05,전남,18097,18469,-372,2016,5
2016-05,전북,19474,20054,-580,2016,5
2016-05,제주,8464,7006,1458,2016,5
2016-05,충남,24471,23236,1235,2016,5
2016-05,충북,16024,15220,804,2016,5
2016-06,강원,15898,15126,772,2016,6
2016-06,경기,147796,137581,10215,2016,6
2016-06,경남,32391,32116,275,2016,6
2016-06,경북,23520,23352,168,2016,6
2016-06,광주,17556,17966,-410,2016,6
2016-06,대구,24418,25286,-868,2016,6
2016-06,대전,17211,18142,-931,2016,6
2016-06,부산,36668,38781,-2113,2016,6
2016-06,서울,119398,131462,-12064,2016,6
2016-06,세종,4646,2487,2159,2016,6
2016-06,울산,11798,12334,-536,2016,6
2016-06,인천,34349,33998,351,2016,6
2016-06,전남,17659,17721,-62,2016,6
2016-06,전북,19922,19764,158,2016,6
2016-06,제주,7716,6519,1197,2016,6
2016-06,충남,21438,20051,1387,2016,6
2016-06,충북,14684,14382,302,2016,6
2016-07,강원,14964,14927,37,2016,7
2016-07,경기,152101,138877,13224,2016,7
2016-07,경남,27779,27885,-106,2016,7
2016-07,경북,21912,22327,-415,2016,7
2016-07,광주,15324,15522,-198,2016,7
2016-07,대구,25905,26394,-489,2016,7
2016-07,대전,16011,16489,-478,2016,7
2016-07,부산,32635,34565,-1930,2016,7
2016-07,서울,110156,123001,-12845,2016,7
2016-07,세종,3703,2112,1591,2016,7
2016-07,울산,10411,10994,-583,2016,7
2016-07,인천,39043,38258,785,2016,7
2016-07,전남,16610,17153,-543,2016,7
2016-07,전북,16979,17243,-264,2016,7
2016-07,제주,7137,5808,1329,2016,7
2016-07,충남,19478,18960,518,2016,7
2016-07,충북,14742,14375,367,2016,7
2016-08,강원,17116,16937,179,2016,8
2016-08,경기,182540,167422,15118,2016,8
2016-08,경남,32183,33006,-823,2016,8
2016-08,경북,25400,26328,-928,2016,8
2016-08,광주,18116,18609,-493,2016,8
2016-08,대구,31352,31272,80,2016,8
2016-08,대전,19408,20086,-678,2016,8
2016-08,부산,38613,40144,-1531,2016,8
2016-08,서울,132319,146990,-14671,2016,8
2016-08,세종,5323,3144,2179,2016,8
2016-08,울산,11559,12152,-593,2016,8
2016-08,인천,41232,40566,666,2016,8
2016-08,전남,19007,19636,-629,2016,8
2016-08,전북,19681,20063,-382,2016,8
2016-08,제주,8382,7255,1127,2016,8
2016-08,충남,22955,21718,1237,2016,8
2016-08,충북,16696,16554,142,2016,8
2016-09,강원,15714,15114,600,2016,9
2016-09,경기,152589,141531,11058,2016,9
2016-09,경남,27454,27623,-169,2016,9
2016-09,경북,21155,21067,88,2016,9
2016-09,광주,15792,16256,-464,2016,9
2016-09,대구,23401,23797,-396,2016,9
2016-09,대전,15466,15982,-516,2016,9
2016-09,부산,32336,34284,-1948,2016,9
2016-09,서울,117840,128750,-10910,2016,9
2016-09,세종,3965,2539,1426,2016,9
2016-09,울산,9995,10643,-648,2016,9
2016-09,인천,35784,35177,607,2016,9
2016-09,전남,15793,16490,-697,2016,9
2016-09,전북,16884,17360,-476,2016,9
2016-09,제주,6775,5926,849,2016,9
2016-09,충남,20524,19233,1291,2016,9
2016-09,충북,14253,13948,305,2016,9
2016-10,강원,18666,18091,575,2016,10
2016-10,경기,170234,157398,12836,2016,10
2016-10,경남,31838,31236,602,2016,10
2016-10,경북,24104,24642,-538,2016,10
2016-10,광주,17360,18230,-870,2016,10
2016-10,대구,26049,26702,-653,2016,10
2016-10,대전,18049,18978,-929,2016,10
2016-10,부산,38232,40719,-2487,2016,10
2016-10,서울,133610,146868,-13258,2016,10
2016-10,세종,5209,3032,2177,2016,10
2016-10,울산,11208,11576,-368,2016,10
2016-10,인천,39839,39451,388,2016,10
2016-10,전남,16900,16814,86,2016,10
2016-10,전북,18586,19158,-572,2016,10
2016-10,제주,7344,6413,931,2016,10
2016-10,충남,22619,21113,1506,2016,10
2016-10,충북,16509,15935,574,2016,10
2016-11,강원,18753,18458,295,2016,11
2016-11,경기,181152,169278,11874,2016,11
2016-11,경남,33251,32673,578,2016,11
2016-11,경북,25265,25372,-107,2016,11
2016-11,광주,17896,18771,-875,2016,11
2016-11,대구,29511,29775,-264,2016,11
2016-11,대전,19300,20106,-806,2016,11
2016-11,부산,40842,43346,-2504,2016,11
2016-11,서울,130166,144748,-14582,2016,11
2016-11,세종,5679,3820,1859,2016,11
2016-11,울산,11493,12217,-724,2016,11
2016-11,인천,40280,40288,-8,2016,11
2016-11,전남,18921,18445,476,2016,11
2016-11,전북,22437,21806,631,2016,11
2016-11,제주,7693,6701,992,2016,11
2016-11,충남,25035,22948,2087,2016,11
2016-11,충북,17612,16534,1078,2016,11
2016-12,강원,21803,21026,777,2016,12
2016-12,경기,183387,170274,13113,2016,12
2016-12,경남,38465,36693,1772,2016,12
2016-12,경북,28199,28337,-138,2016,12
2016-12,광주,18560,21044,-2484,2016,12
2016-12,대구,29237,30494,-1257,2016,12
2016-12,대전,19783,21163,-1380,2016,12
2016-12,부산,42053,45476,-3423,2016,12
2016-12,서울,132110,147536,-15426,2016,12
2016-12,세종,6617,4308,2309,2016,12
2016-12,울산,11623,12582,-959,2016,12
2016-12,인천,36726,36891,-165,2016,12
2016-12,전남,24508,22533,1975,2016,12
2016-12,전북,24934,24342,592,2016,12
2016-12,제주,8950,7993,957,2016,12
2016-12,충남,27160,24402,2758,2016,12
2016-12,충북,18788,17809,979,2016,12
2017-01,강원,18522,19855,-1333,2017,1
2017-01,경기,147008,138863,8145,2017,1
2017-01,경남,33822,33949,-127,2017,1
2017-01,경북,25341,26785,-1444,2017,1
2017-01,광주,17484,17358,126,2017,1
2017-01,대구,26169,26266,-97,2017,1
2017-01,대전,18367,18700,-333,2017,1
2017-01,부산,37605,39613,-2008,2017,1
2017-01,서울,114655,117173,-2518,2017,1
2017-01,세종,5331,3630,1701,2017,1
2017-01,울산,11137,12210,-1073,2017,1
2017-01,인천,29578,29383,195,2017,1
2017-01,전남,19979,21243,-1264,2017,1
2017-01,전북,20975,22213,-1238,2017,1
2017-01,제주,11105,10479,626,2017,1
2017-01,충남,23264,22634,630,2017,1
2017-01,충북,16809,16797,12,2017,1
2017-02,강원,23477,24219,-742,2017,2
2017-02,경기,186226,177324,8902,2017,2
2017-02,경남,42196,44175,-1979,2017,2
2017-02,경북,31878,34046,-2168,2017,2
2017-02,광주,22751,24050,-1299,2017,2
2017-02,대구,33146,33613,-467,2017,2
2017-02,대전,23601,24507,-906,2017,2
2017-02,부산,48737,50027,-1290,2017,2
2017-02,서울,161130,162678,-1548,2017,2
2017-02,세종,7066,4612,2454,2017,2
2017-02,울산,13655,15728,-2073,2017,2
2017-02,인천,38606,38956,-350,2017,2
2017-02,전남,24414,25694,-1280,2017,2
2017-02,전북,25336,26503,-1167,2017,2
2017-02,제주,13356,12126,1230,2017,2
2017-02,충남,32414,30003,2411,2017,2
2017-02,충북,20859,20587,272,2017,2
2017-03,강원,21771,21877,-106,2017,3
2017-03,경기,172041,162209,9832,2017,3
2017-03,경남,38197,38767,-570,2017,3
2017-03,경북,29122,30584,-1462,2017,3
2017-03,광주,20451,21526,-1075,2017,3
2017-03,대구,27779,28957,-1178,2017,3
2017-03,대전,19915,21952,-2037,2017,3
2017-03,부산,39566,41622,-2056,2017,3
2017-03,서울,143477,148176,-4699,2017,3
2017-03,세종,7392,4001,3391,2017,3
2017-03,울산,12416,13919,-1503,2017,3
2017-03,인천,36433,36448,-15,2017,3
2017-03,전남,22288,23082,-794,2017,3
2017-03,전북,23022,23962,-940,2017,3
2017-03,제주,10158,9029,1129,2017,3
2017-03,충남,30178,27861,2317,2017,3
2017-03,충북,19145,19379,-234,2017,3
2017-04,강원,15430,15444,-14,2017,4
2017-04,경기,136220,129921,6299,2017,4
2017-04,경남,31635,31979,-344,2017,4
2017-04,경북,21978,22496,-518,2017,4
2017-04,광주,15679,16691,-1012,2017,4
2017-04,대구,22568,23205,-637,2017,4
2017-04,대전,15090,16194,-1104,2017,4
2017-04,부산,34002,35946,-1944,2017,4
2017-04,서울,112932,119307,-6375,2017,4
2017-04,세종,6298,3519,2779,2017,4
2017-04,울산,10745,11518,-773,2017,4
2017-04,인천,30495,30441,54,2017,4
2017-04,전남,17470,17065,405,2017,4
2017-04,전북,16925,17498,-573,2017,4
2017-04,제주,7390,6310,1080,2017,4
2017-04,충남,22158,20211,1947,2017,4
2017-04,충북,15093,14363,730,2017,4
2017-05,강원,15883,15846,37,2017,5
2017-05,경기,147097,139991,7106,2017,5
2017-05,경남,36716,36277,439,2017,5
2017-05,경북,22006,22831,-825,2017,5
2017-05,광주,16438,16948,-510,2017,5
2017-05,대구,23786,24772,-986,2017,5
2017-05,대전,18652,20854,-2202,2017,5
2017-05,부산,36958,39318,-2360,2017,5
2017-05,서울,124132,130722,-6590,2017,5
2017-05,세종,9434,4624,4810,2017,5
2017-05,울산,10572,11593,-1021,2017,5
2017-05,인천,34524,34365,159,2017,5
2017-05,전남,17433,17614,-181,2017,5
2017-05,전북,18192,18741,-549,2017,5
2017-05,제주,7951,6666,1285,2017,5
2017-05,충남,22636,21164,1472,2017,5
2017-05,충북,15601,15685,-84,2017,5
2017-06,강원,15639,14859,780,2017,6
2017-06,경기,138178,132131,6047,2017,6
2017-06,경남,35099,34485,614,2017,6
2017-06,경북,21740,22436,-696,2017,6
2017-06,광주,15601,16034,-433,2017,6
2017-06,대구,22260,22875,-615,2017,6
2017-06,대전,16847,18585,-1738,2017,6
2017-06,부산,34064,36628,-2564,2017,6
2017-06,서울,115236,121281,-6045,2017,6
2017-06,세종,7819,4085,3734,2017,6
2017-06,울산,10225,11014,-789,2017,6
2017-06,인천,31915,31714,201,2017,6
2017-06,전남,16008,16439,-431,2017,6
2017-06,전북,16964,17650,-686,2017,6
2017-06,제주,7041,6197,844,2017,6
2017-06,충남,21108,19354,1754,2017,6
2017-06,충북,15333,15310,23,2017,6
2017-07,강원,14486,14791,-305,2017,7
2017-07,경기,141537,133528,8009,2017,7
2017-07,경남,32708,31780,928,2017,7
2017-07,경북,24410,25062,-652,2017,7
2017-07,광주,15040,15356,-316,2017,7
2017-07,대구,23072,23807,-735,2017,7
2017-07,대전,15462,16382,-920,2017,7
2017-07,부산,35266,37237,-1971,2017,7
2017-07,서울,113098,121341,-8243,2017,7
2017-07,세종,6492,3679,2813,2017,7
2017-07,울산,9807,10770,-963,2017,7
2017-07,인천,34014,33887,127,2017,7
2017-07,전남,16888,17077,-189,2017,7
2017-07,전북,17423,18172,-749,2017,7
2017-07,제주,7418,5845,1573,2017,7
2017-07,충남,21017,19512,1505,2017,7
2017-07,충북,15148,15060,88,2017,7
2017-08,강원,15950,15788,162,2017,8
2017-08,경기,169095,158331,10764,2017,8
2017-08,경남,34778,35344,-566,2017,8
2017-08,경북,28946,29092,-146,2017,8
2017-08,광주,18683,18658,25,2017,8
2017-08,대구,27528,29406,-1878,2017,8
2017-08,대전,17413,18333,-920,2017,8
2017-08,부산,40356,41103,-747,2017,8
2017-08,서울,132940,141931,-8991,2017,8
2017-08,세종,7536,4711,2825,2017,8
2017-08,울산,10444,11930,-1486,2017,8
2017-08,인천,36757,37274,-517,2017,8
2017-08,전남,17648,18938,-1290,2017,8
2017-08,전북,18559,19370,-811,2017,8
2017-08,제주,8199,6646,1553,2017,8
2017-08,충남,26580,24570,2010,2017,8
2017-08,충북,16739,16726,13,2017,8
2017-09,강원,15381,14980,401,2017,9
2017-09,경기,172577,158654,13923,2017,9
2017-09,경남,30366,29827,539,2017,9
2017-09,경북,27433,26465,968,2017,9
2017-09,광주,16586,16753,-167,2017,9
2017-09,대구,26579,28440,-1861,2017,9
2017-09,대전,16413,17155,-742,2017,9
2017-09,부산,34958,36416,-1458,2017,9
2017-09,서울,120252,133583,-13331,2017,9
2017-09,세종,5518,3450,2068,2017,9
2017-09,울산,11440,12397,-957,2017,9
2017-09,인천,33943,35324,-1381,2017,9
2017-09,전남,16496,16892,-396,2017,9
2017-09,전북,16893,17334,-441,2017,9
2017-09,제주,7728,6501,1227,2017,9
2017-09,충남,23068,21619,1449,2017,9
2017-09,충북,15261,15102,159,2017,9
2017-10,강원,14119,13632,487,2017,10
2017-10,경기,147785,137313,10472,2017,10
2017-10,경남,28356,26171,2185,2017,10
2017-10,경북,23102,22517,585,2017,10
2017-10,광주,14974,15138,-164,2017,10
2017-10,대구,27594,28787,-1193,2017,10
2017-10,대전,14866,16105,-1239,2017,10
2017-10,부산,29670,34419,-4749,2017,10
2017-10,서울,109323,120064,-10741,2017,10
2017-10,세종,5820,3365,2455,2017,10
2017-10,울산,11057,11318,-261,2017,10
2017-10,인천,31642,31514,128,2017,10
2017-10,전남,15183,15405,-222,2017,10
2017-10,전북,14990,15565,-575,2017,10
2017-10,제주,7107,5793,1314,2017,10
2017-10,충남,19693,18413,1280,2017,10
2017-10,충북,13354,13116,238,2017,10
2017-11,강원,19835,18306,1529,2017,11
2017-11,경기,164794,151095,13699,2017,11
2017-11,경남,32808,31429,1379,2017,11
2017-11,경북,26795,26371,424,2017,11
2017-11,광주,17362,17986,-624,2017,11
2017-11,대구,32466,33341,-875,2017,11
2017-11,대전,16522,18273,-1751,2017,11
2017-11,부산,33845,37390,-3545,2017,11
2017-11,서울,114057,128744,-14687,2017,11
2017-11,세종,6252,3651,2601,2017,11
2017-11,울산,11724,12307,-583,2017,11
2017-11,인천,35420,35701,-281,2017,11
2017-11,전남,18721,18570,151,2017,11
2017-11,전북,18866,19331,-465,2017,11
2017-11,제주,8670,7546,1124,2017,11
2017-11,충남,23385,22073,1312,2017,11
2017-11,충북,15944,15352,592,2017,11
2017-12,강원,21160,20021,1139,2017,12
2017-12,경기,165766,152802,12964,2017,12
2017-12,경남,36498,35017,1481,2017,12
2017-12,경북,28310,27957,353,2017,12
2017-12,광주,17089,19758,-2669,2017,12
2017-12,대구,28235,29649,-1414,2017,12
2017-12,대전,18301,20584,-2283,2017,12
2017-12,부산,34046,37752,-3706,2017,12
2017-12,서울,111705,126423,-14718,2017,12
2017-12,세종,7115,4056,3059,2017,12
2017-12,울산,11977,12412,-435,2017,12
2017-12,인천,36138,36128,10,2017,12
2017-12,전남,24976,22532,2444,2017,12
2017-12,전북,23902,22914,988,2017,12
2017-12,제주,8904,7884,1020,2017,12
2017-12,충남,23237,21923,1314,2017,12
2017-12,충북,17891,17438,453,2017,12
2018-01,강원,21088,22708,-1620,2018,1
2018-01,경기,178928,164821,14107,2018,1
2018-01,경남,39383,39386,-3,2018,1
2018-01,경북,29327,31382,-2055,2018,1
2018-01,광주,20458,20319,139,2018,1
2018-01,대구,28490,29154,-664,2018,1
2018-01,대전,20467,21511,-1044,2018,1
2018-01,부산,35923,38872,-2949,2018,1
2018-01,서울,119120,126275,-7155,2018,1
2018-01,세종,7436,4557,2879,2018,1
2018-01,울산,13415,14162,-747,2018,1
2018-01,인천,42813,40930,1883,2018,1
2018-01,전남,22457,24787,-2330,2018,1
2018-01,전북,23420,25710,-2290,2018,1
2018-01,제주,13090,12052,1038,2018,1
2018-01,충남,27368,26298,1070,2018,1
2018-01,충북,19100,19359,-259,2018,1
2018-02,강원,20077,21543,-1466,2018,2
2018-02,경기,193015,177473,15542,2018,2
2018-02,경남,38428,39788,-1360,2018,2
2018-02,경북,29749,32143,-2394,2018,2
2018-02,광주,19797,20775,-978,2018,2
2018-02,대구,30043,30886,-843,2018,2
2018-02,대전,20144,22463,-2319,2018,2
2018-02,부산,39119,40397,-1278,2018,2
2018-02,서울,135440,142674,-7234,2018,2
2018-02,세종,9837,5140,4697,2018,2
2018-02,울산,13003,14550,-1547,2018,2
2018-02,인천,43227,42812,415,2018,2
2018-02,전남,21302,22799,-1497,2018,2
2018-02,전북,25288,27010,-1722,2018,2
2018-02,제주,11457,10460,997,2018,2
2018-02,충남,28396,27741,655,2018,2
2018-02,충북,19384,19052,332,2018,2
2018-03,강원,21369,21235,134,2018,3
2018-03,경기,192019,177098,14921,2018,3
2018-03,경남,38478,39453,-975,2018,3
2018-03,경북,30290,31796,-1506,2018,3
2018-03,광주,20144,21431,-1287,2018,3
2018-03,대구,28106,29525,-1419,2018,3
2018-03,대전,19083,20911,-1828,2018,3
2018-03,부산,42516,44725,-2209,2018,3
2018-03,서울,144160,152138,-7978,2018,3
2018-03,세종,7957,5079,2878,2018,3
2018-03,울산,12100,13471,-1371,2018,3
2018-03,인천,43841,44621,-780,2018,3
2018-03,전남,22567,23022,-455,2018,3
2018-03,전북,25393,26575,-1182,2018,3
2018-03,제주,10238,9102,1136,2018,3
2018-03,충남,27896,26562,1334,2018,3
2018-03,충북,21672,21085,587,2018,3
2018-04,강원,17163,17681,-518,2018,4
2018-04,경기,162039,149259,12780,2018,4
2018-04,경남,31844,32295,-451,2018,4
2018-04,경북,26713,27152,-439,2018,4
2018-04,광주,17070,18307,-1237,2018,4
2018-04,대구,24869,26028,-1159,2018,4
2018-04,대전,16239,17985,-1746,2018,4
2018-04,부산,34794,37164,-2370,2018,4
2018-04,서울,117443,127510,-10067,2018,4
2018-04,세종,8808,5170,3638,2018,4
2018-04,울산,10358,11419,-1061,2018,4
2018-04,인천,37290,36772,518,2018,4
2018-04,전남,17929,17630,299,2018,4
2018-04,전북,21353,22109,-756,2018,4
2018-04,제주,8033,7056,977,2018,4
2018-04,충남,24497,23331,1166,2018,4
2018-04,충북,17325,16899,426,2018,4
2018-05,강원,16936,16855,81,2018,5
2018-05,경기,166629,152815,13814,2018,5
2018-05,경남,32543,32195,348,2018,5
2018-05,경북,25336,25583,-247,2018,5
2018-05,광주,17926,18615,-689,2018,5
2018-05,대구,27231,28667,-1436,2018,5
2018-05,대전,17019,18215,-1196,2018,5
2018-05,부산,37839,40348,-2509,2018,5
2018-05,서울,117278,128576,-11298,2018,5
2018-05,세종,6498,4171,2327,2018,5
2018-05,울산,10575,11561,-986,2018,5
2018-05,인천,36824,36670,154,2018,5
2018-05,전남,17321,17621,-300,2018,5
2018-05,전북,20119,20729,-610,2018,5
2018-05,제주,8211,7185,1026,2018,5
2018-05,충남,24676,23793,883,2018,5
2018-05,충북,16609,15971,638,2018,5
2018-06,강원,14585,14810,-225,2018,6
2018-06,경기,149992,136387,13605,2018,6
2018-06,경남,30109,30366,-257,2018,6
2018-06,경북,23041,24010,-969,2018,6
2018-06,광주,16660,16695,-35,2018,6
2018-06,대구,25197,25648,-451,2018,6
2018-06,대전,16263,16837,-574,2018,6
2018-06,부산,31839,34332,-2493,2018,6
2018-06,서울,109139,117661,-8522,2018,6
2018-06,세종,7023,4498,2525,2018,6
2018-06,울산,9605,10924,-1319,2018,6
2018-06,인천,32648,32554,94,2018,6
2018-06,전남,15526,16939,-1413,2018,6
2018-06,전북,17201,18460,-1259,2018,6
2018-06,제주,7233,6467,766,2018,6
2018-06,충남,23755,23147,608,2018,6
2018-06,충북,13981,14062,-81,2018,6
2018-07,강원,17393,17704,-311,2018,7
2018-07,경기,159655,144748,14907,2018,7
2018-07,경남,31145,31427,-282,2018,7
2018-07,경북,23027,24148,-1121,2018,7
2018-07,광주,17701,17392,309,2018,7
2018-07,대구,24368,25312,-944,2018,7
2018-07,대전,18149,18248,-99,2018,7
2018-07,부산,33669,36040,-2371,2018,7
2018-07,서울,112580,121981,-9401,2018,7
2018-07,세종,7101,4954,2147,2018,7
2018-07,울산,10120,11135,-1015,2018,7
2018-07,인천,32372,33017,-645,2018,7
2018-07,전남,16616,17929,-1313,2018,7
2018-07,전북,17971,19355,-1384,2018,7
2018-07,제주,7973,7044,929,2018,7
2018-07,충남,23667,23416,251,2018,7
2018-07,충북,15097,14754,343,2018,7
2018-08,강원,16510,16925,-415,2018,8
2018-08,경기,171979,155741,16238,2018,8
2018-08,경남,32010,32641,-631,2018,8
2018-08,경북,24663,25616,-953,2018,8
2018-08,광주,18135,18102,33,2018,8
2018-08,대구,25783,27367,-1584,2018,8
2018-08,대전,18280,19199,-919,2018,8
2018-08,부산,33825,35865,-2040,2018,8
2018-08,서울,117300,126268,-8968,2018,8
2018-08,세종,7490,4782,2708,2018,8
2018-08,울산,10043,11223,-1180,2018,8
2018-08,인천,31146,32260,-1114,2018,8
2018-08,전남,18159,19723,-1564,2018,8
2018-08,전북,18869,20130,-1261,2018,8
2018-08,제주,8028,7254,774,2018,8
2018-08,충남,23523,22710,813,2018,8
2018-08,충북,16365,16302,63,2018,8
2018-09,강원,13650,13450,200,2018,9
2018-09,경기,135423,123587,11836,2018,9
2018-09,경남,22885,23590,-705,2018,9
2018-09,경북,19071,19312,-241,2018,9
2018-09,광주,14792,14607,185,2018,9
2018-09,대구,22128,23135,-1007,2018,9
2018-09,대전,13023,13820,-797,2018,9
2018-09,부산,25264,26627,-1363,2018,9
2018-09,서울,92262,100223,-7961,2018,9
2018-09,세종,6082,3816,2266,2018,9
2018-09,울산,7346,8205,-859,2018,9
2018-09,인천,24293,24939,-646,2018,9
2018-09,전남,13200,14539,-1339,2018,9
2018-09,전북,14529,15230,-701,2018,9
2018-09,제주,5946,5479,467,2018,9
2018-09,충남,18078,17716,362,2018,9
2018-09,충북,14140,13837,303,2018,9
2018-10,강원,17767,17746,21,2018,10
2018-10,경기,183701,168821,14880,2018,10
2018-10,경남,30481,31096,-615,2018,10
2018-10,경북,25756,26012,-256,2018,10
2018-10,광주,20268,20280,-12,2018,10
2018-10,대구,29869,31250,-1381,2018,10
2018-10,대전,18023,19255,-1232,2018,10
2018-10,부산,35078,37450,-2372,2018,10
2018-10,서울,132111,142818,-10707,2018,10
2018-10,세종,6600,4494,2106,2018,10
2018-10,울산,10065,10899,-834,2018,10
2018-10,인천,36525,36810,-285,2018,10
2018-10,전남,17881,18626,-745,2018,10
2018-10,전북,18628,19491,-863,2018,10
2018-10,제주,7854,7417,437,2018,10
2018-10,충남,22865,22029,836,2018,10
2018-10,충북,23688,22666,1022,2018,10
2018-11,강원,20066,19674,392,2018,11
2018-11,경기,176460,162919,13541,2018,11
2018-11,경남,29139,29338,-199,2018,11
2018-11,경북,25203,24594,609,2018,11
2018-11,광주,18556,19472,-916,2018,11
2018-11,대구,27042,28238,-1196,2018,11
2018-11,대전,17536,18642,-1106,2018,11
2018-11,부산,32578,34612,-2034,2018,11
2018-11,서울,125350,136685,-11335,2018,11
2018-11,세종,5485,4006,1479,2018,11
2018-11,울산,10561,11433,-872,2018,11
2018-11,인천,37219,37203,16,2018,11
2018-11,전남,18899,18218,681,2018,11
2018-11,전북,19302,20203,-901,2018,11
2018-11,제주,7618,7359,259,2018,11
2018-11,충남,23800,22797,1003,2018,11
2018-11,충북,20000,19421,579,2018,11
2018-12,강원,19794,19921,-127,2018,12
2018-12,경기,171875,157952,13923,2018,12
2018-12,경남,33269,33949,-680,2018,12
2018-12,경북,27270,26923,347,2018,12
2018-12,광주,17385,19113,-1728,2018,12
2018-12,대구,28032,30190,-2158,2018,12
2018-12,대전,18653,20546,-1893,2018,12
2018-12,부산,33651,36422,-2771,2018,12
2018-12,서울,117524,127128,-9604,2018,12
2018-12,세종,6116,4333,1783,2018,12
2018-12,울산,10731,11594,-863,2018,12
2018-12,인천,35441,35118,323,2018,12
2018-12,전남,22527,20581,1946,2018,12
2018-12,전북,21251,22095,-844,2018,12
2018-12,제주,8521,8474,47,2018,12
2018-12,충남,23784,22681,1103,2018,12
2018-12,충북,21525,20329,1196,2018,12
2019-01,강원,21694,22722,-1028,2019,1
2019-01,경기,176207,165024,11183,2019,1
2019-01,경남,40480,40989,-509,2019,1
2019-01,경북,29181,31304,-2123,2019,1
2019-01,광주,19967,19465,502,2019,1
2019-01,대구,31522,32735,-1213,2019,1
2019-01,대전,20825,22133,-1308,2019,1
2019-01,부산,36919,39477,-2558,2019,1
2019-01,서울,128937,129031,-94,2019,1
2019-01,세종,7825,5368,2457,2019,1
2019-01,울산,12723,13788,-1065,2019,1
2019-01,인천,37979,37061,918,2019,1
2019-01,전남,21716,25181,-3465,2019,1
2019-01,전북,22266,23930,-1664,2019,1
2019-01,제주,11509,11419,90,2019,1
2019-01,충남,25843,26122,-279,2019,1
2019-01,충북,21634,21478,156,2019,1
2019-02,강원,21212,22213,-1001,2019,2
2019-02,경기,180669,169249,11420,2019,2
2019-02,경남,41218,43422,-2204,2019,2
2019-02,경북,30891,32917,-2026,2019,2
2019-02,광주,21632,22340,-708,2019,2
2019-02,대구,31388,33654,-2266,2019,2
2019-02,대전,22011,23295,-1284,2019,2
2019-02,부산,40717,42394,-1677,2019,2
2019-02,서울,146401,143367,3034,2019,2
2019-02,세종,9622,6329,3293,2019,2
2019-02,울산,14625,15870,-1245,2019,2
2019-02,인천,38926,39321,-395,2019,2
2019-02,전남,21376,23935,-2559,2019,2
2019-02,전북,23797,25655,-1858,2019,2
2019-02,제주,10679,10543,136,2019,2
2019-02,충남,26570,27053,-483,2019,2
2019-02,충북,20595,20772,-177,2019,2
2019-03,강원,20616,20361,255,2019,3
2019-03,경기,168062,158699,9363,2019,3
2019-03,경남,36734,37827,-1093,2019,3
2019-03,경북,29294,29379,-85,2019,3
2019-03,광주,19595,19992,-397,2019,3
2019-03,대구,25283,27708,-2425,2019,3
2019-03,대전,18653,19846,-1193,2019,3
2019-03,부산,36425,38345,-1920,2019,3
2019-03,서울,135592,137242,-1650,2019,3
2019-03,세종,6729,4653,2076,2019,3
2019-03,울산,13707,14893,-1186,2019,3
2019-03,인천,37561,37659,-98,2019,3
2019-03,전남,19907,21218,-1311,2019,3
2019-03,전북,22556,23912,-1356,2019,3
2019-03,제주,8536,8009,527,2019,3
2019-03,충남,24307,23777,530,2019,3
2019-03,충북,17892,17929,-37,2019,3
2019-04,강원,18628,18094,534,2019,4
2019-04,경기,163263,153050,10213,2019,4
2019-04,경남,32983,33844,-861,2019,4
2019-04,경북,25780,25993,-213,2019,4
2019-04,광주,17074,17215,-141,2019,4
2019-04,대구,23461,25185,-1724,2019,4
2019-04,대전,16142,17372,-1230,2019,4
2019-04,부산,34980,37090,-2110,2019,4
2019-04,서울,118129,122867,-4738,2019,4
2019-04,세종,5500,4014,1486,2019,4
2019-04,울산,13338,14154,-816,2019,4
2019-04,인천,35652,35954,-302,2019,4
2019-04,전남,18190,18861,-671,2019,4
2019-04,전북,19189,20044,-855,2019,4
2019-04,제주,7462,7044,418,2019,4
2019-04,충남,20857,20685,172,2019,4
2019-04,충북,16665,15827,838,2019,4
2019-05,강원,17508,17293,215,2019,5
2019-05,경기,159107,145768,13339,2019,5
2019-05,경남,30943,31921,-978,2019,5
2019-05,경북,25621,25787,-166,2019,5
2019-05,광주,17058,17165,-107,2019,5
2019-05,대구,26878,28792,-1914,2019,5
2019-05,대전,15385,16640,-1255,2019,5
2019-05,부산,33041,34874,-1833,2019,5
2019-05,서울,110881,117209,-6328,2019,5
2019-05,세종,5038,3953,1085,2019,5
2019-05,울산,12146,13018,-872,2019,5
2019-05,인천,37120,37115,5,2019,5
2019-05,전남,17371,18382,-1011,2019,5
2019-05,전북,17233,18353,-1120,2019,5
2019-05,제주,7334,6758,576,2019,5
2019-05,충남,20084,20194,-110,2019,5
2019-05,충북,16272,15798,474,2019,5
2019-06,강원,14676,14403,273,2019,6
2019-06,경기,136256,124662,11594,2019,6
2019-06,경남,26267,27009,-742,2019,6
2019-06,경북,22191,21652,539,2019,6
2019-06,광주,15069,15129,-60,2019,6
2019-06,대구,23153,24933,-1780,2019,6
2019-06,대전,13593,15142,-1549,2019,6
2019-06,부산,28661,30417,-1756,2019,6
2019-06,서울,91828,97933,-6105,2019,6
2019-06,세종,5663,4002,1661,2019,6
2019-06,울산,9640,10234,-594,2019,6
2019-06,인천,30633,31106,-473,2019,6
2019-06,전남,15099,15881,-782,2019,6
2019-06,전북,14484,15264,-780,2019,6
2019-06,제주,6316,5920,396,2019,6
2019-06,충남,17911,17580,331,2019,6
2019-06,충북,13028,13201,-173,2019,6
2019-07,강원,16224,16154,70,2019,7
2019-07,경기,162085,147964,14121,2019,7
2019-07,경남,31634,32070,-436,2019,7
2019-07,경북,22771,23344,-573,2019,7
2019-07,광주,18826,18496,330,2019,7
2019-07,대구,24443,26231,-1788,2019,7
2019-07,대전,17507,18850,-1343,2019,7
2019-07,부산,30839,32763,-1924,2019,7
2019-07,서울,111288,118365,-7077,2019,7
2019-07,세종,7592,5129,2463,2019,7
2019-07,울산,11352,11967,-615,2019,7
2019-07,인천,34463,35116,-653,2019,7
2019-07,전남,16258,17573,-1315,2019,7
2019-07,전북,17448,18391,-943,2019,7
2019-07,제주,7034,6688,346,2019,7
2019-07,충남,19691,20148,-457,2019,7
2019-07,충북,14167,14373,-206,2019,7
2019-08,강원,17743,17434,309,2019,8
2019-08,경기,164377,148674,15703,2019,8
2019-08,경남,30261,31059,-798,2019,8
2019-08,경북,21685,22355,-670,2019,8
2019-08,광주,18003,18171,-168,2019,8
2019-08,대구,23526,25451,-1925,2019,8
2019-08,대전,16575,17890,-1315,2019,8
2019-08,부산,33338,35235,-1897,2019,8
2019-08,서울,110592,118002,-7410,2019,8
2019-08,세종,6269,4701,1568,2019,8
2019-08,울산,10444,11208,-764,2019,8
2019-08,인천,33861,34441,-580,2019,8
2019-08,전남,16938,18303,-1365,2019,8
2019-08,전북,16965,17940,-975,2019,8
2019-08,제주,6975,6733,242,2019,8
2019-08,충남,21446,21538,-92,2019,8
2019-08,충북,16609,16472,137,2019,8
2019-09,강원,15502,15212,290,2019,9
2019-09,경기,148739,137590,11149,2019,9
2019-09,경남,26426,27515,-1089,2019,9
2019-09,경북,20649,20969,-320,2019,9
2019-09,광주,16068,15990,78,2019,9
2019-09,대구,21813,23294,-1481,2019,9
2019-09,대전,16127,17136,-1009,2019,9
2019-09,부산,29878,31268,-1390,2019,9
2019-09,서울,103969,109435,-5466,2019,9
2019-09,세종,6175,4694,1481,2019,9
2019-09,울산,9162,9795,-633,2019,9
2019-09,인천,30378,30545,-167,2019,9
2019-09,전남,15782,16594,-812,2019,9
2019-09,전북,16265,16979,-714,2019,9
2019-09,제주,6278,6236,42,2019,9
2019-09,충남,19170,19249,-79,2019,9
2019-09,충북,15404,15284,120,2019,9
2019-10,강원,16178,15687,491,2019,10
2019-10,경기,164544,155225,9319,2019,10
2019-10,경남,30243,30245,-2,2019,10
2019-10,경북,22770,22851,-81,2019,10
2019-10,광주,17673,18003,-330,2019,10
2019-10,대구,25688,27452,-1764,2019,10
2019-10,대전,18194,19436,-1242,2019,10
2019-10,부산,33781,36011,-2230,2019,10
2019-10,서울,128067,133127,-5060,2019,10
2019-10,세종,7952,5549,2403,2019,10
2019-10,울산,11188,11892,-704,2019,10
2019-10,인천,34972,35176,-204,2019,10
2019-10,전남,16888,17262,-374,2019,10
2019-10,전북,18041,18647,-606,2019,10
2019-10,제주,7095,7012,83,2019,10
2019-10,충남,20454,20506,-52,2019,10
2019-10,충북,20353,20000,353,2019,10
2019-11,강원,17691,16874,817,2019,11
2019-11,경기,150814,143562,7252,2019,11
2019-11,경남,29596,29887,-291,2019,11
2019-11,경북,24518,24247,271,2019,11
2019-11,광주,17761,18254,-493,2019,11
2019-11,대구,25901,27825,-1924,2019,11
2019-11,대전,17310,18866,-1556,2019,11
2019-11,부산,34356,36038,-1682,2019,11
2019-11,서울,113012,117720,-4708,2019,11
2019-11,세종,6785,4745,2040,2019,11
2019-11,울산,11173,11808,-635,2019,11
2019-11,인천,34151,34138,13,2019,11
2019-11,전남,18313,17208,1105,2019,11
2019-11,전북,18806,19440,-634,2019,11
2019-11,제주,7121,7017,104,2019,11
2019-11,충남,19826,19892,-66,2019,11
2019-11,충북,18601,18214,387,2019,11
2019-12,강원,19954,19518,436,2019,12
2019-12,경기,166839,156829,10010,2019,12
2019-12,경남,39466,39773,-307,2019,12
2019-12,경북,31160,30284,876,2019,12
2019-12,광주,18404,20785,-2381,2019,12
2019-12,대구,29363,32832,-3469,2019,12
2019-12,대전,20102,22160,-2058,2019,12
2019-12,부산,38769,41146,-2377,2019,12
2019-12,서울,127797,131783,-3986,2019,12
2019-12,세종,7248,5537,1711,2019,12
2019-12,울산,12558,13601,-1043,2019,12
2019-12,인천,34318,34719,-401,2019,12
2019-12,전남,26645,22873,3772,2019,12
2019-12,전북,21725,22968,-1243,2019,12
2019-12,제주,8627,8651,-24,2019,12
2019-12,충남,22631,22840,-209,2019,12
2019-12,충북,20176,19483,693,2019,12
2020-01,강원,22167,22664,-497,2020,1
2020-01,경기,167181,157840,9341,2020,1
2020-01,경남,41860,42474,-614,2020,1
2020-01,경북,28254,30667,-2413,2020,1
2020-01,광주,19502,19282,220,2020,1
2020-01,대구,27781,29106,-1325,2020,1
2020-01,대전,20717,21431,-714,2020,1
2020-01,부산,39722,41100,-1378,2020,1
2020-01,서울,131105,127159,3946,2020,1
2020-01,세종,7787,6292,1495,2020,1
2020-01,울산,12339,13474,-1135,2020,1
2020-01,인천,31221,32134,-913,2020,1
2020-01,전남,20955,24283,-3328,2020,1
2020-01,전북,22316,23350,-1034,2020,1
2020-01,제주,9990,10274,-284,2020,1
2020-01,충남,24055,24999,-944,2020,1
2020-01,충북,20320,20743,-423,2020,1
2020-02,강원,23144,23679,-535,2020,2
2020-02,경기,212602,198804,13798,2020,2
2020-02,경남,44995,47008,-2013,2020,2
2020-02,경북,31464,34193,-2729,2020,2
2020-02,광주,21373,21884,-511,2020,2
2020-02,대구,31388,34810,-3422,2020,2
2020-02,대전,24741,25800,-1059,2020,2
2020-02,부산,49369,49592,-223,2020,2
2020-02,서울,170587,167282,3305,2020,2
2020-02,세종,8900,7597,1303,2020,2
2020-02,울산,15309,16779,-1470,2020,2
2020-02,인천,41003,42278,-1275,2020,2
2020-02,전남,21529,23596,-2067,2020,2
2020-02,전북,24287,25856,-1569,2020,2
2020-02,제주,10577,10499,78,2020,2
2020-02,충남,28358,29472,-1114,2020,2
2020-02,충북,20845,21342,-497,2020,2
2020-03,강원,22074,22746,-672,2020,3
2020-03,경기,214173,192318,21855,2020,3
2020-03,경남,38811,41934,-3123,2020,3
2020-03,경북,31923,36640,-4717,2020,3
2020-03,광주,22788,23235,-447,2020,3
2020-03,대구,36165,35181,984,2020,3
2020-03,대전,21887,23210,-1323,2020,3
2020-03,부산,47666,48065,-399,2020,3
2020-03,서울,164402,167806,-3404,2020,3
2020-03,세종,6572,5826,746,2020,3
2020-03,울산,13492,14811,-1319,2020,3
2020-03,인천,41888,44279,-2391,2020,3
2020-03,전남,22901,24927,-2026,2020,3
2020-03,전북,23599,25269,-1670,2020,3
2020-03,제주,8903,9265,-362,2020,3
2020-03,충남,26843,27850,-1007,2020,3
2020-03,충북,22105,22830,-725,2020,3
2020-04,강원,16900,17495,-595,2020,4
2020-04,경기,168095,147641,20454,2020,4
2020-04,경남,32365,34061,-1696,2020,4
2020-04,경북,28090,29790,-1700,2020,4
2020-04,광주,19521,19133,388,2020,4
2020-04,대구,26826,28545,-1719,2020,4
2020-04,대전,18178,18408,-230,2020,4
2020-04,부산,41008,41966,-958,2020,4
2020-04,서울,127208,134325,-7117,2020,4
2020-04,세종,4571,4361,210,2020,4
2020-04,울산,11083,11731,-648,2020,4
2020-04,인천,36537,38488,-1951,2020,4
2020-04,전남,18167,19807,-1640,2020,4
2020-04,전북,19116,20086,-970,2020,4
2020-04,제주,8618,8527,91,2020,4
2020-04,충남,21396,22465,-1069,2020,4
2020-04,충북,16583,17433,-850,2020,4
2020-05,강원,15922,14772,1150,2020,5
2020-05,경기,159073,147775,11298,2020,5
2020-05,경남,28774,30403,-1629,2020,5
2020-05,경북,22122,23634,-1512,2020,5
2020-05,광주,17022,17539,-517,2020,5
2020-05,대구,24351,26618,-2267,2020,5
2020-05,대전,18244,18014,230,2020,5
2020-05,부산,34761,35680,-919,2020,5
2020-05,서울,117734,120443,-2709,2020,5
2020-05,세종,4017,4035,-18,2020,5
2020-05,울산,9939,11001,-1062,2020,5
2020-05,인천,35727,36833,-1106,2020,5
2020-05,전남,17043,17610,-567,2020,5
2020-05,전북,17710,18710,-1000,2020,5
2020-05,제주,7523,7363,160,2020,5
2020-05,충남,22339,22113,226,2020,5
2020-05,충북,16664,16422,242,2020,5
2020-06,강원,19094,18102,992,2020,6
2020-06,경기,166937,154269,12668,2020,6
2020-06,경남,29426,30887,-1461,2020,6
2020-06,경북,24641,26162,-1521,2020,6
2020-06,광주,18435,18889,-454,2020,6
2020-06,대구,27178,28145,-967,2020,6
2020-06,대전,18653,19547,-894,2020,6
2020-06,부산,36788,38688,-1900,2020,6
2020-06,서울,122292,126224,-3932,2020,6
2020-06,세종,4598,4780,-182,2020,6
2020-06,울산,10630,11695,-1065,2020,6
2020-06,인천,36022,38934,-2912,2020,6
2020-06,전남,17919,18671,-752,2020,6
2020-06,전북,20423,21151,-728,2020,6
2020-06,제주,7439,6985,454,2020,6
2020-06,충남,25941,24381,1560,2020,6
2020-06,충북,20531,19437,1094,2020,6
2020-07,강원,17746,16661,1085,2020,7
2020-07,경기,165296,154006,11290,2020,7
2020-07,경남,27989,29434,-1445,2020,7
2020-07,경북,22946,24780,-1834,2020,7
2020-07,광주,16869,17230,-361,2020,7
2020-07,대구,26988,26876,112,2020,7
2020-07,대전,17112,17945,-833,2020,7
2020-07,부산,36602,37691,-1089,2020,7
2020-07,서울,115625,121544,-5919,2020,7
2020-07,세종,5109,4428,681,2020,7
2020-07,울산,9820,10763,-943,2020,7
2020-07,인천,35145,37000,-1855,2020,7
2020-07,전남,18072,18817,-745,2020,7
2020-07,전북,20489,20756,-267,2020,7
2020-07,제주,7073,6547,526,2020,7
2020-07,충남,22813,21779,1034,2020,7
2020-07,충북,17247,16684,563,2020,7
2020-08,강원,15527,14604,923,2020,8
2020-08,경기,185522,168377,17145,2020,8
2020-08,경남,30104,32086,-1982,2020,8
2020-08,경북,21828,24193,-2365,2020,8
2020-08,광주,16303,16906,-603,2020,8
2020-08,대구,27297,26926,371,2020,8
2020-08,대전,16995,17860,-865,2020,8
2020-08,부산,40469,41728,-1259,2020,8
2020-08,서울,123804,131848,-8044,2020,8
2020-08,세종,5577,4767,810,2020,8
2020-08,울산,9865,11110,-1245,2020,8
2020-08,인천,37627,40008,-2381,2020,8
2020-08,전남,19768,20633,-865,2020,8
2020-08,전북,18830,19354,-524,2020,8
2020-08,제주,7065,6512,553,2020,8
2020-08,충남,22190,22166,24,2020,8
2020-08,충북,15964,15657,307,2020,8
2020-09,강원,16250,15610,640,2020,9
2020-09,경기,183155,167947,15208,2020,9
2020-09,경남,30110,31275,-1165,2020,9
2020-09,경북,23975,24378,-403,2020,9
2020-09,광주,18133,18371,-238,2020,9
2020-09,대구,28632,29824,-1192,2020,9
2020-09,대전,18151,18551,-400,2020,9
2020-09,부산,38650,39572,-922,2020,9
2020-09,서울,127908,137952,-10044,2020,9
2020-09,세종,5547,4924,623,2020,9
2020-09,울산,9662,10800,-1138,2020,9
2020-09,인천,36519,37855,-1336,2020,9
2020-09,전남,18213,18612,-399,2020,9
2020-09,전북,20169,20375,-206,2020,9
2020-09,제주,7434,7044,390,2020,9
2020-09,충남,21956,21778,178,2020,9
2020-09,충북,17004,16600,404,2020,9
2020-10,강원,17277,16166,1111,2020,10
2020-10,경기,168521,157536,10985,2020,10
2020-10,경남,29480,29710,-230,2020,10
2020-10,경북,23839,23274,565,2020,10
2020-10,광주,17106,17942,-836,2020,10
2020-10,대구,26952,29303,-2351,2020,10
2020-10,대전,18794,20288,-1494,2020,10
2020-10,부산,38388,39716,-1328,2020,10
2020-10,서울,126788,137100,-10312,2020,10
2020-10,세종,9401,6557,2844,2020,10
2020-10,울산,9940,10813,-873,2020,10
2020-10,인천,33955,34225,-270,2020,10
2020-10,전남,17909,17681,228,2020,10
2020-10,전북,19251,19181,70,2020,10
2020-10,제주,7013,6291,722,2020,10
2020-10,충남,20897,20623,274,2020,10
2020-10,충북,18901,18006,895,2020,10
2020-11,강원,17736,16799,937,2020,11
2020-11,경기,169893,158193,11700,2020,11
2020-11,경남,30357,31563,-1206,2020,11
2020-11,경북,25795,25433,362,2020,11
2020-11,광주,18019,18907,-888,2020,11
2020-11,대구,30151,32114,-1963,2020,11
2020-11,대전,16951,18519,-1568,2020,11
2020-11,부산,40683,42017,-1334,2020,11
2020-11,서울,117563,127049,-9486,2020,11
2020-11,세종,8039,5765,2274,2020,11
2020-11,울산,10809,12101,-1292,2020,11
2020-11,인천,36104,36039,65,2020,11
2020-11,전남,20556,19923,633,2020,11
2020-11,전북,19500,19650,-150,2020,11
2020-11,제주,7135,6737,398,2020,11
2020-11,충남,22288,21638,650,2020,11
2020-11,충북,18625,17757,868,2020,11
2020-12,강원,19517,18599,918,2020,12
2020-12,경기,192124,179493,12631,2020,12
2020-12,경남,39068,39162,-94,2020,12
2020-12,경북,32824,31535,1289,2020,12
2020-12,광주,21092,22928,-1836,2020,12
2020-12,대구,33539,36635,-3096,2020,12
2020-12,대전,21898,23845,-1947,2020,12
2020-12,부산,47723,50361,-2638,2020,12
2020-12,서울,133111,144245,-11134,2020,12
2020-12,세종,8816,6577,2239,2020,12
2020-12,울산,13224,14618,-1394,2020,12
2020-12,인천,42808,42231,577,2020,12
2020-12,전남,25984,24210,1774,2020,12
2020-12,전북,23393,23839,-446,2020,12
2020-12,제주,9344,8692,652,2020,12
2020-12,충남,28051,27122,929,2020,12
2020-12,충북,25106,23530,1576,2020,12
2021-01,강원,17653,18450,-797,2021,1
2021-01,경기,170399,149255,21144,2021,1
2021-01,경남,36012,37269,-1257,2021,1
2021-01,경북,28704,29732,-1028,2021,1
2021-01,광주,20620,21594,-974,2021,1
2021-01,대구,29456,31595,-2139,2021,1
2021-01,대전,20609,21146,-537,2021,1
2021-01,부산,42765,44537,-1772,2021,1
2021-01,서울,114415,124855,-10440,2021,1
2021-01,세종,8038,6216,1822,2021,1
2021-01,울산,13400,14144,-744,2021,1
2021-01,인천,33855,34324,-469,2021,1
2021-01,전남,22058,22369,-311,2021,1
2021-01,전북,20333,21142,-809,2021,1
2021-01,제주,9713,9770,-57,2021,1
2021-01,충남,24977,25706,-729,2021,1
2021-01,충북,20302,21205,-903,2021,1
2021-02,강원,18990,19475,-485,2021,2
2021-02,경기,199244,178431,20813,2021,2
2021-02,경남,38202,40124,-1922,2021,2
2021-02,경북,31528,31770,-242,2021,2
2021-02,광주,20827,22001,-1174,2021,2
2021-02,대구,31395,33897,-2502,2021,2
2021-02,대전,21046,22280,-1234,2021,2
2021-02,부산,44676,45650,-974,2021,2
2021-02,서울,141936,151351,-9415,2021,2
2021-02,세종,7717,6220,1497,2021,2
2021-02,울산,13125,15609,-2484,2021,2
2021-02,인천,35337,36143,-806,2021,2
2021-02,전남,22046,22253,-207,2021,2
2021-02,전북,20731,21678,-947,2021,2
2021-02,제주,10561,10059,502,2021,2
2021-02,충남,27481,27628,-147,2021,2
2021-02,충북,20952,21225,-273,2021,2
2021-03,강원,20811,20872,-61,2021,3
2021-03,경기,211876,196741,15135,2021,3
2021-03,경남,38612,40168,-1556,2021,3
2021-03,경북,34387,32948,1439,2021,3
2021-03,광주,20424,21570,-1146,2021,3
2021-03,대구,30967,33844,-2877,2021,3
2021-03,대전,20487,21761,-1274,2021,3
2021-03,부산,42381,44336,-1955,2021,3
2021-03,서울,151617,157833,-6216,2021,3
2021-03,세종,6400,5413,987,2021,3
2021-03,울산,12237,14469,-2232,2021,3
2021-03,인천,40378,40554,-176,2021,3
2021-03,전남,23393,23903,-510,2021,3
2021-03,전북,21930,22727,-797,2021,3
2021-03,제주,9443,9193,250,2021,3
2021-03,충남,29230,28040,1190,2021,3
2021-03,충북,20652,20853,-201,2021,3
2021-04,강원,17827,17287,540,2021,4
2021-04,경기,171897,159297,12600,2021,4
2021-04,경남,30589,30937,-348,2021,4
2021-04,경북,26786,25653,1133,2021,4
2021-04,광주,17224,17967,-743,2021,4
2021-04,대구,25138,27429,-2291,2021,4
2021-04,대전,15976,16804,-828,2021,4
2021-04,부산,36090,38175,-2085,2021,4
2021-04,서울,117475,127213,-9738,2021,4
2021-04,세종,4939,4218,721,2021,4
2021-04,울산,10080,11220,-1140,2021,4
2021-04,인천,35108,35240,-132,2021,4
2021-04,전남,18130,17898,232,2021,4
2021-04,전북,17228,17747,-519,2021,4
2021-04,제주,7445,6909,536,2021,4
2021-04,충남,23313,22133,1180,2021,4
2021-04,충북,18142,17260,882,2021,4
2021-05,강원,16609,15717,892,2021,5
2021-05,경기,155395,146073,9322,2021,5
2021-05,경남,28217,28904,-687,2021,5
2021-05,경북,24478,23151,1327,2021,5
2021-05,광주,16786,17366,-580,2021,5
2021-05,대구,22295,24686,-2391,2021,5
2021-05,대전,15358,15875,-517,2021,5
2021-05,부산,37416,38941,-1525,2021,5
2021-05,서울,112967,121276,-8309,2021,5
2021-05,세종,4421,3972,449,2021,5
2021-05,울산,9873,10966,-1093,2021,5
2021-05,인천,35563,35336,227,2021,5
2021-05,전남,16315,16325,-10,2021,5
2021-05,전북,16396,16136,260,2021,5
2021-05,제주,6832,6404,428,2021,5
2021-05,충남,21553,20300,1253,2021,5
2021-05,충북,16237,15283,954,2021,5
2021-06,강원,15807,15089,718,2021,6
2021-06,경기,151195,140592,10603,2021,6
2021-06,경남,28380,29004,-624,2021,6
2021-06,경북,24479,23873,606,2021,6
2021-06,광주,16297,16658,-361,2021,6
2021-06,대구,21466,23620,-2154,2021,6
2021-06,대전,14709,15835,-1126,2021,6
2021-06,부산,34889,36670,-1781,2021,6
2021-06,서울,104704,112992,-8288,2021,6
2021-06,세종,5290,4521,769,2021,6
2021-06,울산,10051,10951,-900,2021,6
2021-06,인천,34461,34330,131,2021,6
2021-06,전남,16446,16953,-507,2021,6
2021-06,전북,18077,17676,401,2021,6
2021-06,제주,7060,6653,407,2021,6
2021-06,충남,22815,21859,956,2021,6
2021-06,충북,17823,16673,1150,2021,6
2021-07,강원,16691,15769,922,2021,7
2021-07,경기,157735,147144,10591,2021,7
2021-07,경남,28118,28819,-701,2021,7
2021-07,경북,23587,23669,-82,2021,7
2021-07,광주,17009,17235,-226,2021,7
2021-07,대구,22869,24618,-1749,2021,7
2021-07,대전,15342,16190,-848,2021,7
2021-07,부산,35381,37477,-2096,2021,7
2021-07,서울,111646,120075,-8429,2021,7
2021-07,세종,6117,4980,1137,2021,7
2021-07,울산,10204,10957,-753,2021,7
2021-07,인천,37779,36767,1012,2021,7
2021-07,전남,16412,16999,-587,2021,7
2021-07,전북,18118,18133,-15,2021,7
2021-07,제주,7187,6628,559,2021,7
2021-07,충남,22573,21539,1034,2021,7
2021-07,충북,16083,15852,231,2021,7
2021-08,강원,16305,15876,429,2021,8
2021-08,경기,172947,157023,15924,2021,8
2021-08,경남,28137,30006,-1869,2021,8
2021-08,경북,23799,24427,-628,2021,8
2021-08,광주,17523,18095,-572,2021,8
2021-08,대구,22394,24276,-1882,2021,8
2021-08,대전,15827,16435,-608,2021,8
2021-08,부산,35018,36731,-1713,2021,8
2021-08,서울,125161,133278,-8117,2021,8
2021-08,세종,5632,4863,769,2021,8
2021-08,울산,9565,10930,-1365,2021,8
2021-08,인천,38588,37644,944,2021,8
2021-08,전남,16829,17526,-697,2021,8
2021-08,전북,16937,17800,-863,2021,8
2021-08,제주,7096,7033,63,2021,8
2021-08,충남,22670,22381,289,2021,8
2021-08,충북,15833,15937,-104,2021,8
2021-09,강원,19701,18747,954,2021,9
2021-09,경기,162006,151755,10251,2021,9
2021-09,경남,28624,31191,-2567,2021,9
2021-09,경북,24353,25479,-1126,2021,9
2021-09,광주,17599,16855,744,2021,9
2021-09,대구,21675,22321,-646,2021,9
2021-09,대전,15811,15410,401,2021,9
2021-09,부산,32331,32452,-121,2021,9
2021-09,서울,110490,118609,-8119,2021,9
2021-09,세종,5576,4531,1045,2021,9
2021-09,울산,9574,10910,-1336,2021,9
2021-09,인천,38582,35351,3231,2021,9
2021-09,전남,16714,18792,-2078,2021,9
2021-09,전북,17856,18688,-832,2021,9
2021-09,제주,7289,7032,257,2021,9
2021-09,충남,21879,21748,131,2021,9
2021-09,충북,16286,16475,-189,2021,9
2021-10,강원,18585,17145,1440,2021,10
2021-10,경기,153172,146647,6525,2021,10
2021-10,경남,27166,27647,-481,2021,10
2021-10,경북,22060,21480,580,2021,10
2021-10,광주,16203,16527,-324,2021,10
2021-10,대구,22422,24117,-1695,2021,10
2021-10,대전,14438,15253,-815,2021,10
2021-10,부산,30653,32268,-1615,2021,10
2021-10,서울,107123,116512,-9389,2021,10
2021-10,세종,6433,4924,1509,2021,10
2021-10,울산,9505,10241,-736,2021,10
2021-10,인천,36679,33385,3294,2021,10
2021-10,전남,15492,15592,-100,2021,10
2021-10,전북,17072,17647,-575,2021,10
2021-10,제주,6652,6120,532,2021,10
2021-10,충남,20104,18718,1386,2021,10
2021-10,충북,16177,15713,464,2021,10
2021-11,강원,18596,17404,1192,2021,11
2021-11,경기,162677,154108,8569,2021,11
2021-11,경남,29408,30189,-781,2021,11
2021-11,경북,24387,23693,694,2021,11
2021-11,광주,15889,16070,-181,2021,11
2021-11,대구,25251,27057,-1806,2021,11
2021-11,대전,17714,18113,-399,2021,11
2021-11,부산,32278,33785,-1507,2021,11
2021-11,서울,108106,118660,-10554,2021,11
2021-11,세종,6024,4980,1044,2021,11
2021-11,울산,11134,11199,-65,2021,11
2021-11,인천,34316,32700,1616,2021,11
2021-11,전남,17725,17505,220,2021,11
2021-11,전북,18964,19284,-320,2021,11
2021-11,제주,7192,6874,318,2021,11
2021-11,충남,21086,19712,1374,2021,11
2021-11,충북,15915,15329,586,2021,11
2021-12,강원,19528,18591,937,2021,12
2021-12,경기,167672,158632,9040,2021,12
2021-12,경남,33317,34227,-910,2021,12
2021-12,경북,29318,28654,664,2021,12
2021-12,광주,16487,16833,-346,2021,12
2021-12,대구,29433,31620,-2187,2021,12
2021-12,대전,24248,25394,-1146,2021,12
2021-12,부산,37445,39204,-1759,2021,12
2021-12,서울,112547,121776,-9229,2021,12
2021-12,세종,10325,7989,2336,2021,12
2021-12,울산,11132,11958,-826,2021,12
2021-12,인천,32491,29940,2551,2021,12
2021-12,전남,22059,21991,68,2021,12
2021-12,전북,20068,20853,-785,2021,12
2021-12,제주,8509,8387,122,2021,12
2021-12,충남,24514,23909,605,2021,12
2021-12,충북,19898,19033,865,2021,12
2022-01,강원,18837,18219,618,2022,1
2022-01,경기,148540,143015,5525,2022,1
2022-01,경남,30852,32853,-2001,2022,1
2022-01,경북,24367,25706,-1339,2022,1
2022-01,광주,14985,14907,78,2022,1
2022-01,대구,23172,24337,-1165,2022,1
2022-01,대전,20084,20938,-854,2022,1
2022-01,부산,38434,39047,-613,2022,1
2022-01,서울,100675,103083,-2408,2022,1
2022-01,세종,9763,7452,2311,2022,1
2022-01,울산,10509,11030,-521,2022,1
2022-01,인천,28815,27889,926,2022,1
2022-01,전남,18840,18299,541,2022,1
2022-01,전북,16959,17820,-861,2022,1
2022-01,제주,8792,8847,-55,2022,1
2022-01,충남,22431,22549,-118,2022,1
2022-01,충북,16260,16324,-64,2022,1
2022-02,강원,21403,20515,888,2022,2
2022-02,경기,162769,160593,2176,2022,2
2022-02,경남,37497,41055,-3558,2022,2
2022-02,경북,29187,30343,-1156,2022,2
2022-02,광주,18406,19894,-1488,2022,2
2022-02,대구,27106,29400,-2294,2022,2
2022-02,대전,22275,22615,-340,2022,2
2022-02,부산,44855,45329,-474,2022,2
2022-02,서울,142156,138891,3265,2022,2
2022-02,세종,8610,6741,1869,2022,2
2022-02,울산,11693,13334,-1641,2022,2
2022-02,인천,38363,36356,2007,2022,2
2022-02,전남,21012,21251,-239,2022,2
2022-02,전북,20238,20991,-753,2022,2
2022-02,제주,10701,10199,502,2022,2
2022-02,충남,28340,27458,882,2022,2
2022-02,충북,19541,19187,354,2022,2
2022-03,강원,19075,18245,830,2022,3
2022-03,경기,147430,145242,2188,2022,3
2022-03,경남,31791,33843,-2052,2022,3
2022-03,경북,27572,28087,-515,2022,3
2022-03,광주,18246,19503,-1257,2022,3
2022-03,대구,26616,26248,368,2022,3
2022-03,대전,19200,19777,-577,2022,3
2022-03,부산,33217,35205,-1988,2022,3
2022-03,서울,122917,123192,-275,2022,3
2022-03,세종,5826,5097,729,2022,3
2022-03,울산,10116,11410,-1294,2022,3
2022-03,인천,35413,33053,2360,2022,3
2022-03,전남,19299,19798,-499,2022,3
2022-03,전북,18390,18954,-564,2022,3
2022-03,제주,8523,8290,233,2022,3
2022-03,충남,24976,23851,1125,2022,3
2022-03,충북,18547,17359,1188,2022,3
2022-04,강원,16251,15293,958,2022,4
2022-04,경기,126702,123114,3588,2022,4
2022-04,경남,27812,28710,-898,2022,4
2022-04,경북,21380,21461,-81,2022,4
2022-04,광주,13529,14671,-1142,2022,4
2022-04,대구,22179,23023,-844,2022,4
2022-04,대전,15139,15463,-324,2022,4
2022-04,부산,27600,29188,-1588,2022,4
2022-04,서울,95228,99394,-4166,2022,4
2022-04,세종,4874,4062,812,2022,4
2022-04,울산,8760,9398,-638,2022,4
2022-04,인천,30449,29160,1289,2022,4
2022-04,전남,15644,14988,656,2022,4
2022-04,전북,14998,15000,-2,2022,4
2022-04,제주,6743,6354,389,2022,4
2022-04,충남,20594,19213,1381,2022,4
2022-04,충북,14661,14051,610,2022,4
2022-05,강원,16812,16171,641,2022,5
2022-05,경기,139279,135560,3719,2022,5
2022-05,경남,27237,28842,-1605,2022,5
2022-05,경북,22176,22205,-29,2022,5
2022-05,광주,14883,15680,-797,2022,5
2022-05,대구,21296,22695,-1399,2022,5
2022-05,대전,16413,16731,-318,2022,5
2022-05,부산,31395,32516,-1121,2022,5
2022-05,서울,104657,107739,-3082,2022,5
2022-05,세종,5434,4464,970,2022,5
2022-05,울산,10074,10683,-609,2022,5
2022-05,인천,35831,33628,2203,2022,5
2022-05,전남,16357,16178,179,2022,5
2022-05,전북,16077,16691,-614,2022,5
2022-05,제주,6977,6540,437,2022,5
2022-05,충남,22677,21526,1151,2022,5
2022-05,충북,15363,15089,274,2022,5
2022-06,강원,14808,14314,494,2022,6
2022-06,경기,126466,122570,3896,2022,6
2022-06,경남,24464,26113,-1649,2022,6
2022-06,경북,19948,21091,-1143,2022,6
2022-06,광주,14738,15340,-602,2022,6
2022-06,대구,19989,20927,-938,2022,6
2022-06,대전,15466,15953,-487,2022,6
2022-06,부산,30341,31067,-726,2022,6
2022-06,서울,91205,93015,-1810,2022,6
2022-06,세종,4676,3957,719,2022,6
2022-06,울산,8939,9807,-868,2022,6
2022-06,인천,32267,30256,2011,2022,6
2022-06,전남,14711,15054,-343,2022,6
2022-06,전북,16265,16654,-389,2022,6
2022-06,제주,6502,6188,314,2022,6
2022-06,충남,21185,20071,1114,2022,6
2022-06,충북,15406,14999,407,2022,6
2022-07,강원,14701,14209,492,2022,7
2022-07,경기,121546,119318,2228,2022,7
2022-07,경남,23500,24768,-1268,2022,7
2022-07,경북,18938,19975,-1037,2022,7
2022-07,광주,12766,13358,-592,2022,7
2022-07,대구,20914,21814,-900,2022,7
2022-07,대전,13865,14082,-217,2022,7
2022-07,부산,28549,30093,-1544,2022,7
2022-07,서울,90743,92319,-1576,2022,7
2022-07,세종,4097,3548,549,2022,7
2022-07,울산,7604,8500,-896,2022,7
2022-07,인천,32991,29363,3628,2022,7
2022-07,전남,13262,13463,-201,2022,7
2022-07,전북,16489,17291,-802,2022,7
2022-07,제주,6505,5972,533,2022,7
2022-07,충남,19404,18152,1252,2022,7
2022-07,충북,13695,13344,351,2022,7
2022-08,강원,15904,15438,466,2022,8
2022-08,경기,140813,138663,2150,2022,8
2022-08,경남,26040,27444,-1404,2022,8
2022-08,경북,21066,22169,-1103,2022,8
2022-08,광주,17301,17590,-289,2022,8
2022-08,대구,21834,23079,-1245,2022,8
2022-08,대전,17016,16592,424,2022,8
2022-08,부산,30470,32175,-1705,2022,8
2022-08,서울,103288,104172,-884,2022,8
2022-08,세종,4606,4138,468,2022,8
2022-08,울산,8651,9830,-1179,2022,8
2022-08,인천,36756,33415,3341,2022,8
2022-08,전남,14541,14978,-437,2022,8
2022-08,전북,17027,17513,-486,2022,8
2022-08,제주,7430,6827,603,2022,8
2022-08,충남,21245,20191,1054,2022,8
2022-08,충북,14779,14553,226,2022,8
2022-09,강원,14258,13166,1092,2022,9
2022-09,경기,129104,126055,3049,2022,9
2022-09,경남,21864,23209,-1345,2022,9
2022-09,경북,18325,19011,-686,2022,9
2022-09,광주,14671,14778,-107,2022,9
2022-09,대구,19903,20572,-669,2022,9
2022-09,대전,14436,14621,-185,2022,9
2022-09,부산,26039,26742,-703,2022,9
2022-09,서울,86938,91087,-4149,2022,9
2022-09,세종,4055,3622,433,2022,9
2022-09,울산,7438,7986,-548,2022,9
2022-09,인천,31625,29215,2410,2022,9
2022-09,전남,14079,14645,-566,2022,9
2022-09,전북,14682,14951,-269,2022,9
2022-09,제주,5855,5791,64,2022,9
2022-09,충남,19099,17687,1412,2022,9
2022-09,충북,14843,14076,767,2022,9
2022-10,강원,13753,13270,483,2022,10
2022-10,경기,130379,125760,4619,2022,10
2022-10,경남,21415,22545,-1130,2022,10
2022-10,경북,17681,18189,-508,2022,10
2022-10,광주,15291,15454,-163,2022,10
2022-10,대구,20679,21171,-492,2022,10
2022-10,대전,14149,13839,310,2022,10
2022-10,부산,29738,30556,-818,2022,10
2022-10,서울,85408,91844,-6436,2022,10
2022-10,세종,4025,3831,194,2022,10
2022-10,울산,7392,7881,-489,2022,10
2022-10,인천,29707,27201,2506,2022,10
2022-10,전남,13254,13511,-257,2022,10
2022-10,전북,15472,15543,-71,2022,10
2022-10,제주,5802,5711,91,2022,10
2022-10,충남,18822,17066,1756,2022,10
2022-10,충북,13521,13116,405,2022,10
2022-11,강원,14191,14066,125,2022,11
2022-11,경기,135140,131298,3842,2022,11
2022-11,경남,24344,24936,-592,2022,11
2022-11,경북,19866,19877,-11,2022,11
2022-11,광주,14961,15465,-504,2022,11
2022-11,대구,20439,21106,-667,2022,11
2022-11,대전,14348,14304,44,2022,11
2022-11,부산,32162,33188,-1026,2022,11
2022-11,서울,85979,92384,-6405,2022,11
2022-11,세종,4129,3753,376,2022,11
2022-11,울산,8113,8440,-327,2022,11
2022-11,인천,31571,28936,2635,2022,11
2022-11,전남,15202,14817,385,2022,11
2022-11,전북,16147,16189,-42,2022,11
2022-11,제주,6218,6081,137,2022,11
2022-11,충남,19955,18186,1769,2022,11
2022-11,충북,13397,13136,261,2022,11
2022-12,강원,14871,14464,407,2022,12
2022-12,경기,137822,130920,6902,2022,12
2022-12,경남,26395,27440,-1045,2022,12
2022-12,경북,22650,22708,-58,2022,12
2022-12,광주,13147,13926,-779,2022,12
2022-12,대구,21227,22501,-1274,2022,12
2022-12,대전,16314,16786,-472,2022,12
2022-12,부산,31048,32304,-1256,2022,12
2022-12,서울,92333,99747,-7414,2022,12
2022-12,세종,5434,4736,698,2022,12
2022-12,울산,8458,8984,-526,2022,12
2022-12,인천,31352,28567,2785,2022,12
2022-12,전남,15755,15319,436,2022,12
2022-12,전북,16688,16950,-262,2022,12
2022-12,제주,6817,6917,-100,2022,12
2022-12,충남,21760,20224,1536,2022,12
2022-12,충북,15406,14984,422,2022,12
2023-01,강원,14581,15097,-516,2023,1
2023-01,경기,138044,131506,6538,2023,1
2023-01,경남,26104,27646,-1542,2023,1
2023-01,경북,22636,24286,-1650,2023,1
2023-01,광주,13713,14728,-1015,2023,1
2023-01,대구,22316,22557,-241,2023,1
2023-01,대전,17265,17351,-86,2023,1
2023-01,부산,31180,31800,-620,2023,1
2023-01,서울,91225,94248,-3023,2023,1
2023-01,세종,6221,5459,762,2023,1
2023-01,울산,8741,9304,-563,2023,1
2023-01,인천,30920,28525,2395,2023,1
2023-01,전남,16554,16528,26,2023,1
2023-01,전북,17200,17690,-490,2023,1
2023-01,제주,8201,8796,-595,2023,1
2023-01,충남,24994,24311,683,2023,1
2023-01,충북,16205,16268,-63,2023,1
2023-02,강원,17341,18105,-764,2023,2
2023-02,경기,161815,157077,4738,2023,2
2023-02,경남,31893,36055,-4162,2023,2
2023-02,경북,27074,29089,-2015,2023,2
2023-02,광주,17137,17923,-786,2023,2
2023-02,대구,26929,28630,-1701,2023,2
2023-02,대전,20924,20802,122,2023,2
2023-02,부산,40851,40515,336,2023,2
2023-02,서울,126733,123266,3467,2023,2
2023-02,세종,6991,6362,629,2023,2
2023-02,울산,10365,11737,-1372,2023,2
2023-02,인천,38362,35793,2569,2023,2
2023-02,전남,19617,20462,-845,2023,2
2023-02,전북,19682,20487,-805,2023,2
2023-02,제주,9707,10032,-325,2023,2
2023-02,충남,28380,26918,1462,2023,2
2023-02,충북,18610,19158,-548,2023,2
2023-03,강원,18341,18115,226,2023,3
2023-03,경기,157641,155326,2315,2023,3
2023-03,경남,28813,30929,-2116,2023,3
2023-03,경북,26590,26590,0,2023,3
2023-03,광주,15020,16292,-1272,2023,3
2023-03,대구,24941,26188,-1247,2023,3
2023-03,대전,17555,17879,-324,2023,3
2023-03,부산,34247,35347,-1100,2023,3
2023-03,서울,116723,117601,-878,2023,3
2023-03,세종,5349,5171,178,2023,3
2023-03,울산,9543,10449,-906,2023,3
2023-03,인천,39109,36270,2839,2023,3
2023-03,전남,20490,20474,16,2023,3
2023-03,전북,19001,19470,-469,2023,3
2023-03,제주,8672,8674,-2,2023,3
2023-03,충남,26845,25201,1644,2023,3
2023-03,충북,20078,18982,1096,2023,3
2023-04,강원,13154,13054,100,2023,4
2023-04,경기,128067,124107,3960,2023,4
2023-04,경남,22170,23166,-996,2023,4
2023-04,경북,19345,19246,99,2023,4
2023-04,광주,11824,12582,-758,2023,4
2023-04,대구,21224,21927,-703,2023,4
2023-04,대전,14379,14653,-274,2023,4
2023-04,부산,26191,27583,-1392,2023,4
2023-04,서울,89745,93110,-3365,2023,4
2023-04,세종,3721,3607,114,2023,4
2023-04,울산,7948,8539,-591,2023,4
2023-04,인천,31198,29160,2038,2023,4
2023-04,전남,14414,14099,315,2023,4
2023-04,전북,13721,14050,-329,2023,4
2023-04,제주,5822,5640,182,2023,4
2023-04,충남,18930,17653,1277,2023,4
2023-04,충북,13621,13298,323,2023,4
2023-05,강원,14667,14392,275,2023,5
2023-05,경기,140454,136027,4427,2023,5
2023-05,경남,23745,25144,-1399,2023,5
2023-05,경북,20202,20464,-262,2023,5
2023-05,광주,13028,13733,-705,2023,5
2023-05,대구,24400,24771,-371,2023,5
2023-05,대전,15998,15935,63,2023,5
2023-05,부산,28032,29227,-1195,2023,5
2023-05,서울,99323,102676,-3353,2023,5
2023-05,세종,4125,4012,113,2023,5
2023-05,울산,8600,9270,-670,2023,5
2023-05,인천,34270,32279,1991,2023,5
2023-05,전남,15802,15830,-28,2023,5
2023-05,전북,14759,15084,-325,2023,5
2023-05,제주,6265,6259,6,2023,5
2023-05,충남,19754,18600,1154,2023,5
2023-05,충북,13861,13582,279,2023,5
2023-06,강원,12911,12819,92,2023,6
2023-06,경기,138351,132107,6244,2023,6
2023-06,경남,22860,23696,-836,2023,6
2023-06,경북,18846,19573,-727,2023,6
2023-06,광주,12344,13119,-775,2023,6
2023-06,대구,23499,23674,-175,2023,6
2023-06,대전,13902,14000,-98,2023,6
2023-06,부산,27977,29232,-1255,2023,6
2023-06,서울,90971,95204,-4233,2023,6
2023-06,세종,3819,3860,-41,2023,6
2023-06,울산,10342,10713,-371,2023,6
2023-06,인천,29889,29007,882,2023,6
2023-06,전남,13849,13867,-18,2023,6
2023-06,전북,14623,14850,-227,2023,6
2023-06,제주,5796,5883,-87,2023,6
2023-06,충남,19656,18423,1233,2023,6
2023-06,충북,13845,13453,392,2023,6
2023-07,강원,12728,12822,-94,2023,7
2023-07,경기,136218,132719,3499,2023,7
2023-07,경남,22474,23579,-1105,2023,7
2023-07,경북,19015,19659,-644,2023,7
2023-07,광주,12149,12510,-361,2023,7
2023-07,대구,23782,24003,-221,2023,7
2023-07,대전,13293,13527,-234,2023,7
2023-07,부산,27057,28125,-1068,2023,7
2023-07,서울,94517,97209,-2692,2023,7
2023-07,세종,4184,4229,-45,2023,7
2023-07,울산,9449,10047,-598,2023,7
2023-07,인천,38644,35738,2906,2023,7
2023-07,전남,13333,13938,-605,2023,7
2023-07,전북,14924,15133,-209,2023,7
2023-07,제주,6535,6510,25,2023,7
2023-07,충남,19376,18553,823,2023,7
2023-07,충북,14465,13842,623,2023,7
2023-08,강원,14209,14208,1,2023,8
2023-08,경기,145277,143187,2090,2023,8
2023-08,경남,23965,25839,-1874,2023,8
2023-08,경북,20924,22091,-1167,2023,8
2023-08,광주,15349,15619,-270,2023,8
2023-08,대구,25661,25606,55,2023,8
2023-08,대전,15166,15128,38,2023,8
2023-08,부산,31518,32410,-892,2023,8
2023-08,서울,111712,112732,-1020,2023,8
2023-08,세종,4254,4570,-316,2023,8
2023-08,울산,9868,10644,-776,2023,8
2023-08,인천,38793,34959,3834,2023,8
2023-08,전남,15400,16116,-716,2023,8
2023-08,전북,16414,16941,-527,2023,8
2023-08,제주,6566,6796,-230,2023,8
2023-08,충남,24671,23452,1219,2023,8
2023-08,충북,18654,18103,551,2023,8
2023-09,강원,13007,13209,-202,2023,9
2023-09,경기,122012,120774,1238,2023,9
2023-09,경남,22661,23187,-526,2023,9
2023-09,경북,17594,18255,-661,2023,9
2023-09,광주,12294,12836,-542,2023,9
2023-09,대구,22115,22345,-230,2023,9
2023-09,대전,12342,12440,-98,2023,9
2023-09,부산,26802,27763,-961,2023,9
2023-09,서울,93071,94441,-1370,2023,9
2023-09,세종,3665,3733,-68,2023,9
2023-09,울산,7982,8244,-262,2023,9
2023-09,인천,31778,28861,2917,2023,9
2023-09,전남,12286,12571,-285,2023,9
2023-09,전북,13411,13740,-329,2023,9
2023-09,제주,5460,5522,-62,2023,9
2023-09,충남,19609,18501,1108,2023,9
2023-09,충북,13629,13296,333,2023,9
2023-10,강원,14268,14658,-390,2023,10
2023-10,경기,138894,135765,3129,2023,10
2023-10,경남,25787,25997,-210,2023,10
2023-10,경북,19605,19911,-306,2023,10
2023-10,광주,13652,14366,-714,2023,10
2023-10,대구,26141,26212,-71,2023,10
2023-10,대전,15417,15828,-411,2023,10
2023-10,부산,30869,32068,-1199,2023,10
2023-10,서울,100287,105014,-4727,2023,10
2023-10,세종,4559,4505,54,2023,10
2023-10,울산,12294,12300,-6,2023,10
2023-10,인천,34848,31846,3002,2023,10
2023-10,전남,13423,13634,-211,2023,10
2023-10,전북,14890,15215,-325,2023,10
2023-10,제주,6142,6168,-26,2023,10
2023-10,충남,21405,19503,1902,2023,10
2023-10,충북,14408,13899,509,2023,10
2023-11,강원,14123,14172,-49,2023,11
2023-11,경기,138425,135503,2922,2023,11
2023-11,경남,24339,24711,-372,2023,11
2023-11,경북,19851,20180,-329,2023,11
2023-11,광주,13572,14089,-517,2023,11
2023-11,대구,27337,27448,-111,2023,11
2023-11,대전,14881,15336,-455,2023,11
2023-11,부산,28155,29308,-1153,2023,11
2023-11,서울,93060,99299,-6239,2023,11
2023-11,세종,4319,4226,93,2023,11
2023-11,울산,10768,10866,-98,2023,11
2023-11,인천,38060,34159,3901,2023,11
2023-11,전남,13286,13141,145,2023,11
2023-11,전북,14862,14796,66,2023,11
2023-11,제주,5908,6043,-135,2023,11
2023-11,충남,21160,19251,1909,2023,11
2023-11,충북,14308,13886,422,2023,11
2023-12,강원,14036,14112,-76,2023,12
2023-12,경기,135985,132473,3512,2023,12
2023-12,경남,25498,26660,-1162,2023,12
2023-12,경북,23579,24080,-501,2023,12
2023-12,광주,12834,14136,-1302,2023,12
2023-12,대구,26972,27286,-314,2023,12
2023-12,대전,14962,15679,-717,2023,12
2023-12,부산,31392,32325,-933,2023,12
2023-12,서울,99596,103413,-3817,2023,12
2023-12,세종,4843,4626,217,2023,12
2023-12,울산,10741,10743,-2,2023,12
2023-12,인천,38256,34023,4233,2023,12
2023-12,전남,15103,14697,406,2023,12
2023-12,전북,15301,15789,-488,2023,12
2023-12,제주,6434,6872,-438,2023,12
2023-12,충남,21276,19850,1426,2023,12
2023-12,충북,14657,14701,-44,2023,12
2024-01,강원,17513,18293,-780,2024,1
2024-01,경기,157429,152475,4954,2024,1
2024-01,경남,33103,34276,-1173,2024,1
2024-01,경북,28266,29678,-1412,2024,1
2024-01,광주,16029,16739,-710,2024,1
2024-01,대구,28900,29216,-316,2024,1
2024-01,대전,18578,19108,-530,2024,1
2024-01,부산,40394,41457,-1063,2024,1
2024-01,서울,111217,111982,-765,2024,1
2024-01,세종,7179,6898,281,2024,1
2024-01,울산,11887,12076,-189,2024,1
2024-01,인천,36562,33189,3373,2024,1
2024-01,전남,18058,18511,-453,2024,1
2024-01,전북,17863,18745,-882,2024,1
2024-01,제주,9192,9953,-761,2024,1
2024-01,충남,28044,26786,1258,2024,1
2024-01,충북,16755,17587,-832,2024,1
2024-02,강원,19634,20602,-968,2024,2
2024-02,경기,170833,165861,4972,2024,2
2024-02,경남,33941,37267,-3326,2024,2
2024-02,경북,29167,30798,-1631,2024,2
2024-02,광주,17396,18353,-957,2024,2
2024-02,대구,30301,31533,-1232,2024,2
2024-02,대전,20752,20615,137,2024,2
2024-02,부산,42904,43270,-366,2024,2
2024-02,서울,138040,134906,3134,2024,2
2024-02,세종,7220,7079,141,2024,2
2024-02,울산,12171,13313,-1142,2024,2
2024-02,인천,38104,35033,3071,2024,2
2024-02,전남,17840,19100,-1260,2024,2
2024-02,전북,20212,20999,-787,2024,2
2024-02,제주,9171,9717,-546,2024,2
2024-02,충남,29665,28163,1502,2024,2
2024-02,충북,17211,17953,-742,2024,2
2024-03,강원,18676,18563,113,2024,3
2024-03,경기,150139,146913,3226,2024,3
2024-03,경남,30090,31868,-1778,2024,3
2024-03,경북,26834,27064,-230,2024,3
2024-03,광주,17234,18276,-1042,2024,3
2024-03,대구,25436,26919,-1483,2024,3
2024-03,대전,18518,18180,338,2024,3
2024-03,부산,31595,32599,-1004,2024,3
2024-03,서울,108484,109721,-1237,2024,3
2024-03,세종,5383,5258,125,2024,3
2024-03,울산,9806,10592,-786,2024,3
2024-03,인천,35884,32647,3237,2024,3
2024-03,전남,16208,17092,-884,2024,3
2024-03,전북,17928,18974,-1046,2024,3
2024-03,제주,7682,8053,-371,2024,3
2024-03,충남,26238,24062,2176,2024,3
2024-03,충북,17052,16406,646,2024,3
2024-04,강원,15493,15433,60,2024,4
2024-04,경기,147822,142066,5756,2024,4
2024-04,경남,27359,28425,-1066,2024,4
2024-04,경북,25686,25399,287,2024,4
2024-04,광주,15801,16460,-659,2024,4
2024-04,대구,26968,27713,-745,2024,4
2024-04,대전,15927,16204,-277,2024,4
2024-04,부산,29351,30697,-1346,2024,4
2024-04,서울,100781,106623,-5842,2024,4
2024-04,세종,4970,4773,197,2024,4
2024-04,울산,9366,9564,-198,2024,4
2024-04,인천,36670,34049,2621,2024,4
2024-04,전남,14364,14642,-278,2024,4
2024-04,전북,15785,16311,-526,2024,4
2024-04,제주,6818,6997,-179,2024,4
2024-04,충남,23460,21595,1865,2024,4
2024-04,충북,16651,16321,330,2024,4
2024-05,강원,13632,13747,-115,2024,5
2024-05,경기,138420,132196,6224,2024,5
2024-05,경남,24928,25874,-946,2024,5
2024-05,경북,24286,23791,495,2024,5
2024-05,광주,15215,15635,-420,2024,5
2024-05,대구,27348,27763,-415,2024,5
2024-05,대전,15433,15542,-109,2024,5
2024-05,부산,27947,29151,-1204,2024,5
2024-05,서울,93236,99119,-5883,2024,5
2024-05,세종,3853,3928,-75,2024,5
2024-05,울산,8979,9381,-402,2024,5
2024-05,인천,31815,30370,1445,2024,5
2024-05,전남,13791,14318,-527,2024,5
2024-05,전북,15683,15976,-293,2024,5
2024-05,제주,6299,6398,-99,2024,5
2024-05,충남,20667,19225,1442,2024,5
2024-05,충북,16444,15562,882,2024,5
2024-06,강원,12560,12452,108,2024,6
2024-06,경기,121685,115195,6490,2024,6
2024-06,경남,26039,26120,-81,2024,6
2024-06,경북,19250,19561,-311,2024,6
2024-06,광주,12620,13106,-486,2024,6
2024-06,대구,21494,21702,-208,2024,6
2024-06,대전,12816,13315,-499,2024,6
2024-06,부산,26605,27797,-1192,2024,6
2024-06,서울,81182,86740,-5558,2024,6
2024-06,세종,3417,3374,43,2024,6
2024-06,울산,8413,8706,-293,2024,6
2024-06,인천,29186,27990,1196,2024,6
2024-06,전남,13108,13113,-5,2024,6
2024-06,전북,13746,14180,-434,2024,6
2024-06,제주,5304,5540,-236,2024,6
2024-06,충남,17392,16582,810,2024,6
2024-06,충북,15075,14419,656,2024,6
2024-07,강원,14585,14685,-100,2024,7
2024-07,경기,143763,136577,7186,2024,7
2024-07,경남,28105,28196,-91,2024,7
2024-07,경북,21278,22266,-988,2024,7
2024-07,광주,13507,14043,-536,2024,7
2024-07,대구,24831,24921,-90,2024,7
2024-07,대전,14168,14779,-611,2024,7
2024-07,부산,29830,31336,-1506,2024,7
2024-07,서울,98177,103617,-5440,2024,7
2024-07,세종,5357,4637,720,2024,7
2024-07,울산,9092,9515,-423,2024,7
2024-07,인천,34889,32972,1917,2024,7
2024-07,전남,15857,16252,-395,2024,7
2024-07,전북,15314,15811,-497,2024,7
2024-07,제주,6539,6653,-114,2024,7
2024-07,충남,20198,19278,920,2024,7
2024-07,충북,16512,16464,48,2024,7
2024-08,강원,13834,13996,-162,2024,8
2024-08,경기,140833,134599,6234,2024,8
2024-08,경남,27533,27838,-305,2024,8
2024-08,경북,20586,21385,-799,2024,8
2024-08,광주,13712,14359,-647,2024,8
2024-08,대구,24236,24329,-93,2024,8
2024-08,대전,17778,17682,96,2024,8
2024-08,부산,29541,31001,-1460,2024,8
2024-08,서울,103290,107138,-3848,2024,8
2024-08,세종,5645,5147,498,2024,8
2024-08,울산,8873,9450,-577,2024,8
2024-08,인천,32542,30757,1785,2024,8
2024-08,전남,16169,16565,-396,2024,8
2024-08,전북,14620,15259,-639,2024,8
2024-08,제주,6239,6600,-361,2024,8
2024-08,충남,21133,20422,711,2024,8
2024-08,충북,14395,14432,-37,2024,8
2024-09,강원,12285,12331,-46,2024,9
2024-09,경기,134849,130190,4659,2024,9
2024-09,경남,23614,23869,-255,2024,9
2024-09,경북,17822,18708,-886,2024,9
2024-09,광주,12106,12584,-478,2024,9
2024-09,대구,22538,22495,43,2024,9
2024-09,대전,16101,15487,614,2024,9
2024-09,부산,25657,26784,-1127,2024,9
2024-09,서울,90902,95202,-4300,2024,9
2024-09,세종,4062,4099,-37,2024,9
2024-09,울산,7765,8114,-349,2024,9
2024-09,인천,29071,27262,1809,2024,9
2024-09,전남,13558,13503,55,2024,9
2024-09,전북,14522,15193,-671,2024,9
2024-09,제주,5548,5893,-345,2024,9
2024-09,충남,19425,18707,718,2024,9
2024-09,충북,13654,13058,596,2024,9
2024-10,강원,14161,14368,-207,2024,10
2024-10,경기,149771,143940,5831,2024,10
2024-10,경남,25255,25071,184,2024,10
2024-10,경북,20565,21239,-674,2024,10
2024-10,광주,12956,13477,-521,2024,10
2024-10,대구,24742,24741,1,2024,10
2024-10,대전,16041,16294,-253,2024,10
2024-10,부산,34257,35645,-1388,2024,10
2024-10,서울,103285,109565,-6280,2024,10
2024-10,세종,4899,4515,384,2024,10
2024-10,울산,9123,9321,-198,2024,10
2024-10,인천,32824,31269,1555,2024,10
2024-10,전남,13919,14053,-134,2024,10
2024-10,전북,17600,17580,20,2024,10
2024-10,제주,6022,6104,-82,2024,10
2024-10,충남,21447,20053,1394,2024,10
2024-10,충북,14307,13939,368,2024,10
2024-11,강원,14243,14415,-172,2024,11
2024-11,경기,131029,126402,4627,2024,11
2024-11,경남,23186,23092,94,2024,11
2024-11,경북,20030,20724,-694,2024,11
2024-11,광주,12192,12797,-605,2024,11
2024-11,대구,22122,22112,10,2024,11
2024-11,대전,13745,13954,-209,2024,11
2024-11,부산,30738,31547,-809,2024,11
2024-11,서울,88334,94050,-5716,2024,11
2024-11,세종,4420,3896,524,2024,11
2024-11,울산,8522,8628,-106,2024,11
2024-11,인천,27808,26797,1011,2024,11
2024-11,전남,13651,13453,198,2024,11
2024-11,전북,16590,16670,-80,2024,11
2024-11,제주,5745,5840,-95,2024,11
2024-11,충남,18756,17545,1211,2024,11
2024-11,충북,14872,14061,811,2024,11
2024-12,강원,17723,17981,-258,2024,12
2024-12,경기,139714,135655,4059,2024,12
2024-12,경남,26245,26571,-326,2024,12
2024-12,경북,24503,25663,-1160,2024,12
2024-12,광주,13671,14572,-901,2024,12
2024-12,대구,24628,24812,-184,2024,12
2024-12,대전,16123,16513,-390,2024,12
2024-12,부산,29778,30970,-1192,2024,12
2024-12,서울,104452,107409,-2957,2024,12
2024-12,세종,4617,4610,7,2024,12
2024-12,울산,9335,9526,-191,2024,12
2024-12,인천,32463,29840,2623,2024,12
2024-12,전남,17311,17220,91,2024,12
2024-12,전북,18929,19154,-225,2024,12
2024-12,제주,7136,7308,-172,2024,12
2024-12,충남,20406,19749,657,2024,12
2024-12,충북,16830,16311,519,2024,12
2025-01,강원,16562,17729,-1167,2025,1
2025-01,경기,131192,126604,4588,2025,1
2025-01,경남,27180,27770,-590,2025,1
2025-01,경북,24651,26029,-1378,2025,1
2025-01,광주,13622,14616,-994,2025,1
2025-01,대구,24529,24309,220,2025,1
2025-01,대전,18177,18192,-15,2025,1
2025-01,부산,28545,29923,-1378,2025,1
2025-01,서울,99146,99942,-796,2025,1
2025-01,세종,5378,5250,128,2025,1
2025-01,울산,9337,9570,-233,2025,1
2025-01,인천,32873,30039,2834,2025,1
2025-01,전남,16141,16302,-161,2025,1
2025-01,전북,15898,16281,-383,2025,1
2025-01,제주,7456,8194,-738,2025,1
2025-01,충남,22812,22836,-24,2025,1
2025-01,충북,16066,15979,87,2025,1
2025-02,강원,20695,21811,-1116,2025,2
2025-02,경기,169975,169546,429,2025,2
2025-02,경남,39158,42837,-3679,2025,2
2025-02,경북,29717,32302,-2585,2025,2
2025-02,광주,18666,20115,-1449,2025,2
2025-02,대구,32291,32103,188,2025,2
2025-02,대전,26661,25523,1138,2025,2
2025-02,부산,43095,43079,16,2025,2
2025-02,서울,147145,141526,5619,2025,2
2025-02,세종,8426,7747,679,2025,2
2025-02,울산,11042,12857,-1815,2025,2
2025-02,인천,45557,40905,4652,2025,2
2025-02,전남,21167,21934,-767,2025,2
2025-02,전북,20717,21786,-1069,2025,2
2025-02,제주,9213,10263,-1050,2025,2
2025-02,충남,31000,30431,569,2025,2
2025-02,충북,19983,19743,240,2025,2
2025-03,강원,17580,17726,-146,2025,3
2025-03,경기,138134,137563,571,2025,3
2025-03,경남,32258,32718,-460,2025,3
2025-03,경북,26001,25562,439,2025,3
2025-03,광주,14313,16815,-2502,2025,3
2025-03,대구,22544,24117,-1573,2025,3
2025-03,대전,20371,20566,-195,2025,3
2025-03,부산,30881,32893,-2012,2025,3
2025-03,서울,110859,109553,1306,2025,3
2025-03,세종,5241,5210,31,2025,3
2025-03,울산,9201,9886,-685,2025,3
2025-03,인천,35616,32011,3605,2025,3
2025-03,전남,18238,17557,681,2025,3
2025-03,전북,19089,19617,-528,2025,3
2025-03,제주,7233,7610,-377,2025,3
2025-03,충남,24502,23575,927,2025,3
2025-03,충북,16490,15572,918,2025,3
2025-04,강원,13683,13941,-258,2025,4
2025-04,경기,129758,126657,3101,2025,4
2025-04,경남,26210,25986,224,2025,4
2025-04,경북,21299,20547,752,2025,4
2025-04,광주,13127,14551,-1424,2025,4
2025-04,대구,19962,20775,-813,2025,4
2025-04,대전,15178,15228,-50,2025,4
2025-04,부산,28572,30394,-1822,2025,4
2025-04,서울,94161,97879,-3718,2025,4
2025-04,세종,3775,3701,74,2025,4
2025-04,울산,8562,9049,-487,2025,4
2025-04,인천,31310,28775,2535,2025,4
2025-04,전남,14808,14126,682,2025,4
2025-04,전북,15728,15969,-241,2025,4
2025-04,제주,6439,6571,-132,2025,4
2025-04,충남,19557,18616,941,2025,4
2025-04,충북,13903,13267,636,2025,4
2025-05,강원,12603,12737,-134,2025,5
2025-05,경기,128110,124905,3205,2025,5
2025-05,경남,25701,25910,-209,2025,5
2025-05,경북,18904,19433,-529,2025,5
2025-05,광주,14236,14991,-755,2025,5
2025-05,대구,20005,20709,-704,2025,5
2025-05,대전,16183,15908,275,2025,5
2025-05,부산,29733,30747,-1014,2025,5
2025-05,서울,97498,101155,-3657,2025,5
2025-05,세종,3703,3629,74,2025,5
2025-05,울산,8600,8990,-390,2025,5
2025-05,인천,32315,29078,3237,2025,5
2025-05,전남,13608,13691,-83,2025,5
2025-05,전북,14741,15114,-373,2025,5
2025-05,제주,5761,5976,-215,2025,5
2025-05,충남,17907,17220,687,2025,5
2025-05,충북,13737,13152,585,2025,5
2025-06,강원,13264,13501,-237,2025,6
2025-06,경기,132141,128021,4120,2025,6
2025-06,경남,24625,25347,-722,2025,6
2025-06,경북,20302,20748,-446,2025,6
2025-06,광주,13482,14157,-675,2025,6
2025-06,대구,19485,20047,-562,2025,6
2025-06,대전,15796,15614,182,2025,6
2025-06,부산,29453,30321,-868,2025,6
2025-06,서울,99889,102565,-2676,2025,6
2025-06,세종,3835,3948,-113,2025,6
2025-06,울산,8650,9053,-403,2025,6
2025-06,인천,30173,27895,2278,2025,6
2025-06,전남,13812,13739,73,2025,6
2025-06,전북,14497,14862,-365,2025,6
2025-06,제주,5582,6096,-514,2025,6
2025-06,충남,17996,17492,504,2025,6
2025-06,충북,14809,14385,424,2025,6
2025-07,강원,16644,16515,129,2025,7
2025-07,경기,150728,148111,2617,2025,7
2025-07,경남,28443,29547,-1104,2025,7
2025-07,경북,22960,24745,-1785,2025,7
2025-07,광주,14389,14821,-432,2025,7
2025-07,대구,23113,22694,419,2025,7
2025-07,대전,19473,18429,1044,2025,7
2025-07,부산,33093,33478,-385,2025,7
2025-07,서울,113118,115672,-2554,2025,7
2025-07,세종,4999,5185,-186,2025,7
2025-07,울산,10599,10935,-336,2025,7
2025-07,인천,34054,32392,1662,2025,7
2025-07,전남,16344,16889,-545,2025,7
2025-07,전북,17106,17351,-245,2025,7
2025-07,제주,6909,7217,-308,2025,7
2025-07,충남,23128,22205,923,2025,7
2025-07,충북,18257,17171,1086,2025,7
2025-08,강원,13017,13038,-21,2025,8
2025-08,경기,137803,133824,3979,2025,8
2025-08,경남,23562,24716,-1154,2025,8
2025-08,경북,18231,19758,-1527,2025,8
2025-08,광주,12625,13324,-699,2025,8
2025-08,대구,21203,21221,-18,2025,8
2025-08,대전,17484,16525,959,2025,8
2025-08,부산,29015,29791,-776,2025,8
2025-08,서울,105882,107697,-1815,2025,8
2025-08,세종,4130,4414,-284,2025,8
2025-08,울산,9100,9405,-305,2025,8
2025-08,인천,31837,29896,1941,2025,8
2025-08,전남,13455,14165,-710,2025,8
2025-08,전북,14564,14903,-339,2025,8
2025-08,제주,6037,6238,-201,2025,8
2025-08,충남,19710,19224,486,2025,8
2025-08,충북,15620,15136,484,2025,8
2025-09,강원,13376,13165,211,2025,9
2025-09,경기,135457,135035,422,2025,9
2025-09,경남,24219,24795,-576,2025,9
2025-09,경북,18786,19406,-620,2025,9
2025-09,광주,12848,13374,-526,2025,9
2025-09,대구,22309,22244,65,2025,9
2025-09,대전,15342,14693,649,2025,9
2025-09,부산,28649,29380,-731,2025,9
2025-09,서울,103709,107091,-3382,2025,9
2025-09,세종,4127,4000,127,2025,9
2025-09,울산,9381,9740,-359,2025,9
2025-09,인천,35307,31885,3422,2025,9
2025-09,전남,13294,13538,-244,2025,9
2025-09,전북,15462,15354,108,2025,9
2025-09,제주,5870,6120,-250,2025,9
2025-09,충남,19766,18943,823,2025,9
2025-09,충북,15697,14836,861,2025,9
2025-10,강원,13731,13436,295,2025,10
2025-10,경기,119578,117083,2495,2025,10
2025-10,경남,24473,24065,408,2025,10
2025-10,경북,16688,17061,-373,2025,10
2025-10,광주,11514,12565,-1051,2025,10
2025-10,대구,19902,20190,-288,2025,10
2025-10,대전,13141,13262,-121,2025,10
2025-10,부산,25623,26867,-1244,2025,10
2025-10,서울,88184,92889,-4705,2025,10
2025-10,세종,3161,3154,7,2025,10
2025-10,울산,9736,9554,182,2025,10
2025-10,인천,29612,27100,2512,2025,10
2025-10,전남,13758,13258,500,2025,10
2025-10,전북,14232,14209,23,2025,10
2025-10,제주,5212,5439,-227,2025,10
2025-10,충남,17184,16444,740,2025,10
2025-10,충북,16456,15609,847,2025,10
2025-11,강원,15476,14714,762,2025,11
2025-11,경기,116568,113779,2789,2025,11
2025-11,경남,23029,22608,421,2025,11
2025-11,경북,18619,18890,-271,2025,11
2025-11,광주,11059,12207,-1148,2025,11
2025-11,대구,18816,19268,-452,2025,11
2025-11,대전,12894,12801,93,2025,11
2025-11,부산,24830,25982,-1152,2025,11
2025-11,서울,80414,85918,-5504,2025,11
2025-11,세종,3142,3115,27,2025,11
2025-11,울산,9460,9565,-105,2025,11
2025-11,인천,27449,25547,1902,2025,11
2025-11,전남,14165,13158,1007,2025,11
2025-11,전북,13786,13744,42,2025,11
2025-11,제주,5198,5417,-219,2025,11
2025-11,충남,17243,16203,1040,2025,11
2025-11,충북,15418,14650,768,2025,11
2025-12,강원,16194,15899,295,2025,12
2025-12,경기,139429,134775,4654,2025,12
2025-12,경남,27677,27813,-136,2025,12
2025-12,경북,23762,24653,-891,2025,12
2025-12,광주,12992,15015,-2023,2025,12
2025-12,대구,24309,25063,-754,2025,12
2025-12,대전,16672,17807,-1135,2025,12
2025-12,부산,30927,31742,-815,2025,12
2025-12,서울,104923,109810,-4887,2025,12
2025-12,세종,4438,5049,-611,2025,12
2025-12,울산,10537,11075,-538,2025,12
2025-12,인천,29422,27738,1684,2025,12
2025-12,전남,16958,16057,901,2025,12
2025-12,전북,19275,19480,-205,2025,12
2025-12,제주,6678,6720,-42,2025,12
2025-12,충남,21052,20402,650,2025,12
2025-12,충북,22765,18912,3853,2025,12
2026-01,강원,16457,16677,-220,2026,1
2026-01,경기,151964,146611,5353,2026,1
2026-01,경남,29165,29770,-605,2026,1
2026-01,경북,24634,26167,-1533,2026,1
2026-01,광주,14720,15859,-1139,2026,1
2026-01,대구,26338,26589,-251,2026,1
2026-01,대전,18958,19064,-106,2026,1
2026-01,부산,35933,36777,-844,2026,1
2026-01,서울,120719,120824,-105,2026,1
2026-01,세종,5523,6156,-633,2026,1
2026-01,울산,11484,12096,-612,2026,1
2026-01,인천,30085,28802,1283,2026,1
2026-01,전남,16233,16312,-79,2026,1
2026-01,전북,18380,18969,-589,2026,1
2026-01,제주,7449,8104,-655,2026,1
2026-01,충남,22727,22635,92,2026,1
2026-01,충북,17541,16898,643,2026,1
2026-02,강원,17787,18179,-392,2026,2
2026-02,경기,161503,157075,4428,2026,2
2026-02,경남,30837,34291,-3454,2026,2
2026-02,경북,24335,26346,-2011,2026,2
2026-02,광주,15665,16952,-1287,2026,2
2026-02,대구,28829,29254,-425,2026,2
2026-02,대전,20920,20007,913,2026,2
2026-02,부산,40973,40816,157,2026,2
2026-02,서울,137348,133121,4227,2026,2
2026-02,세종,5883,6234,-351,2026,2
2026-02,울산,11042,12452,-1410,2026,2
2026-02,인천,32481,31610,871,2026,2
2026-02,전남,15793,16634,-841,2026,2
2026-02,전북,18377,19271,-894,2026,2
2026-02,제주,7889,8329,-440,2026,2
2026-02,충남,24688,24209,479,2026,2
2026-02,충북,20362,19932,430,2026,2
2026-03,강원,19227,18478,749,2026,3
2026-03,경기,162769,160604,2165,2026,3
2026-03,경남,33912,35560,-1648,2026,3
2026-03,경북,27305,27241,64,2026,3
2026-03,광주,14825,16372,-1547,2026,3
2026-03,대구,26525,27574,-1049,2026,3
2026-03,대전,19906,19595,311,2026,3
2026-03,부산,36200,37021,-821,2026,3
2026-03,서울,127284,127451,-167,2026,3
2026-03,세종,4865,5175,-310,2026,3
2026-03,울산,10599,11742,-1143,2026,3
2026-03,인천,34053,32467,1586,2026,3
2026-03,전남,17155,17733,-578,2026,3
2026-03,전북,19453,19752,-299,2026,3
2026-03,제주,7864,8111,-247,2026,3
2026-03,충남,26465,25064,1401,2026,3
2026-03,충북,20712,19179,1533,2026,3
2026-04,강원,14994,14215,779,2026,4
2026-04,경기,142610,138813,3797,2026,4
2026-04,경남,25849,25686,163,2026,4
2026-04,경북,21047,20949,98,2026,4
2026-04,광주,15142,16055,-913,2026,4
2026-04,대구,21823,22247,-424,2026,4
2026-04,대전,14740,14827,-87,2026,4
2026-04,부산,28257,29297,-1040,2026,4
2026-04,서울,105091,111432,-6341,2026,4
2026-04,세종,3671,3853,-182,2026,4
2026-04,울산,8756,9414,-658,2026,4
2026-04,인천,30104,29128,976,2026,4
2026-04,전남,14427,13823,604,2026,4
2026-04,전북,15819,15730,89,2026,4
2026-04,제주,6311,6185,126,2026,4
2026-04,충남,21777,20409,1368,2026,4
2026-04,충북,15649,14004,1645,2026,4
2026-05,강원,12950,12408,542,2026,5
2026-05,경기,130658,128225,2433,2026,5
2026-05,경남,22910,23300,-390,2026,5
2026-05,경북,18906,19569,-663,2026,5
2026-05,광주,14045,14184,-139,2026,5
2026-05,대구,22480,22204,276,2026,5
2026-05,대전,13975,13462,513,2026,5
2026-05,부산,27214,27621,-407,2026,5
2026-05,서울,95905,100126,-4221,2026,5
2026-05,세종,3361,3475,-114,2026,5
2026-05,울산,8178,8824,-646,2026,5
2026-05,인천,28617,27380,1237,2026,5
2026-05,전남,12644,13001,-357,2026,5
2026-05,전북,13821,14042,-221,2026,5
2026-05,제주,5741,5968,-227,2026,5
2026-05,충남,19491,18207,1284,2026,5
2026-05,충북,15284,14184,1100,2026,5
2026-06,강원,13027,12582,445,2026,6
2026-06,경기,136112,130951,5161,2026,6
2026-06,경남,25284,25713,-429,2026,6
2026-06,경북,21580,21420,160,2026,6
2026-06,광주,13876,14668,-792,2026,6
2026-06,대구,20871,21693,-822,2026,6
2026-06,대전,14913,15068,-155,2026,6
2026-06,부산,26523,27672,-1149,2026,6
2026-06,서울,95545,101242,-5697,2026,6
2026-06,세종,3259,3535,-276,2026,6
2026-06,울산,8563,9019,-456,2026,6
2026-06,인천,31626,29397,2229,2026,6
2026-06,전남,14231,13877,354,2026,6
2026-06,전북,15603,15750,-147,2026,6
2026-06,제주,5662,5737,-75,2026,6
2026-06,충남,18507,17721,786,2026,6
2026-06,충북,15675,14812,863,2026,6
