연월,시도,미분양_호수,연도,월
2008-01,강원,6861,2008,1
2008-01,경기,20691,2008,1
2008-01,경남,14602,2008,1
2008-01,경북,10516,2008,1
2008-01,광주,8009,2008,1
2008-01,대구,13434,2008,1
2008-01,대전,2442,2008,1
2008-01,부산,10860,2008,1
2008-01,서울,524,2008,1
2008-01,세종,0,2008,1
2008-01,울산,6922,2008,1
2008-01,인천,509,2008,1
2008-01,전남,4291,2008,1
2008-01,전북,4186,2008,1
2008-01,제주,116,2008,1
2008-01,충남,14075,2008,1
2008-01,충북,5333,2008,1
2008-02,강원,6583,2008,2
2008-02,경기,21178,2008,2
2008-02,경남,14400,2008,2
2008-02,경북,10591,2008,2
2008-02,광주,7779,2008,2
2008-02,대구,15638,2008,2
2008-02,대전,2414,2008,2
2008-02,부산,12184,2008,2
2008-02,서울,788,2008,2
2008-02,세종,0,2008,2
2008-02,울산,7350,2008,2
2008-02,인천,1487,2008,2
2008-02,전남,4375,2008,2
2008-02,전북,4315,2008,2
2008-02,제주,179,2008,2
2008-02,충남,14888,2008,2
2008-02,충북,5503,2008,2
2008-03,강원,6239,2008,3
2008-03,경기,20685,2008,3
2008-03,경남,13872,2008,3
2008-03,경북,10844,2008,3
2008-03,광주,8009,2008,3
2008-03,대구,15557,2008,3
2008-03,대전,2890,2008,3
2008-03,부산,13289,2008,3
2008-03,서울,799,2008,3
2008-03,세종,0,2008,3
2008-03,울산,8496,2008,3
2008-03,인천,1594,2008,3
2008-03,전남,4116,2008,3
2008-03,전북,4120,2008,3
2008-03,제주,155,2008,3
2008-03,충남,15633,2008,3
2008-03,충북,5459,2008,3
2008-04,강원,6264,2008,4
2008-04,경기,18104,2008,4
2008-04,경남,13549,2008,4
2008-04,경북,11858,2008,4
2008-04,광주,7279,2008,4
2008-04,대구,15873,2008,4
2008-04,대전,2343,2008,4
2008-04,부산,13642,2008,4
2008-04,서울,764,2008,4
2008-04,세종,0,2008,4
2008-04,울산,9105,2008,4
2008-04,인천,1365,2008,4
2008-04,전남,3890,2008,4
2008-04,전북,3756,2008,4
2008-04,제주,152,2008,4
2008-04,충남,16227,2008,4
2008-04,충북,5688,2008,4
2008-05,강원,6217,2008,5
2008-05,경기,17661,2008,5
2008-05,경남,13648,2008,5
2008-05,경북,11124,2008,5
2008-05,광주,6952,2008,5
2008-05,대구,16590,2008,5
2008-05,대전,2270,2008,5
2008-05,부산,12611,2008,5
2008-05,서울,1016,2008,5
2008-05,세종,0,2008,5
2008-05,울산,9575,2008,5
2008-05,인천,1116,2008,5
2008-05,전남,3616,2008,5
2008-05,전북,3281,2008,5
2008-05,제주,147,2008,5
2008-05,충남,16910,2008,5
2008-05,충북,5436,2008,5
2008-06,강원,11246,2008,6
2008-06,경기,16733,2008,6
2008-06,경남,17380,2008,6
2008-06,경북,13813,2008,6
2008-06,광주,7490,2008,6
2008-06,대구,20535,2008,6
2008-06,대전,3076,2008,6
2008-06,부산,11542,2008,6
2008-06,서울,1090,2008,6
2008-06,세종,0,2008,6
2008-06,울산,9633,2008,6
2008-06,인천,1099,2008,6
2008-06,전남,7313,2008,6
2008-06,전북,3163,2008,6
2008-06,제주,293,2008,6
2008-06,충남,16750,2008,6
2008-06,충북,6074,2008,6
2008-07,강원,10769,2008,7
2008-07,경기,20514,2008,7
2008-07,경남,17832,2008,7
2008-07,경북,15177,2008,7
2008-07,광주,10774,2008,7
2008-07,대구,21378,2008,7
2008-07,대전,3000,2008,7
2008-07,부산,13612,2008,7
2008-07,서울,1437,2008,7
2008-07,세종,0,2008,7
2008-07,울산,9718,2008,7
2008-07,인천,1026,2008,7
2008-07,전남,7853,2008,7
2008-07,전북,4004,2008,7
2008-07,제주,332,2008,7
2008-07,충남,16646,2008,7
2008-07,충북,6523,2008,7
2008-08,강원,10377,2008,8
2008-08,경기,19922,2008,8
2008-08,경남,17214,2008,8
2008-08,경북,15464,2008,8
2008-08,광주,11043,2008,8
2008-08,대구,21410,2008,8
2008-08,대전,2718,2008,8
2008-08,부산,12971,2008,8
2008-08,서울,1491,2008,8
2008-08,세종,0,2008,8
2008-08,울산,9728,2008,8
2008-08,인천,976,2008,8
2008-08,전남,7697,2008,8
2008-08,전북,3594,2008,8
2008-08,제주,319,2008,8
2008-08,충남,16069,2008,8
2008-08,충북,6298,2008,8
2008-09,강원,10125,2008,9
2008-09,경기,22455,2008,9
2008-09,경남,17000,2008,9
2008-09,경북,15483,2008,9
2008-09,광주,10628,2008,9
2008-09,대구,21403,2008,9
2008-09,대전,2619,2008,9
2008-09,부산,12619,2008,9
2008-09,서울,1530,2008,9
2008-09,세종,0,2008,9
2008-09,울산,9520,2008,9
2008-09,인천,933,2008,9
2008-09,전남,7170,2008,9
2008-09,전북,3541,2008,9
2008-09,제주,297,2008,9
2008-09,충남,16186,2008,9
2008-09,충북,5732,2008,9
2008-10,강원,9383,2008,10
2008-10,경기,22360,2008,10
2008-10,경남,17140,2008,10
2008-10,경북,15153,2008,10
2008-10,광주,11323,2008,10
2008-10,대구,21246,2008,10
2008-10,대전,2788,2008,10
2008-10,부산,12407,2008,10
2008-10,서울,1981,2008,10
2008-10,세종,0,2008,10
2008-10,울산,9449,2008,10
2008-10,인천,921,2008,10
2008-10,전남,6844,2008,10
2008-10,전북,3428,2008,10
2008-10,제주,289,2008,10
2008-10,충남,15662,2008,10
2008-10,충북,5346,2008,10
2008-11,강원,10930,2008,11
2008-11,경기,22111,2008,11
2008-11,경남,16877,2008,11
2008-11,경북,15054,2008,11
2008-11,광주,12672,2008,11
2008-11,대구,21324,2008,11
2008-11,대전,4008,2008,11
2008-11,부산,14292,2008,11
2008-11,서울,2263,2008,11
2008-11,세종,0,2008,11
2008-11,울산,9471,2008,11
2008-11,인천,1492,2008,11
2008-11,전남,6725,2008,11
2008-11,전북,3236,2008,11
2008-11,제주,273,2008,11
2008-11,충남,15277,2008,11
2008-11,충북,6565,2008,11
2008-12,강원,10581,2008,12
2008-12,경기,22795,2008,12
2008-12,경남,17107,2008,12
2008-12,경북,16106,2008,12
2008-12,광주,12384,2008,12
2008-12,대구,21379,2008,12
2008-12,대전,3802,2008,12
2008-12,부산,13997,2008,12
2008-12,서울,2486,2008,12
2008-12,세종,0,2008,12
2008-12,울산,9569,2008,12
2008-12,인천,1647,2008,12
2008-12,전남,6530,2008,12
2008-12,전북,4617,2008,12
2008-12,제주,269,2008,12
2008-12,충남,15918,2008,12
2008-12,충북,6412,2008,12
2009-01,강원,10072,2009,1
2009-01,경기,21415,2009,1
2009-01,경남,16311,2009,1
2009-01,경북,16189,2009,1
2009-01,광주,12395,2009,1
2009-01,대구,21560,2009,1
2009-01,대전,3715,2009,1
2009-01,부산,13882,2009,1
2009-01,서울,2511,2009,1
2009-01,세종,0,2009,1
2009-01,울산,9486,2009,1
2009-01,인천,1605,2009,1
2009-01,전남,6069,2009,1
2009-01,전북,4579,2009,1
2009-01,제주,264,2009,1
2009-01,충남,16349,2009,1
2009-01,충북,6291,2009,1
2009-02,강원,9940,2009,2
2009-02,경기,20405,2009,2
2009-02,경남,16043,2009,2
2009-02,경북,15468,2009,2
2009-02,광주,12669,2009,2
2009-02,대구,21380,2009,2
2009-02,대전,3676,2009,2
2009-02,부산,13763,2009,2
2009-02,서울,2460,2009,2
2009-02,세종,0,2009,2
2009-02,울산,9668,2009,2
2009-02,인천,2320,2009,2
2009-02,전남,6221,2009,2
2009-02,전북,4392,2009,2
2009-02,제주,256,2009,2
2009-02,충남,16926,2009,2
2009-02,충북,6385,2009,2
2009-03,강원,9780,2009,3
2009-03,경기,24040,2009,3
2009-03,경남,14460,2009,3
2009-03,경북,15985,2009,3
2009-03,광주,12821,2009,3
2009-03,대구,20402,2009,3
2009-03,대전,3360,2009,3
2009-03,부산,13828,2009,3
2009-03,서울,2459,2009,3
2009-03,세종,0,2009,3
2009-03,울산,9577,2009,3
2009-03,인천,2101,2009,3
2009-03,전남,5944,2009,3
2009-03,전북,4264,2009,3
2009-03,제주,282,2009,3
2009-03,충남,18251,2009,3
2009-03,충북,8087,2009,3
2009-04,강원,9746,2009,4
2009-04,경기,24704,2009,4
2009-04,경남,14479,2009,4
2009-04,경북,14871,2009,4
2009-04,광주,11384,2009,4
2009-04,대구,20691,2009,4
2009-04,대전,3169,2009,4
2009-04,부산,14790,2009,4
2009-04,서울,2295,2009,4
2009-04,세종,0,2009,4
2009-04,울산,9084,2009,4
2009-04,인천,2157,2009,4
2009-04,전남,5843,2009,4
2009-04,전북,4876,2009,4
2009-04,제주,425,2009,4
2009-04,충남,17939,2009,4
2009-04,충북,7403,2009,4
2009-05,강원,9249,2009,5
2009-05,경기,23192,2009,5
2009-05,경남,12124,2009,5
2009-05,경북,14929,2009,5
2009-05,광주,8565,2009,5
2009-05,대구,19851,2009,5
2009-05,대전,3012,2009,5
2009-05,부산,13602,2009,5
2009-05,서울,2136,2009,5
2009-05,세종,0,2009,5
2009-05,울산,7991,2009,5
2009-05,인천,2016,2009,5
2009-05,전남,6178,2009,5
2009-05,전북,4643,2009,5
2009-05,제주,400,2009,5
2009-05,충남,17229,2009,5
2009-05,충북,6821,2009,5
2009-06,강원,8987,2009,6
2009-06,경기,21699,2009,6
2009-06,경남,11988,2009,6
2009-06,경북,14233,2009,6
2009-06,광주,8209,2009,6
2009-06,대구,19257,2009,6
2009-06,대전,3696,2009,6
2009-06,부산,12685,2009,6
2009-06,서울,2085,2009,6
2009-06,세종,0,2009,6
2009-06,울산,8032,2009,6
2009-06,인천,1840,2009,6
2009-06,전남,5789,2009,6
2009-06,전북,4395,2009,6
2009-06,제주,365,2009,6
2009-06,충남,16063,2009,6
2009-06,충북,6262,2009,6
2009-07,강원,8788,2009,7
2009-07,경기,20248,2009,7
2009-07,경남,11430,2009,7
2009-07,경북,13943,2009,7
2009-07,광주,7264,2009,7
2009-07,대구,18473,2009,7
2009-07,대전,3428,2009,7
2009-07,부산,12253,2009,7
2009-07,서울,2060,2009,7
2009-07,세종,0,2009,7
2009-07,울산,7962,2009,7
2009-07,인천,1702,2009,7
2009-07,전남,5510,2009,7
2009-07,전북,4206,2009,7
2009-07,제주,332,2009,7
2009-07,충남,16342,2009,7
2009-07,충북,6245,2009,7
2009-08,강원,8577,2009,8
2009-08,경기,19738,2009,8
2009-08,경남,10948,2009,8
2009-08,경북,13582,2009,8
2009-08,광주,6799,2009,8
2009-08,대구,17920,2009,8
2009-08,대전,3150,2009,8
2009-08,부산,11451,2009,8
2009-08,서울,1960,2009,8
2009-08,세종,0,2009,8
2009-08,울산,7769,2009,8
2009-08,인천,1664,2009,8
2009-08,전남,5376,2009,8
2009-08,전북,3899,2009,8
2009-08,제주,324,2009,8
2009-08,충남,14595,2009,8
2009-08,충북,6027,2009,8
2009-09,강원,7817,2009,9
2009-09,경기,17534,2009,9
2009-09,경남,10340,2009,9
2009-09,경북,13311,2009,9
2009-09,광주,6102,2009,9
2009-09,대구,17043,2009,9
2009-09,대전,3300,2009,9
2009-09,부산,10436,2009,9
2009-09,서울,1887,2009,9
2009-09,세종,0,2009,9
2009-09,울산,7478,2009,9
2009-09,인천,1541,2009,9
2009-09,전남,5380,2009,9
2009-09,전북,4194,2009,9
2009-09,제주,298,2009,9
2009-09,충남,14195,2009,9
2009-09,충북,5568,2009,9
2009-10,강원,7530,2009,10
2009-10,경기,16638,2009,10
2009-10,경남,9427,2009,10
2009-10,경북,12678,2009,10
2009-10,광주,5751,2009,10
2009-10,대구,16467,2009,10
2009-10,대전,2928,2009,10
2009-10,부산,9891,2009,10
2009-10,서울,1778,2009,10
2009-10,세종,0,2009,10
2009-10,울산,7488,2009,10
2009-10,인천,1432,2009,10
2009-10,전남,5067,2009,10
2009-10,전북,3954,2009,10
2009-10,제주,327,2009,10
2009-10,충남,13656,2009,10
2009-10,충북,5425,2009,10
2009-11,강원,7353,2009,11
2009-11,경기,16473,2009,11
2009-11,경남,8818,2009,11
2009-11,경북,12525,2009,11
2009-11,광주,4974,2009,11
2009-11,대구,16119,2009,11
2009-11,대전,2776,2009,11
2009-11,부산,9287,2009,11
2009-11,서울,1814,2009,11
2009-11,세종,0,2009,11
2009-11,울산,8025,2009,11
2009-11,인천,4578,2009,11
2009-11,전남,6232,2009,11
2009-11,전북,3743,2009,11
2009-11,제주,326,2009,11
2009-11,충남,14148,2009,11
2009-11,충북,5351,2009,11
2009-12,강원,7157,2009,12
2009-12,경기,19325,2009,12
2009-12,경남,8698,2009,12
2009-12,경북,12808,2009,12
2009-12,광주,4678,2009,12
2009-12,대구,16009,2009,12
2009-12,대전,3101,2009,12
2009-12,부산,9200,2009,12
2009-12,서울,1803,2009,12
2009-12,세종,0,2009,12
2009-12,울산,7106,2009,12
2009-12,인천,4539,2009,12
2009-12,전남,5690,2009,12
2009-12,전북,3498,2009,12
2009-12,제주,280,2009,12
2009-12,충남,14277,2009,12
2009-12,충북,5128,2009,12
2010-01,강원,5691,2010,1
2010-01,경기,20432,2010,1
2010-01,경남,8187,2010,1
2010-01,경북,12915,2010,1
2010-01,광주,4304,2010,1
2010-01,대구,15875,2010,1
2010-01,대전,3042,2010,1
2010-01,부산,8279,2010,1
2010-01,서울,1803,2010,1
2010-01,세종,0,2010,1
2010-01,울산,7041,2010,1
2010-01,인천,3591,2010,1
2010-01,전남,5387,2010,1
2010-01,전북,3327,2010,1
2010-01,제주,297,2010,1
2010-01,충남,13950,2010,1
2010-01,충북,4918,2010,1
2010-02,강원,5416,2010,2
2010-02,경기,22467,2010,2
2010-02,경남,7474,2010,2
2010-02,경북,12324,2010,2
2010-02,광주,3889,2010,2
2010-02,대구,16053,2010,2
2010-02,대전,2839,2010,2
2010-02,부산,7657,2010,2
2010-02,서울,1813,2010,2
2010-02,세종,0,2010,2
2010-02,울산,6930,2010,2
2010-02,인천,3046,2010,2
2010-02,전남,5238,2010,2
2010-02,전북,3172,2010,2
2010-02,제주,261,2010,2
2010-02,충남,13188,2010,2
2010-02,충북,4671,2010,2
2010-03,강원,5274,2010,3
2010-03,경기,21408,2010,3
2010-03,경남,7231,2010,3
2010-03,경북,12100,2010,3
2010-03,광주,3457,2010,3
2010-03,대구,16002,2010,3
2010-03,대전,2768,2010,3
2010-03,부산,7595,2010,3
2010-03,서울,1658,2010,3
2010-03,세종,0,2010,3
2010-03,울산,6482,2010,3
2010-03,인천,3033,2010,3
2010-03,전남,5330,2010,3
2010-03,전북,2852,2010,3
2010-03,제주,233,2010,3
2010-03,충남,12906,2010,3
2010-03,충북,4581,2010,3
2010-04,강원,5108,2010,4
2010-04,경기,21386,2010,4
2010-04,경남,6815,2010,4
2010-04,경북,11897,2010,4
2010-04,광주,3775,2010,4
2010-04,대구,16467,2010,4
2010-04,대전,2662,2010,4
2010-04,부산,7814,2010,4
2010-04,서울,1575,2010,4
2010-04,세종,0,2010,4
2010-04,울산,6362,2010,4
2010-04,인천,2949,2010,4
2010-04,전남,3736,2010,4
2010-04,전북,2731,2010,4
2010-04,제주,221,2010,4
2010-04,충남,12973,2010,4
2010-04,충북,3938,2010,4
2010-05,강원,5105,2010,5
2010-05,경기,22349,2010,5
2010-05,경남,6570,2010,5
2010-05,경북,12195,2010,5
2010-05,광주,3824,2010,5
2010-05,대구,16303,2010,5
2010-05,대전,2508,2010,5
2010-05,부산,7272,2010,5
2010-05,서울,1957,2010,5
2010-05,세종,0,2010,5
2010-05,울산,6401,2010,5
2010-05,인천,3341,2010,5
2010-05,전남,3492,2010,5
2010-05,전북,2569,2010,5
2010-05,제주,217,2010,5
2010-05,충남,12621,2010,5
2010-05,충북,3736,2010,5
2010-06,강원,5009,2010,6
2010-06,경기,21969,2010,6
2010-06,경남,6282,2010,6
2010-06,경북,11253,2010,6
2010-06,광주,2822,2010,6
2010-06,대구,16389,2010,6
2010-06,대전,2987,2010,6
2010-06,부산,6910,2010,6
2010-06,서울,1979,2010,6
2010-06,세종,0,2010,6
2010-06,울산,6392,2010,6
2010-06,인천,4320,2010,6
2010-06,전남,3397,2010,6
2010-06,전북,2568,2010,6
2010-06,제주,191,2010,6
2010-06,충남,12513,2010,6
2010-06,충북,5039,2010,6
2010-07,강원,4741,2010,7
2010-07,경기,21866,2010,7
2010-07,경남,6005,2010,7
2010-07,경북,10627,2010,7
2010-07,광주,2859,2010,7
2010-07,대구,16325,2010,7
2010-07,대전,2880,2010,7
2010-07,부산,6747,2010,7
2010-07,서울,1941,2010,7
2010-07,세종,0,2010,7
2010-07,울산,6128,2010,7
2010-07,인천,4344,2010,7
2010-07,전남,3293,2010,7
2010-07,전북,2419,2010,7
2010-07,제주,180,2010,7
2010-07,충남,12222,2010,7
2010-07,충북,3887,2010,7
2010-08,강원,4556,2010,8
2010-08,경기,22326,2010,8
2010-08,경남,5950,2010,8
2010-08,경북,10664,2010,8
2010-08,광주,2474,2010,8
2010-08,대구,16066,2010,8
2010-08,대전,2741,2010,8
2010-08,부산,6131,2010,8
2010-08,서울,2085,2010,8
2010-08,세종,0,2010,8
2010-08,울산,6085,2010,8
2010-08,인천,3741,2010,8
2010-08,전남,3142,2010,8
2010-08,전북,2394,2010,8
2010-08,제주,175,2010,8
2010-08,충남,11593,2010,8
2010-08,충북,3858,2010,8
2010-09,강원,4413,2010,9
2010-09,경기,23185,2010,9
2010-09,경남,6435,2010,9
2010-09,경북,9830,2010,9
2010-09,광주,2150,2010,9
2010-09,대구,14743,2010,9
2010-09,대전,2639,2010,9
2010-09,부산,5223,2010,9
2010-09,서울,2169,2010,9
2010-09,세종,0,2010,9
2010-09,울산,5994,2010,9
2010-09,인천,3847,2010,9
2010-09,전남,2988,2010,9
2010-09,전북,1893,2010,9
2010-09,제주,172,2010,9
2010-09,충남,10851,2010,9
2010-09,충북,3793,2010,9
2010-10,강원,4163,2010,10
2010-10,경기,22701,2010,10
2010-10,경남,5791,2010,10
2010-10,경북,9512,2010,10
2010-10,광주,1899,2010,10
2010-10,대구,15304,2010,10
2010-10,대전,2461,2010,10
2010-10,부산,6051,2010,10
2010-10,서울,2506,2010,10
2010-10,세종,0,2010,10
2010-10,울산,5841,2010,10
2010-10,인천,4127,2010,10
2010-10,전남,2848,2010,10
2010-10,전북,1722,2010,10
2010-10,제주,155,2010,10
2010-10,충남,10285,2010,10
2010-10,충북,3667,2010,10
2010-11,강원,3988,2010,11
2010-11,경기,22247,2010,11
2010-11,경남,5754,2010,11
2010-11,경북,8777,2010,11
2010-11,광주,2359,2010,11
2010-11,대구,14505,2010,11
2010-11,대전,2357,2010,11
2010-11,부산,4136,2010,11
2010-11,서울,2842,2010,11
2010-11,세종,0,2010,11
2010-11,울산,5680,2010,11
2010-11,인천,4100,2010,11
2010-11,전남,2724,2010,11
2010-11,전북,1488,2010,11
2010-11,제주,186,2010,11
2010-11,충남,9824,2010,11
2010-11,충북,3572,2010,11
2010-12,강원,3837,2010,12
2010-12,경기,22418,2010,12
2010-12,경남,4780,2010,12
2010-12,경북,8042,2010,12
2010-12,광주,1809,2010,12
2010-12,대구,13163,2010,12
2010-12,대전,2205,2010,12
2010-12,부산,3458,2010,12
2010-12,서울,2729,2010,12
2010-12,세종,0,2010,12
2010-12,울산,5575,2010,12
2010-12,인천,4265,2010,12
2010-12,전남,2504,2010,12
2010-12,전북,1311,2010,12
2010-12,제주,162,2010,12
2010-12,충남,9020,2010,12
2010-12,충북,3428,2010,12
2011-01,강원,3720,2011,1
2011-01,경기,22153,2011,1
2011-01,경남,4586,2011,1
2011-01,경북,7693,2011,1
2011-01,광주,1259,2011,1
2011-01,대구,12380,2011,1
2011-01,대전,2068,2011,1
2011-01,부산,3064,2011,1
2011-01,서울,2269,2011,1
2011-01,세종,0,2011,1
2011-01,울산,5472,2011,1
2011-01,인천,4474,2011,1
2011-01,전남,2378,2011,1
2011-01,전북,1144,2011,1
2011-01,제주,231,2011,1
2011-01,충남,8750,2011,1
2011-01,충북,3282,2011,1
2011-02,강원,3544,2011,2
2011-02,경기,21028,2011,2
2011-02,경남,4257,2011,2
2011-02,경북,7278,2011,2
2011-02,광주,964,2011,2
2011-02,대구,11929,2011,2
2011-02,대전,1847,2011,2
2011-02,부산,2824,2011,2
2011-02,서울,2216,2011,2
2011-02,세종,0,2011,2
2011-02,울산,5567,2011,2
2011-02,인천,4173,2011,2
2011-02,전남,2106,2011,2
2011-02,전북,1015,2011,2
2011-02,제주,209,2011,2
2011-02,충남,8477,2011,2
2011-02,충북,3154,2011,2
2011-03,강원,3376,2011,3
2011-03,경기,21162,2011,3
2011-03,경남,3871,2011,3
2011-03,경북,6974,2011,3
2011-03,광주,805,2011,3
2011-03,대구,11325,2011,3
2011-03,대전,1651,2011,3
2011-03,부산,2734,2011,3
2011-03,서울,2104,2011,3
2011-03,세종,0,2011,3
2011-03,울산,5469,2011,3
2011-03,인천,3823,2011,3
2011-03,전남,2040,2011,3
2011-03,전북,925,2011,3
2011-03,제주,215,2011,3
2011-03,충남,8082,2011,3
2011-03,충북,3016,2011,3
2011-04,강원,3252,2011,4
2011-04,경기,19715,2011,4
2011-04,경남,3668,2011,4
2011-04,경북,6397,2011,4
2011-04,광주,717,2011,4
2011-04,대구,10561,2011,4
2011-04,대전,1530,2011,4
2011-04,부산,2305,2011,4
2011-04,서울,1855,2011,4
2011-04,세종,0,2011,4
2011-04,울산,5354,2011,4
2011-04,인천,3438,2011,4
2011-04,전남,1885,2011,4
2011-04,전북,843,2011,4
2011-04,제주,177,2011,4
2011-04,충남,7620,2011,4
2011-04,충북,2915,2011,4
2011-05,강원,3363,2011,5
2011-05,경기,21303,2011,5
2011-05,경남,2896,2011,5
2011-05,경북,5984,2011,5
2011-05,광주,721,2011,5
2011-05,대구,9916,2011,5
2011-05,대전,1272,2011,5
2011-05,부산,2671,2011,5
2011-05,서울,1785,2011,5
2011-05,세종,0,2011,5
2011-05,울산,5419,2011,5
2011-05,인천,3945,2011,5
2011-05,전남,1792,2011,5
2011-05,전북,750,2011,5
2011-05,제주,141,2011,5
2011-05,충남,7459,2011,5
2011-05,충북,1943,2011,5
2011-06,강원,3214,2011,6
2011-06,경기,21579,2011,6
2011-06,경남,3048,2011,6
2011-06,경북,5885,2011,6
2011-06,광주,655,2011,6
2011-06,대구,11577,2011,6
2011-06,대전,1629,2011,6
2011-06,부산,2682,2011,6
2011-06,서울,1825,2011,6
2011-06,세종,0,2011,6
2011-06,울산,5200,2011,6
2011-06,인천,3821,2011,6
2011-06,전남,1655,2011,6
2011-06,전북,687,2011,6
2011-06,제주,146,2011,6
2011-06,충남,7229,2011,6
2011-06,충북,1835,2011,6
2011-07,강원,3114,2011,7
2011-07,경기,20819,2011,7
2011-07,경남,2896,2011,7
2011-07,경북,5655,2011,7
2011-07,광주,682,2011,7
2011-07,대구,10828,2011,7
2011-07,대전,1189,2011,7
2011-07,부산,3158,2011,7
2011-07,서울,1826,2011,7
2011-07,세종,0,2011,7
2011-07,울산,5014,2011,7
2011-07,인천,3749,2011,7
2011-07,전남,1800,2011,7
2011-07,전북,639,2011,7
2011-07,제주,130,2011,7
2011-07,충남,6903,2011,7
2011-07,충북,1685,2011,7
2011-08,강원,2922,2011,8
2011-08,경기,22137,2011,8
2011-08,경남,2729,2011,8
2011-08,경북,5093,2011,8
2011-08,광주,458,2011,8
2011-08,대구,10152,2011,8
2011-08,대전,997,2011,8
2011-08,부산,3046,2011,8
2011-08,서울,1767,2011,8
2011-08,세종,0,2011,8
2011-08,울산,4942,2011,8
2011-08,인천,3730,2011,8
2011-08,전남,1728,2011,8
2011-08,전북,541,2011,8
2011-08,제주,290,2011,8
2011-08,충남,6546,2011,8
2011-08,충북,1515,2011,8
2011-09,강원,2690,2011,9
2011-09,경기,21724,2011,9
2011-09,경남,3748,2011,9
2011-09,경북,4723,2011,9
2011-09,광주,619,2011,9
2011-09,대구,9861,2011,9
2011-09,대전,913,2011,9
2011-09,부산,2842,2011,9
2011-09,서울,1776,2011,9
2011-09,세종,0,2011,9
2011-09,울산,4713,2011,9
2011-09,인천,3783,2011,9
2011-09,전남,2191,2011,9
2011-09,전북,478,2011,9
2011-09,제주,249,2011,9
2011-09,충남,6379,2011,9
2011-09,충북,1350,2011,9
2011-10,강원,2460,2011,10
2011-10,경기,21556,2011,10
2011-10,경남,4454,2011,10
2011-10,경북,4434,2011,10
2011-10,광주,806,2011,10
2011-10,대구,9295,2011,10
2011-10,대전,854,2011,10
2011-10,부산,3008,2011,10
2011-10,서울,1821,2011,10
2011-10,세종,0,2011,10
2011-10,울산,4501,2011,10
2011-10,인천,3724,2011,10
2011-10,전남,1847,2011,10
2011-10,전북,428,2011,10
2011-10,제주,176,2011,10
2011-10,충남,5903,2011,10
2011-10,충북,1195,2011,10
2011-11,강원,2207,2011,11
2011-11,경기,21595,2011,11
2011-11,경남,4235,2011,11
2011-11,경북,4274,2011,11
2011-11,광주,770,2011,11
2011-11,대구,9384,2011,11
2011-11,대전,1482,2011,11
2011-11,부산,2887,2011,11
2011-11,서울,1801,2011,11
2011-11,세종,0,2011,11
2011-11,울산,3780,2011,11
2011-11,인천,3873,2011,11
2011-11,전남,1728,2011,11
2011-11,전북,386,2011,11
2011-11,제주,147,2011,11
2011-11,충남,7391,2011,11
2011-11,충북,1100,2011,11
2011-12,강원,2244,2011,12
2011-12,경기,22378,2011,12
2011-12,경남,6375,2011,12
2011-12,경북,4110,2011,12
2011-12,광주,784,2011,12
2011-12,대구,8672,2011,12
2011-12,대전,1557,2011,12
2011-12,부산,4193,2011,12
2011-12,서울,1861,2011,12
2011-12,세종,0,2011,12
2011-12,울산,3510,2011,12
2011-12,인천,3642,2011,12
2011-12,전남,1527,2011,12
2011-12,전북,355,2011,12
2011-12,제주,97,2011,12
2011-12,충남,7471,2011,12
2011-12,충북,1031,2011,12
2012-01,강원,2318,2012,1
2012-01,경기,23539,2012,1
2012-01,경남,5888,2012,1
2012-01,경북,3508,2012,1
2012-01,광주,865,2012,1
2012-01,대구,7477,2012,1
2012-01,대전,1400,2012,1
2012-01,부산,3909,2012,1
2012-01,서울,1890,2012,1
2012-01,세종,0,2012,1
2012-01,울산,3363,2012,1
2012-01,인천,3532,2012,1
2012-01,전남,1436,2012,1
2012-01,전북,354,2012,1
2012-01,제주,71,2012,1
2012-01,충남,7159,2012,1
2012-01,충북,1077,2012,1
2012-02,강원,2642,2012,2
2012-02,경기,22206,2012,2
2012-02,경남,5488,2012,2
2012-02,경북,3228,2012,2
2012-02,광주,818,2012,2
2012-02,대구,6807,2012,2
2012-02,대전,1301,2012,2
2012-02,부산,3970,2012,2
2012-02,서울,1703,2012,2
2012-02,세종,0,2012,2
2012-02,울산,3507,2012,2
2012-02,인천,3694,2012,2
2012-02,전남,1376,2012,2
2012-02,전북,285,2012,2
2012-02,제주,84,2012,2
2012-02,충남,6746,2012,2
2012-02,충북,995,2012,2
2012-03,강원,2567,2012,3
2012-03,경기,21427,2012,3
2012-03,경남,5518,2012,3
2012-03,경북,3010,2012,3
2012-03,광주,1142,2012,3
2012-03,대구,6104,2012,3
2012-03,대전,1227,2012,3
2012-03,부산,4191,2012,3
2012-03,서울,1732,2012,3
2012-03,세종,0,2012,3
2012-03,울산,3144,2012,3
2012-03,인천,3802,2012,3
2012-03,전남,1285,2012,3
2012-03,전북,259,2012,3
2012-03,제주,57,2012,3
2012-03,충남,6502,2012,3
2012-03,충북,982,2012,3
2012-04,강원,3034,2012,4
2012-04,경기,20595,2012,4
2012-04,경남,5297,2012,4
2012-04,경북,3562,2012,4
2012-04,광주,940,2012,4
2012-04,대구,5895,2012,4
2012-04,대전,1192,2012,4
2012-04,부산,4063,2012,4
2012-04,서울,1691,2012,4
2012-04,세종,0,2012,4
2012-04,울산,2916,2012,4
2012-04,인천,3829,2012,4
2012-04,전남,1063,2012,4
2012-04,전북,247,2012,4
2012-04,제주,48,2012,4
2012-04,충남,6180,2012,4
2012-04,충북,833,2012,4
2012-05,강원,2809,2012,5
2012-05,경기,20890,2012,5
2012-05,경남,4817,2012,5
2012-05,경북,3361,2012,5
2012-05,광주,1104,2012,5
2012-05,대구,5721,2012,5
2012-05,대전,1179,2012,5
2012-05,부산,4014,2012,5
2012-05,서울,1703,2012,5
2012-05,세종,0,2012,5
2012-05,울산,3549,2012,5
2012-05,인천,4002,2012,5
2012-05,전남,1719,2012,5
2012-05,전북,249,2012,5
2012-05,제주,310,2012,5
2012-05,충남,6065,2012,5
2012-05,충북,833,2012,5
2012-06,강원,3086,2012,6
2012-06,경기,21173,2012,6
2012-06,경남,4663,2012,6
2012-06,경북,3258,2012,6
2012-06,광주,1108,2012,6
2012-06,대구,5564,2012,6
2012-06,대전,1228,2012,6
2012-06,부산,4448,2012,6
2012-06,서울,1698,2012,6
2012-06,세종,0,2012,6
2012-06,울산,3047,2012,6
2012-06,인천,4058,2012,6
2012-06,전남,1486,2012,6
2012-06,전북,239,2012,6
2012-06,제주,290,2012,6
2012-06,충남,6156,2012,6
2012-06,충북,786,2012,6
2012-07,강원,3244,2012,7
2012-07,경기,22034,2012,7
2012-07,경남,5025,2012,7
2012-07,경북,3503,2012,7
2012-07,광주,1313,2012,7
2012-07,대구,5289,2012,7
2012-07,대전,1197,2012,7
2012-07,부산,5630,2012,7
2012-07,서울,3146,2012,7
2012-07,세종,50,2012,7
2012-07,울산,3291,2012,7
2012-07,인천,4212,2012,7
2012-07,전남,1766,2012,7
2012-07,전북,341,2012,7
2012-07,제주,284,2012,7
2012-07,충남,6035,2012,7
2012-07,충북,700,2012,7
2012-08,강원,3184,2012,8
2012-08,경기,21938,2012,8
2012-08,경남,5730,2012,8
2012-08,경북,3277,2012,8
2012-08,광주,3051,2012,8
2012-08,대구,5202,2012,8
2012-08,대전,1501,2012,8
2012-08,부산,5484,2012,8
2012-08,서울,3847,2012,8
2012-08,세종,42,2012,8
2012-08,울산,2975,2012,8
2012-08,인천,4212,2012,8
2012-08,전남,1875,2012,8
2012-08,전북,332,2012,8
2012-08,제주,265,2012,8
2012-08,충남,5965,2012,8
2012-08,충북,631,2012,8
2012-09,강원,3616,2012,9
2012-09,경기,21864,2012,9
2012-09,경남,7348,2012,9
2012-09,경북,2640,2012,9
2012-09,광주,3017,2012,9
2012-09,대구,4993,2012,9
2012-09,대전,1561,2012,9
2012-09,부산,5393,2012,9
2012-09,서울,3754,2012,9
2012-09,세종,21,2012,9
2012-09,울산,3018,2012,9
2012-09,인천,4420,2012,9
2012-09,전남,1548,2012,9
2012-09,전북,537,2012,9
2012-09,제주,982,2012,9
2012-09,충남,6187,2012,9
2012-09,충북,653,2012,9
2012-10,강원,3769,2012,10
2012-10,경기,24567,2012,10
2012-10,경남,8243,2012,10
2012-10,경북,3149,2012,10
2012-10,광주,2792,2012,10
2012-10,대구,4678,2012,10
2012-10,대전,1377,2012,10
2012-10,부산,5261,2012,10
2012-10,서울,3700,2012,10
2012-10,세종,3,2012,10
2012-10,울산,3071,2012,10
2012-10,인천,4181,2012,10
2012-10,전남,1850,2012,10
2012-10,전북,481,2012,10
2012-10,제주,841,2012,10
2012-10,충남,4148,2012,10
2012-10,충북,628,2012,10
2012-11,강원,4367,2012,11
2012-11,경기,26732,2012,11
2012-11,경남,9941,2012,11
2012-11,경북,2728,2012,11
2012-11,광주,3608,2012,11
2012-11,대구,3707,2012,11
2012-11,대전,1484,2012,11
2012-11,부산,5199,2012,11
2012-11,서울,3594,2012,11
2012-11,세종,0,2012,11
2012-11,울산,3474,2012,11
2012-11,인천,4059,2012,11
2012-11,전남,1740,2012,11
2012-11,전북,401,2012,11
2012-11,제주,974,2012,11
2012-11,충남,3608,2012,11
2012-11,충북,703,2012,11
2012-12,강원,4421,2012,12
2012-12,경기,25040,2012,12
2012-12,경남,9558,2012,12
2012-12,경북,3201,2012,12
2012-12,광주,3348,2012,12
2012-12,대구,3288,2012,12
2012-12,대전,1441,2012,12
2012-12,부산,5784,2012,12
2012-12,서울,3481,2012,12
2012-12,세종,0,2012,12
2012-12,울산,3659,2012,12
2012-12,인천,4026,2012,12
2012-12,전남,2478,2012,12
2012-12,전북,629,2012,12
2012-12,제주,954,2012,12
2012-12,충남,2942,2012,12
2012-12,충북,585,2012,12
2013-01,강원,4159,2013,1
2013-01,경기,25732,2013,1
2013-01,경남,9203,2013,1
2013-01,경북,3096,2013,1
2013-01,광주,3369,2013,1
2013-01,대구,2898,2013,1
2013-01,대전,1404,2013,1
2013-01,부산,6985,2013,1
2013-01,서울,3415,2013,1
2013-01,세종,0,2013,1
2013-01,울산,3245,2013,1
2013-01,인천,4637,2013,1
2013-01,전남,2348,2013,1
2013-01,전북,443,2013,1
2013-01,제주,1051,2013,1
2013-01,충남,2691,2013,1
2013-01,충북,504,2013,1
2013-02,강원,4220,2013,2
2013-02,경기,25888,2013,2
2013-02,경남,8965,2013,2
2013-02,경북,2647,2013,2
2013-02,광주,3235,2013,2
2013-02,대구,2622,2013,2
2013-02,대전,1300,2013,2
2013-02,부산,6568,2013,2
2013-02,서울,3308,2013,2
2013-02,세종,102,2013,2
2013-02,울산,3035,2013,2
2013-02,인천,4478,2013,2
2013-02,전남,2069,2013,2
2013-02,전북,868,2013,2
2013-02,제주,1063,2013,2
2013-02,충남,2563,2013,2
2013-02,충북,455,2013,2
2013-03,강원,3846,2013,3
2013-03,경기,24511,2013,3
2013-03,경남,8353,2013,3
2013-03,경북,2375,2013,3
2013-03,광주,1612,2013,3
2013-03,대구,2347,2013,3
2013-03,대전,1303,2013,3
2013-03,부산,6896,2013,3
2013-03,서울,3168,2013,3
2013-03,세종,721,2013,3
2013-03,울산,2792,2013,3
2013-03,인천,5080,2013,3
2013-03,전남,1993,2013,3
2013-03,전북,1041,2013,3
2013-03,제주,996,2013,3
2013-03,충남,2697,2013,3
2013-03,충북,902,2013,3
2013-04,강원,4149,2013,4
2013-04,경기,25164,2013,4
2013-04,경남,8703,2013,4
2013-04,경북,2270,2013,4
2013-04,광주,1471,2013,4
2013-04,대구,2089,2013,4
2013-04,대전,1399,2013,4
2013-04,부산,6131,2013,4
2013-04,서울,3035,2013,4
2013-04,세종,424,2013,4
2013-04,울산,2438,2013,4
2013-04,인천,5068,2013,4
2013-04,전남,1946,2013,4
2013-04,전북,1565,2013,4
2013-04,제주,983,2013,4
2013-04,충남,2555,2013,4
2013-04,충북,811,2013,4
2013-05,강원,3751,2013,5
2013-05,경기,24941,2013,5
2013-05,경남,7617,2013,5
2013-05,경북,2071,2013,5
2013-05,광주,1350,2013,5
2013-05,대구,1939,2013,5
2013-05,대전,1253,2013,5
2013-05,부산,5485,2013,5
2013-05,서울,2908,2013,5
2013-05,세종,619,2013,5
2013-05,울산,2210,2013,5
2013-05,인천,4920,2013,5
2013-05,전남,1920,2013,5
2013-05,전북,1873,2013,5
2013-05,제주,925,2013,5
2013-05,충남,2351,2013,5
2013-05,충북,763,2013,5
2013-06,강원,3461,2013,6
2013-06,경기,24556,2013,6
2013-06,경남,6992,2013,6
2013-06,경북,2081,2013,6
2013-06,광주,1233,2013,6
2013-06,대구,1760,2013,6
2013-06,대전,1187,2013,6
2013-06,부산,4956,2013,6
2013-06,서울,2722,2013,6
2013-06,세종,414,2013,6
2013-06,울산,1924,2013,6
2013-06,인천,5223,2013,6
2013-06,전남,2271,2013,6
2013-06,전북,1903,2013,6
2013-06,제주,744,2013,6
2013-06,충남,2961,2013,6
2013-06,충북,684,2013,6
2013-07,강원,3582,2013,7
2013-07,경기,27464,2013,7
2013-07,경남,7401,2013,7
2013-07,경북,1963,2013,7
2013-07,광주,1116,2013,7
2013-07,대구,1649,2013,7
2013-07,대전,1163,2013,7
2013-07,부산,4575,2013,7
2013-07,서울,2581,2013,7
2013-07,세종,739,2013,7
2013-07,울산,1830,2013,7
2013-07,인천,5281,2013,7
2013-07,전남,2183,2013,7
2013-07,전북,1982,2013,7
2013-07,제주,684,2013,7
2013-07,충남,2565,2013,7
2013-07,충북,914,2013,7
2013-08,강원,3446,2013,8
2013-08,경기,27803,2013,8
2013-08,경남,7829,2013,8
2013-08,경북,1817,2013,8
2013-08,광주,1064,2013,8
2013-08,대구,1492,2013,8
2013-08,대전,1066,2013,8
2013-08,부산,4848,2013,8
2013-08,서울,3970,2013,8
2013-08,세종,180,2013,8
2013-08,울산,1685,2013,8
2013-08,인천,5130,2013,8
2013-08,전남,2087,2013,8
2013-08,전북,1884,2013,8
2013-08,제주,614,2013,8
2013-08,충남,2321,2013,8
2013-08,충북,883,2013,8
2013-09,강원,3572,2013,9
2013-09,경기,25500,2013,9
2013-09,경남,7202,2013,9
2013-09,경북,1917,2013,9
2013-09,광주,913,2013,9
2013-09,대구,1602,2013,9
2013-09,대전,981,2013,9
2013-09,부산,4954,2013,9
2013-09,서울,4331,2013,9
2013-09,세종,43,2013,9
2013-09,울산,2816,2013,9
2013-09,인천,4840,2013,9
2013-09,전남,2021,2013,9
2013-09,전북,1694,2013,9
2013-09,제주,581,2013,9
2013-09,충남,2346,2013,9
2013-09,충북,797,2013,9
2013-10,강원,3283,2013,10
2013-10,경기,28399,2013,10
2013-10,경남,6396,2013,10
2013-10,경북,1590,2013,10
2013-10,광주,817,2013,10
2013-10,대구,1359,2013,10
2013-10,대전,876,2013,10
2013-10,부산,4385,2013,10
2013-10,서울,3808,2013,10
2013-10,세종,14,2013,10
2013-10,울산,2499,2013,10
2013-10,인천,4335,2013,10
2013-10,전남,1829,2013,10
2013-10,전북,1595,2013,10
2013-10,제주,516,2013,10
2013-10,충남,2007,2013,10
2013-10,충북,725,2013,10
2013-11,강원,3156,2013,11
2013-11,경기,26413,2013,11
2013-11,경남,5840,2013,11
2013-11,경북,1542,2013,11
2013-11,광주,377,2013,11
2013-11,대구,1196,2013,11
2013-11,대전,989,2013,11
2013-11,부산,5350,2013,11
2013-11,서울,3568,2013,11
2013-11,세종,158,2013,11
2013-11,울산,2895,2013,11
2013-11,인천,4222,2013,11
2013-11,전남,2065,2013,11
2013-11,전북,1511,2013,11
2013-11,제주,477,2013,11
2013-11,충남,3265,2013,11
2013-11,충북,685,2013,11
2013-12,강원,3055,2013,12
2013-12,경기,24760,2013,12
2013-12,경남,4909,2013,12
2013-12,경북,1405,2013,12
2013-12,광주,323,2013,12
2013-12,대구,1234,2013,12
2013-12,대전,1146,2013,12
2013-12,부산,4259,2013,12
2013-12,서울,3157,2013,12
2013-12,세종,54,2013,12
2013-12,울산,3310,2013,12
2013-12,인천,5275,2013,12
2013-12,전남,1981,2013,12
2013-12,전북,1470,2013,12
2013-12,제주,588,2013,12
2013-12,충남,3566,2013,12
2013-12,충북,599,2013,12
2014-01,강원,2936,2014,1
2014-01,경기,22525,2014,1
2014-01,경남,4801,2014,1
2014-01,경북,1167,2014,1
2014-01,광주,340,2014,1
2014-01,대구,955,2014,1
2014-01,대전,867,2014,1
2014-01,부산,4131,2014,1
2014-01,서울,2905,2014,1
2014-01,세종,4,2014,1
2014-01,울산,2943,2014,1
2014-01,인천,7267,2014,1
2014-01,전남,1921,2014,1
2014-01,전북,1383,2014,1
2014-01,제주,557,2014,1
2014-01,충남,3204,2014,1
2014-01,충북,670,2014,1
2014-02,강원,3049,2014,2
2014-02,경기,19653,2014,2
2014-02,경남,4380,2014,2
2014-02,경북,1043,2014,2
2014-02,광주,206,2014,2
2014-02,대구,615,2014,2
2014-02,대전,740,2014,2
2014-02,부산,3433,2014,2
2014-02,서울,2734,2014,2
2014-02,세종,4,2014,2
2014-02,울산,2559,2014,2
2014-02,인천,6891,2014,2
2014-02,전남,1851,2014,2
2014-02,전북,1319,2014,2
2014-02,제주,540,2014,2
2014-02,충남,2741,2014,2
2014-02,충북,633,2014,2
2014-03,강원,2899,2014,3
2014-03,경기,17509,2014,3
2014-03,경남,3934,2014,3
2014-03,경북,1122,2014,3
2014-03,광주,483,2014,3
2014-03,대구,523,2014,3
2014-03,대전,669,2014,3
2014-03,부산,3985,2014,3
2014-03,서울,2259,2014,3
2014-03,세종,4,2014,3
2014-03,울산,2081,2014,3
2014-03,인천,6314,2014,3
2014-03,전남,1742,2014,3
2014-03,전북,1254,2014,3
2014-03,제주,511,2014,3
2014-03,충남,2260,2014,3
2014-03,충북,618,2014,3
2014-04,강원,2840,2014,4
2014-04,경기,16174,2014,4
2014-04,경남,3768,2014,4
2014-04,경북,1060,2014,4
2014-04,광주,129,2014,4
2014-04,대구,296,2014,4
2014-04,대전,608,2014,4
2014-04,부산,3490,2014,4
2014-04,서울,2185,2014,4
2014-04,세종,211,2014,4
2014-04,울산,1709,2014,4
2014-04,인천,5933,2014,4
2014-04,전남,1927,2014,4
2014-04,전북,1420,2014,4
2014-04,제주,503,2014,4
2014-04,충남,1878,2014,4
2014-04,충북,1442,2014,4
2014-05,강원,2413,2014,5
2014-05,경기,19362,2014,5
2014-05,경남,3840,2014,5
2014-05,경북,911,2014,5
2014-05,광주,127,2014,5
2014-05,대구,562,2014,5
2014-05,대전,573,2014,5
2014-05,부산,2962,2014,5
2014-05,서울,2241,2014,5
2014-05,세종,478,2014,5
2014-05,울산,1467,2014,5
2014-05,인천,7443,2014,5
2014-05,전남,1879,2014,5
2014-05,전북,1253,2014,5
2014-05,제주,408,2014,5
2014-05,충남,1587,2014,5
2014-05,충북,1520,2014,5
2014-06,강원,2275,2014,6
2014-06,경기,20632,2014,6
2014-06,경남,4040,2014,6
2014-06,경북,720,2014,6
2014-06,광주,117,2014,6
2014-06,대구,367,2014,6
2014-06,대전,531,2014,6
2014-06,부산,2640,2014,6
2014-06,서울,2601,2014,6
2014-06,세종,302,2014,6
2014-06,울산,1115,2014,6
2014-06,인천,6979,2014,6
2014-06,전남,3338,2014,6
2014-06,전북,1401,2014,6
2014-06,제주,360,2014,6
2014-06,충남,1353,2014,6
2014-06,충북,1486,2014,6
2014-07,강원,2169,2014,7
2014-07,경기,17887,2014,7
2014-07,경남,4474,2014,7
2014-07,경북,1138,2014,7
2014-07,광주,657,2014,7
2014-07,대구,1754,2014,7
2014-07,대전,590,2014,7
2014-07,부산,2822,2014,7
2014-07,서울,2492,2014,7
2014-07,세종,1344,2014,7
2014-07,울산,806,2014,7
2014-07,인천,6418,2014,7
2014-07,전남,3244,2014,7
2014-07,전북,1502,2014,7
2014-07,제주,323,2014,7
2014-07,충남,1816,2014,7
2014-07,충북,1851,2014,7
2014-08,강원,1739,2014,8
2014-08,경기,15340,2014,8
2014-08,경남,3769,2014,8
2014-08,경북,1578,2014,8
2014-08,광주,410,2014,8
2014-08,대구,1097,2014,8
2014-08,대전,827,2014,8
2014-08,부산,2227,2014,8
2014-08,서울,2362,2014,8
2014-08,세종,897,2014,8
2014-08,울산,555,2014,8
2014-08,인천,5512,2014,8
2014-08,전남,3139,2014,8
2014-08,전북,1420,2014,8
2014-08,제주,264,2014,8
2014-08,충남,2095,2014,8
2014-08,충북,1553,2014,8
2014-09,강원,1630,2014,9
2014-09,경기,13505,2014,9
2014-09,경남,3319,2014,9
2014-09,경북,1338,2014,9
2014-09,광주,268,2014,9
2014-09,대구,773,2014,9
2014-09,대전,650,2014,9
2014-09,부산,2671,2014,9
2014-09,서울,1797,2014,9
2014-09,세종,697,2014,9
2014-09,울산,409,2014,9
2014-09,인천,4640,2014,9
2014-09,전남,3031,2014,9
2014-09,전북,1350,2014,9
2014-09,제주,239,2014,9
2014-09,충남,1525,2014,9
2014-09,충북,1326,2014,9
2014-10,강원,3357,2014,10
2014-10,경기,13999,2014,10
2014-10,경남,2907,2014,10
2014-10,경북,1762,2014,10
2014-10,광주,186,2014,10
2014-10,대구,788,2014,10
2014-10,대전,562,2014,10
2014-10,부산,2199,2014,10
2014-10,서울,1724,2014,10
2014-10,세종,313,2014,10
2014-10,울산,342,2014,10
2014-10,인천,3996,2014,10
2014-10,전남,2678,2014,10
2014-10,전북,1299,2014,10
2014-10,제주,160,2014,10
2014-10,충남,2676,2014,10
2014-10,충북,1144,2014,10
2014-11,강원,3086,2014,11
2014-11,경기,14539,2014,11
2014-11,경남,2776,2014,11
2014-11,경북,2516,2014,11
2014-11,광주,172,2014,11
2014-11,대구,554,2014,11
2014-11,대전,669,2014,11
2014-11,부산,2375,2014,11
2014-11,서울,1522,2014,11
2014-11,세종,61,2014,11
2014-11,울산,307,2014,11
2014-11,인천,3713,2014,11
2014-11,전남,2641,2014,11
2014-11,전북,1255,2014,11
2014-11,제주,147,2014,11
2014-11,충남,2338,2014,11
2014-11,충북,1032,2014,11
2014-12,강원,3054,2014,12
2014-12,경기,14723,2014,12
2014-12,경남,2962,2014,12
2014-12,경북,2023,2014,12
2014-12,광주,247,2014,12
2014-12,대구,1013,2014,12
2014-12,대전,444,2014,12
2014-12,부산,2060,2014,12
2014-12,서울,1356,2014,12
2014-12,세종,433,2014,12
2014-12,울산,258,2014,12
2014-12,인천,3735,2014,12
2014-12,전남,2981,2014,12
2014-12,전북,1197,2014,12
2014-12,제주,124,2014,12
2014-12,충남,2838,2014,12
2014-12,충북,931,2014,12
2015-01,강원,2930,2015,1
2015-01,경기,14201,2015,1
2015-01,경남,3138,2015,1
2015-01,경북,2024,2015,1
2015-01,광주,252,2015,1
2015-01,대구,857,2015,1
2015-01,대전,456,2015,1
2015-01,부산,1710,2015,1
2015-01,서울,1497,2015,1
2015-01,세종,295,2015,1
2015-01,울산,329,2015,1
2015-01,인천,3257,2015,1
2015-01,전남,2006,2015,1
2015-01,전북,824,2015,1
2015-01,제주,168,2015,1
2015-01,충남,2199,2015,1
2015-01,충북,842,2015,1
2015-02,강원,2850,2015,2
2015-02,경기,12695,2015,2
2015-02,경남,2766,2015,2
2015-02,경북,1844,2015,2
2015-02,광주,141,2015,2
2015-02,대구,669,2015,2
2015-02,대전,424,2015,2
2015-02,부산,1515,2015,2
2015-02,서울,1238,2015,2
2015-02,세종,84,2015,2
2015-02,울산,309,2015,2
2015-02,인천,2991,2015,2
2015-02,전남,1888,2015,2
2015-02,전북,883,2015,2
2015-02,제주,108,2015,2
2015-02,충남,2318,2015,2
2015-02,충북,1090,2015,2
2015-03,강원,2703,2015,3
2015-03,경기,10285,2015,3
2015-03,경남,2175,2015,3
2015-03,경북,1625,2015,3
2015-03,광주,109,2015,3
2015-03,대구,483,2015,3
2015-03,대전,478,2015,3
2015-03,부산,1258,2015,3
2015-03,서울,1064,2015,3
2015-03,세종,0,2015,3
2015-03,울산,250,2015,3
2015-03,인천,2846,2015,3
2015-03,전남,1716,2015,3
2015-03,전북,828,2015,3
2015-03,제주,106,2015,3
2015-03,충남,2031,2015,3
2015-03,충북,940,2015,3
2015-04,강원,2577,2015,4
2015-04,경기,10976,2015,4
2015-04,경남,1838,2015,4
2015-04,경북,1380,2015,4
2015-04,광주,91,2015,4
2015-04,대구,203,2015,4
2015-04,대전,457,2015,4
2015-04,부산,935,2015,4
2015-04,서울,987,2015,4
2015-04,세종,0,2015,4
2015-04,울산,118,2015,4
2015-04,인천,2547,2015,4
2015-04,전남,1620,2015,4
2015-04,전북,829,2015,4
2015-04,제주,162,2015,4
2015-04,충남,2535,2015,4
2015-04,충북,838,2015,4
2015-05,강원,2946,2015,5
2015-05,경기,10458,2015,5
2015-05,경남,1881,2015,5
2015-05,경북,986,2015,5
2015-05,광주,120,2015,5
2015-05,대구,49,2015,5
2015-05,대전,432,2015,5
2015-05,부산,835,2015,5
2015-05,서울,976,2015,5
2015-05,세종,0,2015,5
2015-05,울산,98,2015,5
2015-05,인천,2998,2015,5
2015-05,전남,1480,2015,5
2015-05,전북,1102,2015,5
2015-05,제주,67,2015,5
2015-05,충남,2966,2015,5
2015-05,충북,748,2015,5
2015-06,강원,3373,2015,6
2015-06,경기,12927,2015,6
2015-06,경남,2450,2015,6
2015-06,경북,2014,2015,6
2015-06,광주,189,2015,6
2015-06,대구,27,2015,6
2015-06,대전,780,2015,6
2015-06,부산,987,2015,6
2015-06,서울,638,2015,6
2015-06,세종,0,2015,6
2015-06,울산,96,2015,6
2015-06,인천,2529,2015,6
2015-06,전남,1463,2015,6
2015-06,전북,1588,2015,6
2015-06,제주,217,2015,6
2015-06,충남,3475,2015,6
2015-06,충북,1315,2015,6
2015-07,강원,2089,2015,7
2015-07,경기,13014,2015,7
2015-07,경남,3351,2015,7
2015-07,경북,1476,2015,7
2015-07,광주,183,2015,7
2015-07,대구,11,2015,7
2015-07,대전,1322,2015,7
2015-07,부산,1371,2015,7
2015-07,서울,482,2015,7
2015-07,세종,0,2015,7
2015-07,울산,125,2015,7
2015-07,인천,2440,2015,7
2015-07,전남,1286,2015,7
2015-07,전북,1227,2015,7
2015-07,제주,79,2015,7
2015-07,충남,3345,2015,7
2015-07,충북,1376,2015,7
2015-08,강원,1766,2015,8
2015-08,경기,12428,2015,8
2015-08,경남,2606,2015,8
2015-08,경북,1891,2015,8
2015-08,광주,190,2015,8
2015-08,대구,11,2015,8
2015-08,대전,909,2015,8
2015-08,부산,1044,2015,8
2015-08,서울,317,2015,8
2015-08,세종,0,2015,8
2015-08,울산,105,2015,8
2015-08,인천,3144,2015,8
2015-08,전남,1246,2015,8
2015-08,전북,1131,2015,8
2015-08,제주,32,2015,8
2015-08,충남,3636,2015,8
2015-08,충북,1242,2015,8
2015-09,강원,1761,2015,9
2015-09,경기,11534,2015,9
2015-09,경남,2800,2015,9
2015-09,경북,1709,2015,9
2015-09,광주,260,2015,9
2015-09,대구,108,2015,9
2015-09,대전,809,2015,9
2015-09,부산,1252,2015,9
2015-09,서울,251,2015,9
2015-09,세종,0,2015,9
2015-09,울산,94,2015,9
2015-09,인천,2764,2015,9
2015-09,전남,1208,2015,9
2015-09,전북,1140,2015,9
2015-09,제주,32,2015,9
2015-09,충남,5537,2015,9
2015-09,충북,1265,2015,9
2015-10,강원,1641,2015,10
2015-10,경기,12510,2015,10
2015-10,경남,2440,2015,10
2015-10,경북,1837,2015,10
2015-10,광주,269,2015,10
2015-10,대구,121,2015,10
2015-10,대전,552,2015,10
2015-10,부산,1191,2015,10
2015-10,서울,264,2015,10
2015-10,세종,0,2015,10
2015-10,울산,89,2015,10
2015-10,인천,2802,2015,10
2015-10,전남,1095,2015,10
2015-10,전북,1059,2015,10
2015-10,제주,26,2015,10
2015-10,충남,5110,2015,10
2015-10,충북,1215,2015,10
2015-11,강원,1937,2015,11
2015-11,경기,21809,2015,11
2015-11,경남,2947,2015,11
2015-11,경북,1654,2015,11
2015-11,광주,298,2015,11
2015-11,대구,114,2015,11
2015-11,대전,1067,2015,11
2015-11,부산,1074,2015,11
2015-11,서울,241,2015,11
2015-11,세종,16,2015,11
2015-11,울산,365,2015,11
2015-11,인천,4528,2015,11
2015-11,전남,1562,2015,11
2015-11,전북,1336,2015,11
2015-11,제주,44,2015,11
2015-11,충남,6618,2015,11
2015-11,충북,4114,2015,11
2015-12,강원,1876,2015,12
2015-12,경기,25937,2015,12
2015-12,경남,3411,2015,12
2015-12,경북,3802,2015,12
2015-12,광주,735,2015,12
2015-12,대구,2396,2015,12
2015-12,대전,1243,2015,12
2015-12,부산,1290,2015,12
2015-12,서울,494,2015,12
2015-12,세종,16,2015,12
2015-12,울산,437,2015,12
2015-12,인천,4206,2015,12
2015-12,전남,1608,2015,12
2015-12,전북,1227,2015,12
2015-12,제주,114,2015,12
2015-12,충남,9065,2015,12
2015-12,충북,3655,2015,12
2016-01,강원,2264,2016,1
2016-01,경기,24276,2016,1
2016-01,경남,3353,2016,1
2016-01,경북,3725,2016,1
2016-01,광주,672,2016,1
2016-01,대구,1806,2016,1
2016-01,대전,1038,2016,1
2016-01,부산,1308,2016,1
2016-01,서울,737,2016,1
2016-01,세종,4,2016,1
2016-01,울산,857,2016,1
2016-01,인천,4036,2016,1
2016-01,전남,1563,2016,1
2016-01,전북,1311,2016,1
2016-01,제주,119,2016,1
2016-01,충남,8530,2016,1
2016-01,충북,5007,2016,1
2016-02,강원,2271,2016,2
2016-02,경기,20491,2016,2
2016-02,경남,3676,2016,2
2016-02,경북,3490,2016,2
2016-02,광주,711,2016,2
2016-02,대구,1666,2016,2
2016-02,대전,866,2016,2
2016-02,부산,1217,2016,2
2016-02,서울,884,2016,2
2016-02,세종,4,2016,2
2016-02,울산,668,2016,2
2016-02,인천,3596,2016,2
2016-02,전남,1478,2016,2
2016-02,전북,1440,2016,2
2016-02,제주,55,2016,2
2016-02,충남,8249,2016,2
2016-02,충북,4341,2016,2
2016-03,강원,1863,2016,3
2016-03,경기,19047,2016,3
2016-03,경남,4683,2016,3
2016-03,경북,3994,2016,3
2016-03,광주,764,2016,3
2016-03,대구,1769,2016,3
2016-03,대전,759,2016,3
2016-03,부산,1251,2016,3
2016-03,서울,788,2016,3
2016-03,세종,4,2016,3
2016-03,울산,627,2016,3
2016-03,인천,3465,2016,3
2016-03,전남,1380,2016,3
2016-03,전북,1470,2016,3
2016-03,제주,62,2016,3
2016-03,충남,7823,2016,3
2016-03,충북,4096,2016,3
2016-04,강원,2097,2016,4
2016-04,경기,18365,2016,4
2016-04,경남,4221,2016,4
2016-04,경북,3940,2016,4
2016-04,광주,812,2016,4
2016-04,대구,1638,2016,4
2016-04,대전,684,2016,4
2016-04,부산,1315,2016,4
2016-04,서울,651,2016,4
2016-04,세종,3,2016,4
2016-04,울산,593,2016,4
2016-04,인천,3329,2016,4
2016-04,전남,2017,2016,4
2016-04,전북,1945,2016,4
2016-04,제주,158,2016,4
2016-04,충남,7452,2016,4
2016-04,충북,4596,2016,4
2016-05,강원,1943,2016,5
2016-05,경기,17272,2016,5
2016-05,경남,5403,2016,5
2016-05,경북,4658,2016,5
2016-05,광주,1049,2016,5
2016-05,대구,1462,2016,5
2016-05,대전,812,2016,5
2016-05,부산,1253,2016,5
2016-05,서울,507,2016,5
2016-05,세종,0,2016,5
2016-05,울산,1609,2016,5
2016-05,인천,3108,2016,5
2016-05,전남,1844,2016,5
2016-05,전북,2374,2016,5
2016-05,제주,122,2016,5
2016-05,충남,7869,2016,5
2016-05,충북,4171,2016,5
2016-06,강원,2127,2016,6
2016-06,경기,19737,2016,6
2016-06,경남,5553,2016,6
2016-06,경북,5621,2016,6
2016-06,광주,1095,2016,6
2016-06,대구,1230,2016,6
2016-06,대전,767,2016,6
2016-06,부산,1568,2016,6
2016-06,서울,409,2016,6
2016-06,세종,0,2016,6
2016-06,울산,1037,2016,6
2016-06,인천,3179,2016,6
2016-06,전남,1758,2016,6
2016-06,전북,2745,2016,6
2016-06,제주,249,2016,6
2016-06,충남,8017,2016,6
2016-06,충북,4907,2016,6
2016-07,강원,3061,2016,7
2016-07,경기,17243,2016,7
2016-07,경남,9737,2016,7
2016-07,경북,6198,2016,7
2016-07,광주,931,2016,7
2016-07,대구,1225,2016,7
2016-07,대전,740,2016,7
2016-07,부산,1429,2016,7
2016-07,서울,426,2016,7
2016-07,세종,0,2016,7
2016-07,울산,907,2016,7
2016-07,인천,3724,2016,7
2016-07,전남,1661,2016,7
2016-07,전북,2518,2016,7
2016-07,제주,255,2016,7
2016-07,충남,8644,2016,7
2016-07,충북,4428,2016,7
2016-08,강원,2678,2016,8
2016-08,경기,17860,2016,8
2016-08,경남,9369,2016,8
2016-08,경북,5908,2016,8
2016-08,광주,906,2016,8
2016-08,대구,1631,2016,8
2016-08,대전,859,2016,8
2016-08,부산,1364,2016,8
2016-08,서울,372,2016,8
2016-08,세종,0,2016,8
2016-08,울산,701,2016,8
2016-08,인천,3124,2016,8
2016-08,전남,1508,2016,8
2016-08,전북,2619,2016,8
2016-08,제주,350,2016,8
2016-08,충남,9232,2016,8
2016-08,충북,4081,2016,8
2016-09,강원,2874,2016,9
2016-09,경기,16296,2016,9
2016-09,경남,8801,2016,9
2016-09,경북,6716,2016,9
2016-09,광주,1090,2016,9
2016-09,대구,1404,2016,9
2016-09,대전,693,2016,9
2016-09,부산,1306,2016,9
2016-09,서울,327,2016,9
2016-09,세종,0,2016,9
2016-09,울산,605,2016,9
2016-09,인천,2398,2016,9
2016-09,전남,1420,2016,9
2016-09,전북,2736,2016,9
2016-09,제주,285,2016,9
2016-09,충남,9585,2016,9
2016-09,충북,4164,2016,9
2016-10,강원,2479,2016,10
2016-10,경기,14594,2016,10
2016-10,경남,7868,2016,10
2016-10,경북,7556,2016,10
2016-10,광주,877,2016,10
2016-10,대구,1135,2016,10
2016-10,대전,730,2016,10
2016-10,부산,1168,2016,10
2016-10,서울,283,2016,10
2016-10,세종,0,2016,10
2016-10,울산,526,2016,10
2016-10,인천,2830,2016,10
2016-10,전남,1364,2016,10
2016-10,전북,2737,2016,10
2016-10,제주,306,2016,10
2016-10,충남,9167,2016,10
2016-10,충북,4089,2016,10
2016-11,강원,3605,2016,11
2016-11,경기,14396,2016,11
2016-11,경남,7414,2016,11
2016-11,경북,7266,2016,11
2016-11,광주,691,2016,11
2016-11,대구,978,2016,11
2016-11,대전,606,2016,11
2016-11,부산,1110,2016,11
2016-11,서울,268,2016,11
2016-11,세종,0,2016,11
2016-11,울산,509,2016,11
2016-11,인천,3571,2016,11
2016-11,전남,1344,2016,11
2016-11,전북,2533,2016,11
2016-11,제주,298,2016,11
2016-11,충남,9073,2016,11
2016-11,충북,3920,2016,11
2016-12,강원,3314,2016,12
2016-12,경기,13362,2016,12
2016-12,경남,8014,2016,12
2016-12,경북,7421,2016,12
2016-12,광주,554,2016,12
2016-12,대구,915,2016,12
2016-12,대전,644,2016,12
2016-12,부산,1171,2016,12
2016-12,서울,274,2016,12
2016-12,세종,0,2016,12
2016-12,울산,481,2016,12
2016-12,인천,3053,2016,12
2016-12,전남,1245,2016,12
2016-12,전북,2382,2016,12
2016-12,제주,271,2016,12
2016-12,충남,9323,2016,12
2016-12,충북,3989,2016,12
2017-01,강원,3466,2017,1
2017-01,경기,15092,2017,1
2017-01,경남,7785,2017,1
2017-01,경북,8032,2017,1
2017-01,광주,818,2017,1
2017-01,대구,828,2017,1
2017-01,대전,551,2017,1
2017-01,부산,1102,2017,1
2017-01,서울,205,2017,1
2017-01,세종,0,2017,1
2017-01,울산,682,2017,1
2017-01,인천,3641,2017,1
2017-01,전남,1153,2017,1
2017-01,전북,2468,2017,1
2017-01,제주,353,2017,1
2017-01,충남,9094,2017,1
2017-01,충북,4043,2017,1
2017-02,강원,3281,2017,2
2017-02,경기,14492,2017,2
2017-02,경남,11117,2017,2
2017-02,경북,7785,2017,2
2017-02,광주,764,2017,2
2017-02,대구,703,2017,2
2017-02,대전,726,2017,2
2017-02,부산,1041,2017,2
2017-02,서울,187,2017,2
2017-02,세종,0,2017,2
2017-02,울산,811,2017,2
2017-02,인천,3335,2017,2
2017-02,전남,1145,2017,2
2017-02,전북,2278,2017,2
2017-02,제주,446,2017,2
2017-02,충남,8970,2017,2
2017-02,충북,3982,2017,2
2017-03,강원,3064,2017,3
2017-03,경기,14465,2017,3
2017-03,경남,10712,2017,3
2017-03,경북,7538,2017,3
2017-03,광주,696,2017,3
2017-03,대구,627,2017,3
2017-03,대전,998,2017,3
2017-03,부산,959,2017,3
2017-03,서울,200,2017,3
2017-03,세종,0,2017,3
2017-03,울산,789,2017,3
2017-03,인천,4501,2017,3
2017-03,전남,1108,2017,3
2017-03,전북,2087,2017,3
2017-03,제주,735,2017,3
2017-03,충남,8785,2017,3
2017-03,충북,4415,2017,3
2017-04,강원,3297,2017,4
2017-04,경기,13309,2017,4
2017-04,경남,9341,2017,4
2017-04,경북,7472,2017,4
2017-04,광주,1392,2017,4
2017-04,대구,529,2017,4
2017-04,대전,935,2017,4
2017-04,부산,905,2017,4
2017-04,서울,157,2017,4
2017-04,세종,0,2017,4
2017-04,울산,736,2017,4
2017-04,인천,3703,2017,4
2017-04,전남,1023,2017,4
2017-04,전북,2130,2017,4
2017-04,제주,914,2017,4
2017-04,충남,8715,2017,4
2017-04,충북,5755,2017,4
2017-05,강원,3013,2017,5
2017-05,경기,11958,2017,5
2017-05,경남,9040,2017,5
2017-05,경북,7774,2017,5
2017-05,광주,1326,2017,5
2017-05,대구,383,2017,5
2017-05,대전,888,2017,5
2017-05,부산,836,2017,5
2017-05,서울,119,2017,5
2017-05,세종,0,2017,5
2017-05,울산,713,2017,5
2017-05,인천,3158,2017,5
2017-05,전남,979,2017,5
2017-05,전북,1956,2017,5
2017-05,제주,971,2017,5
2017-05,충남,8312,2017,5
2017-05,충북,5433,2017,5
2017-06,강원,3019,2017,6
2017-06,경기,11229,2017,6
2017-06,경남,9166,2017,6
2017-06,경북,7514,2017,6
2017-06,광주,804,2017,6
2017-06,대구,299,2017,6
2017-06,대전,1073,2017,6
2017-06,부산,734,2017,6
2017-06,서울,64,2017,6
2017-06,세종,0,2017,6
2017-06,울산,873,2017,6
2017-06,인천,3057,2017,6
2017-06,전남,935,2017,6
2017-06,전북,2242,2017,6
2017-06,제주,971,2017,6
2017-06,충남,8020,2017,6
2017-06,충북,7108,2017,6
2017-07,강원,2655,2017,7
2017-07,경기,9560,2017,7
2017-07,경남,9707,2017,7
2017-07,경북,7826,2017,7
2017-07,광주,797,2017,7
2017-07,대구,237,2017,7
2017-07,대전,1083,2017,7
2017-07,부산,752,2017,7
2017-07,서울,41,2017,7
2017-07,세종,0,2017,7
2017-07,울산,869,2017,7
2017-07,인천,2516,2017,7
2017-07,전남,756,2017,7
2017-07,전북,2082,2017,7
2017-07,제주,903,2017,7
2017-07,충남,7645,2017,7
2017-07,충북,6853,2017,7
2017-08,강원,2316,2017,8
2017-08,경기,7596,2017,8
2017-08,경남,10354,2017,8
2017-08,경북,8269,2017,8
2017-08,광주,766,2017,8
2017-08,대구,139,2017,8
2017-08,대전,1093,2017,8
2017-08,부산,738,2017,8
2017-08,서울,39,2017,8
2017-08,세종,0,2017,8
2017-08,울산,898,2017,8
2017-08,인천,2081,2017,8
2017-08,전남,690,2017,8
2017-08,전북,2037,2017,8
2017-08,제주,914,2017,8
2017-08,충남,9765,2017,8
2017-08,충북,5435,2017,8
2017-09,강원,3094,2017,9
2017-09,경기,7945,2017,9
2017-09,경남,11147,2017,9
2017-09,경북,8077,2017,9
2017-09,광주,769,2017,9
2017-09,대구,133,2017,9
2017-09,대전,945,2017,9
2017-09,부산,720,2017,9
2017-09,서울,75,2017,9
2017-09,세종,0,2017,9
2017-09,울산,872,2017,9
2017-09,인천,2291,2017,9
2017-09,전남,780,2017,9
2017-09,전북,2154,2017,9
2017-09,제주,1021,2017,9
2017-09,충남,9470,2017,9
2017-09,충북,4927,2017,9
2017-10,강원,2701,2017,10
2017-10,경기,7912,2017,10
2017-10,경남,11257,2017,10
2017-10,경북,8065,2017,10
2017-10,광주,781,2017,10
2017-10,대구,125,2017,10
2017-10,대전,854,2017,10
2017-10,부산,1473,2017,10
2017-10,서울,56,2017,10
2017-10,세종,0,2017,10
2017-10,울산,866,2017,10
2017-10,인천,1908,2017,10
2017-10,전남,728,2017,10
2017-10,전북,1964,2017,10
2017-10,제주,1056,2017,10
2017-10,충남,11309,2017,10
2017-10,충북,4652,2017,10
2017-11,강원,2474,2017,11
2017-11,경기,8375,2017,11
2017-11,경남,12122,2017,11
2017-11,경북,7794,2017,11
2017-11,광주,796,2017,11
2017-11,대구,125,2017,11
2017-11,대전,1062,2017,11
2017-11,부산,1593,2017,11
2017-11,서울,68,2017,11
2017-11,세종,0,2017,11
2017-11,울산,849,2017,11
2017-11,인천,1751,2017,11
2017-11,전남,651,2017,11
2017-11,전북,1895,2017,11
2017-11,제주,1183,2017,11
2017-11,충남,10624,2017,11
2017-11,충북,5285,2017,11
2017-12,강원,2816,2017,12
2017-12,경기,8793,2017,12
2017-12,경남,12088,2017,12
2017-12,경북,7630,2017,12
2017-12,광주,707,2017,12
2017-12,대구,126,2017,12
2017-12,대전,759,2017,12
2017-12,부산,1920,2017,12
2017-12,서울,45,2017,12
2017-12,세종,0,2017,12
2017-12,울산,855,2017,12
2017-12,인천,1549,2017,12
2017-12,전남,627,2017,12
2017-12,전북,1881,2017,12
2017-12,제주,1271,2017,12
2017-12,충남,11283,2017,12
2017-12,충북,4980,2017,12
2018-01,강원,2693,2018,1
2018-01,경기,8611,2018,1
2018-01,경남,13227,2018,1
2018-01,경북,7806,2018,1
2018-01,광주,562,2018,1
2018-01,대구,143,2018,1
2018-01,대전,1084,2018,1
2018-01,부산,2291,2018,1
2018-01,서울,45,2018,1
2018-01,세종,0,2018,1
2018-01,울산,1089,2018,1
2018-01,인천,1192,2018,1
2018-01,전남,1249,2018,1
2018-01,전북,1846,2018,1
2018-01,제주,1280,2018,1
2018-01,충남,11352,2018,1
2018-01,충북,4634,2018,1
2018-02,강원,4636,2018,2
2018-02,경기,8676,2018,2
2018-02,경남,12914,2018,2
2018-02,경북,8237,2018,2
2018-02,광주,431,2018,2
2018-02,대구,135,2018,2
2018-02,대전,1210,2018,2
2018-02,부산,2937,2018,2
2018-02,서울,48,2018,2
2018-02,세종,0,2018,2
2018-02,울산,837,2018,2
2018-02,인천,1246,2018,2
2018-02,전남,1211,2018,2
2018-02,전북,1667,2018,2
2018-02,제주,1190,2018,2
2018-02,충남,11002,2018,2
2018-02,충북,4526,2018,2
2018-03,강원,5215,2018,3
2018-03,경기,7422,2018,3
2018-03,경남,13149,2018,3
2018-03,경북,7820,2018,3
2018-03,광주,383,2018,3
2018-03,대구,153,2018,3
2018-03,대전,740,2018,3
2018-03,부산,2703,2018,3
2018-03,서울,48,2018,3
2018-03,세종,0,2018,3
2018-03,울산,830,2018,3
2018-03,인천,1237,2018,3
2018-03,전남,1409,2018,3
2018-03,전북,1651,2018,3
2018-03,제주,1339,2018,3
2018-03,충남,9738,2018,3
2018-03,충북,4167,2018,3
2018-04,강원,5038,2018,4
2018-04,경기,9003,2018,4
2018-04,경남,13724,2018,4
2018-04,경북,7649,2018,4
2018-04,광주,366,2018,4
2018-04,대구,230,2018,4
2018-04,대전,843,2018,4
2018-04,부산,2427,2018,4
2018-04,서울,47,2018,4
2018-04,세종,0,2018,4
2018-04,울산,1008,2018,4
2018-04,인천,1311,2018,4
2018-04,전남,1325,2018,4
2018-04,전북,1519,2018,4
2018-04,제주,1260,2018,4
2018-04,충남,9435,2018,4
2018-04,충북,4398,2018,4
2018-05,강원,4883,2018,5
2018-05,경기,8600,2018,5
2018-05,경남,14955,2018,5
2018-05,경북,7455,2018,5
2018-05,광주,338,2018,5
2018-05,대구,194,2018,5
2018-05,대전,888,2018,5
2018-05,부산,2238,2018,5
2018-05,서울,47,2018,5
2018-05,세종,0,2018,5
2018-05,울산,1004,2018,5
2018-05,인천,1186,2018,5
2018-05,전남,1241,2018,5
2018-05,전북,1891,2018,5
2018-05,제주,1268,2018,5
2018-05,충남,9111,2018,5
2018-05,충북,4537,2018,5
2018-06,강원,4729,2018,6
2018-06,경기,8134,2018,6
2018-06,경남,14896,2018,6
2018-06,경북,8419,2018,6
2018-06,광주,317,2018,6
2018-06,대구,506,2018,6
2018-06,대전,1035,2018,6
2018-06,부산,2169,2018,6
2018-06,서울,47,2018,6
2018-06,세종,0,2018,6
2018-06,울산,1004,2018,6
2018-06,인천,1327,2018,6
2018-06,전남,1212,2018,6
2018-06,전북,2174,2018,6
2018-06,제주,1299,2018,6
2018-06,충남,9494,2018,6
2018-06,충북,5288,2018,6
2018-07,강원,4906,2018,7
2018-07,경기,7530,2018,7
2018-07,경남,15095,2018,7
2018-07,경북,8198,2018,7
2018-07,광주,266,2018,7
2018-07,대구,1345,2018,7
2018-07,대전,973,2018,7
2018-07,부산,3266,2018,7
2018-07,서울,42,2018,7
2018-07,세종,0,2018,7
2018-07,울산,1006,2018,7
2018-07,인천,1260,2018,7
2018-07,전남,1103,2018,7
2018-07,전북,2034,2018,7
2018-07,제주,1275,2018,7
2018-07,충남,9963,2018,7
2018-07,충북,4870,2018,7
2018-08,강원,5240,2018,8
2018-08,경기,7287,2018,8
2018-08,경남,14912,2018,8
2018-08,경북,8033,2018,8
2018-08,광주,240,2018,8
2018-08,대구,945,2018,8
2018-08,대전,978,2018,8
2018-08,부산,3129,2018,8
2018-08,서울,39,2018,8
2018-08,세종,0,2018,8
2018-08,울산,1005,2018,8
2018-08,인천,1208,2018,8
2018-08,전남,1494,2018,8
2018-08,전북,1810,2018,8
2018-08,제주,1217,2018,8
2018-08,충남,9953,2018,8
2018-08,충북,4880,2018,8
2018-09,강원,5112,2018,9
2018-09,경기,6487,2018,9
2018-09,경남,14847,2018,9
2018-09,경북,8760,2018,9
2018-09,광주,194,2018,9
2018-09,대구,745,2018,9
2018-09,대전,948,2018,9
2018-09,부산,3111,2018,9
2018-09,서울,29,2018,9
2018-09,세종,0,2018,9
2018-09,울산,1007,2018,9
2018-09,인천,1135,2018,9
2018-09,전남,1350,2018,9
2018-09,전북,1681,2018,9
2018-09,제주,1275,2018,9
2018-09,충남,9489,2018,9
2018-09,충북,4426,2018,9
2018-10,강원,5350,2018,10
2018-10,경기,5529,2018,10
2018-10,경남,14673,2018,10
2018-10,경북,8942,2018,10
2018-10,광주,191,2018,10
2018-10,대구,575,2018,10
2018-10,대전,990,2018,10
2018-10,부산,3205,2018,10
2018-10,서울,28,2018,10
2018-10,세종,0,2018,10
2018-10,울산,1010,2018,10
2018-10,인천,1122,2018,10
2018-10,전남,1742,2018,10
2018-10,전북,1834,2018,10
2018-10,제주,1226,2018,10
2018-10,충남,9141,2018,10
2018-10,충북,4944,2018,10
2018-11,강원,5300,2018,11
2018-11,경기,5078,2018,11
2018-11,경남,14213,2018,11
2018-11,경북,9421,2018,11
2018-11,광주,75,2018,11
2018-11,대구,429,2018,11
2018-11,대전,1426,2018,11
2018-11,부산,3920,2018,11
2018-11,서울,28,2018,11
2018-11,세종,0,2018,11
2018-11,울산,1009,2018,11
2018-11,인천,1394,2018,11
2018-11,전남,1689,2018,11
2018-11,전북,1692,2018,11
2018-11,제주,1265,2018,11
2018-11,충남,8476,2018,11
2018-11,충북,4707,2018,11
2018-12,강원,5736,2018,12
2018-12,경기,4968,2018,12
2018-12,경남,14147,2018,12
2018-12,경북,8995,2018,12
2018-12,광주,58,2018,12
2018-12,대구,362,2018,12
2018-12,대전,1183,2018,12
2018-12,부산,4153,2018,12
2018-12,서울,27,2018,12
2018-12,세종,0,2018,12
2018-12,울산,997,2018,12
2018-12,인천,1324,2018,12
2018-12,전남,1663,2018,12
2018-12,전북,1607,2018,12
2018-12,제주,1295,2018,12
2018-12,충남,7763,2018,12
2018-12,충북,4560,2018,12
2019-01,강원,5589,2019,1
2019-01,경기,6769,2019,1
2019-01,경남,14060,2019,1
2019-01,경북,8531,2019,1
2019-01,광주,52,2019,1
2019-01,대구,291,2019,1
2019-01,대전,1407,2019,1
2019-01,부산,5224,2019,1
2019-01,서울,27,2019,1
2019-01,세종,0,2019,1
2019-01,울산,1006,2019,1
2019-01,인천,1357,2019,1
2019-01,전남,1421,2019,1
2019-01,전북,1567,2019,1
2019-01,제주,1187,2019,1
2019-01,충남,7149,2019,1
2019-01,충북,3525,2019,1
2019-02,강원,5802,2019,2
2019-02,경기,5878,2019,2
2019-02,경남,14781,2019,2
2019-02,경북,8385,2019,2
2019-02,광주,49,2019,2
2019-02,대구,738,2019,2
2019-02,대전,1475,2019,2
2019-02,부산,5228,2019,2
2019-02,서울,50,2019,2
2019-02,세종,0,2019,2
2019-02,울산,1009,2019,2
2019-02,인천,1799,2019,2
2019-02,전남,1389,2019,2
2019-02,전북,1415,2019,2
2019-02,제주,1271,2019,2
2019-02,충남,6970,2019,2
2019-02,충북,3375,2019,2
2019-03,강원,5748,2019,3
2019-03,경기,7305,2019,3
2019-03,경남,14824,2019,3
2019-03,경북,8262,2019,3
2019-03,광주,45,2019,3
2019-03,대구,706,2019,3
2019-03,대전,1475,2019,3
2019-03,부산,5296,2019,3
2019-03,서울,770,2019,3
2019-03,세종,0,2019,3
2019-03,울산,1008,2019,3
2019-03,인천,2454,2019,3
2019-03,전남,1374,2019,3
2019-03,전북,1374,2019,3
2019-03,제주,1227,2019,3
2019-03,충남,6743,2019,3
2019-03,충북,3536,2019,3
2019-04,강원,7882,2019,4
2019-04,경기,7048,2019,4
2019-04,경남,13476,2019,4
2019-04,경북,8060,2019,4
2019-04,광주,40,2019,4
2019-04,대구,1585,2019,4
2019-04,대전,1225,2019,4
2019-04,부산,5401,2019,4
2019-04,서울,292,2019,4
2019-04,세종,0,2019,4
2019-04,울산,1076,2019,4
2019-04,인천,2105,2019,4
2019-04,전남,1474,2019,4
2019-04,전북,1205,2019,4
2019-04,제주,1245,2019,4
2019-04,충남,6413,2019,4
2019-04,충북,3514,2019,4
2019-05,강원,7776,2019,5
2019-05,경기,6562,2019,5
2019-05,경남,13800,2019,5
2019-05,경북,7866,2019,5
2019-05,광주,40,2019,5
2019-05,대구,1814,2019,5
2019-05,대전,1137,2019,5
2019-05,부산,5220,2019,5
2019-05,서울,178,2019,5
2019-05,세종,0,2019,5
2019-05,울산,1085,2019,5
2019-05,인천,3478,2019,5
2019-05,전남,1379,2019,5
2019-05,전북,1513,2019,5
2019-05,제주,1126,2019,5
2019-05,충남,6355,2019,5
2019-05,충북,3412,2019,5
2019-06,강원,7712,2019,6
2019-06,경기,7853,2019,6
2019-06,경남,14402,2019,6
2019-06,경북,7778,2019,6
2019-06,광주,39,2019,6
2019-06,대구,1739,2019,6
2019-06,대전,1158,2019,6
2019-06,부산,4982,2019,6
2019-06,서울,123,2019,6
2019-06,세종,0,2019,6
2019-06,울산,1201,2019,6
2019-06,인천,3632,2019,6
2019-06,전남,1349,2019,6
2019-06,전북,1386,2019,6
2019-06,제주,1218,2019,6
2019-06,충남,6038,2019,6
2019-06,충북,3095,2019,6
2019-07,강원,7474,2019,7
2019-07,경기,7821,2019,7
2019-07,경남,14250,2019,7
2019-07,경북,7517,2019,7
2019-07,광주,39,2019,7
2019-07,대구,1818,2019,7
2019-07,대전,1048,2019,7
2019-07,부산,4855,2019,7
2019-07,서울,190,2019,7
2019-07,세종,0,2019,7
2019-07,울산,1359,2019,7
2019-07,인천,2778,2019,7
2019-07,전남,1331,2019,7
2019-07,전북,1451,2019,7
2019-07,제주,1161,2019,7
2019-07,충남,6201,2019,7
2019-07,충북,3236,2019,7
2019-08,강원,8097,2019,8
2019-08,경기,8569,2019,8
2019-08,경남,14078,2019,8
2019-08,경북,7202,2019,8
2019-08,광주,181,2019,8
2019-08,대구,1736,2019,8
2019-08,대전,1018,2019,8
2019-08,부산,4644,2019,8
2019-08,서울,205,2019,8
2019-08,세종,0,2019,8
2019-08,울산,1339,2019,8
2019-08,인천,1557,2019,8
2019-08,전남,1476,2019,8
2019-08,전북,1318,2019,8
2019-08,제주,1223,2019,8
2019-08,충남,6847,2019,8
2019-08,충북,2895,2019,8
2019-09,강원,7797,2019,9
2019-09,경기,8413,2019,9
2019-09,경남,13903,2019,9
2019-09,경북,6919,2019,9
2019-09,광주,139,2019,9
2019-09,대구,1550,2019,9
2019-09,대전,964,2019,9
2019-09,부산,4562,2019,9
2019-09,서울,207,2019,9
2019-09,세종,0,2019,9
2019-09,울산,1345,2019,9
2019-09,인천,1046,2019,9
2019-09,전남,1875,2019,9
2019-09,전북,1198,2019,9
2019-09,제주,1161,2019,9
2019-09,충남,6429,2019,9
2019-09,충북,2554,2019,9
2019-10,강원,7382,2019,10
2019-10,경기,6976,2019,10
2019-10,경남,13489,2019,10
2019-10,경북,6684,2019,10
2019-10,광주,95,2019,10
2019-10,대구,1362,2019,10
2019-10,대전,935,2019,10
2019-10,부산,4380,2019,10
2019-10,서울,191,2019,10
2019-10,세종,0,2019,10
2019-10,울산,1012,2019,10
2019-10,인천,836,2019,10
2019-10,전남,2081,2019,10
2019-10,전북,1077,2019,10
2019-10,제주,1116,2019,10
2019-10,충남,5906,2019,10
2019-10,충북,2576,2019,10
2019-11,강원,7120,2019,11
2019-11,경기,7300,2019,11
2019-11,경남,13060,2019,11
2019-11,경북,6406,2019,11
2019-11,광주,180,2019,11
2019-11,대구,1236,2019,11
2019-11,대전,879,2019,11
2019-11,부산,2884,2019,11
2019-11,서울,176,2019,11
2019-11,세종,0,2019,11
2019-11,울산,1365,2019,11
2019-11,인천,839,2019,11
2019-11,전남,1930,2019,11
2019-11,전북,987,2019,11
2019-11,제주,1088,2019,11
2019-11,충남,5895,2019,11
2019-11,충북,2216,2019,11
2019-12,강원,5945,2019,12
2019-12,경기,5085,2019,12
2019-12,경남,12269,2019,12
2019-12,경북,6122,2019,12
2019-12,광주,148,2019,12
2019-12,대구,1790,2019,12
2019-12,대전,724,2019,12
2019-12,부산,2115,2019,12
2019-12,서울,151,2019,12
2019-12,세종,0,2019,12
2019-12,울산,1269,2019,12
2019-12,인천,966,2019,12
2019-12,전남,1857,2019,12
2019-12,전북,1043,2019,12
2019-12,제주,1072,2019,12
2019-12,충남,5569,2019,12
2019-12,충북,1672,2019,12
2020-01,강원,4964,2020,1
2020-01,경기,3735,2020,1
2020-01,경남,11586,2020,1
2020-01,경북,5639,2020,1
2020-01,광주,59,2020,1
2020-01,대구,1414,2020,1
2020-01,대전,941,2020,1
2020-01,부산,2266,2020,1
2020-01,서울,131,2020,1
2020-01,세종,0,2020,1
2020-01,울산,1142,2020,1
2020-01,인천,1035,2020,1
2020-01,전남,1654,2020,1
2020-01,전북,1009,2020,1
2020-01,제주,1057,2020,1
2020-01,충남,5470,2020,1
2020-01,충북,1166,2020,1
2020-02,강원,4168,2020,2
2020-02,경기,3634,2020,2
2020-02,경남,11099,2020,2
2020-02,경북,5436,2020,2
2020-02,광주,36,2020,2
2020-02,대구,1072,2020,2
2020-02,대전,1012,2020,2
2020-02,부산,2061,2020,2
2020-02,서울,112,2020,2
2020-02,세종,0,2020,2
2020-02,울산,659,2020,2
2020-02,인천,487,2020,2
2020-02,전남,1455,2020,2
2020-02,전북,924,2020,2
2020-02,제주,1014,2020,2
2020-02,충남,5085,2020,2
2020-02,충북,1202,2020,2
2020-03,강원,3902,2020,3
2020-03,경기,3662,2020,3
2020-03,경남,10827,2020,3
2020-03,경북,5296,2020,3
2020-03,광주,32,2020,3
2020-03,대구,1031,2020,3
2020-03,대전,968,2020,3
2020-03,부산,1979,2020,3
2020-03,서울,91,2020,3
2020-03,세종,0,2020,3
2020-03,울산,695,2020,3
2020-03,인천,449,2020,3
2020-03,전남,1387,2020,3
2020-03,전북,849,2020,3
2020-03,제주,1184,2020,3
2020-03,충남,4843,2020,3
2020-03,충북,1109,2020,3
2020-04,강원,3742,2020,4
2020-04,경기,3224,2020,4
2020-04,경남,10590,2020,4
2020-04,경북,5077,2020,4
2020-04,광주,31,2020,4
2020-04,대구,1068,2020,4
2020-04,대전,917,2020,4
2020-04,부산,1993,2020,4
2020-04,서울,78,2020,4
2020-04,세종,0,2020,4
2020-04,울산,699,2020,4
2020-04,인천,481,2020,4
2020-04,전남,1373,2020,4
2020-04,전북,822,2020,4
2020-04,제주,1281,2020,4
2020-04,충남,4334,2020,4
2020-04,충북,919,2020,4
2020-05,강원,3470,2020,5
2020-05,경기,2604,2020,5
2020-05,경남,9971,2020,5
2020-05,경북,4306,2020,5
2020-05,광주,31,2020,5
2020-05,대구,1159,2020,5
2020-05,대전,871,2020,5
2020-05,부산,2149,2020,5
2020-05,서울,70,2020,5
2020-05,세종,0,2020,5
2020-05,울산,614,2020,5
2020-05,인천,342,2020,5
2020-05,전남,1249,2020,5
2020-05,전북,661,2020,5
2020-05,제주,1337,2020,5
2020-05,충남,4695,2020,5
2020-05,충북,365,2020,5
2020-06,강원,3202,2020,6
2020-06,경기,2445,2020,6
2020-06,경남,8542,2020,6
2020-06,경북,3487,2020,6
2020-06,광주,31,2020,6
2020-06,대구,940,2020,6
2020-06,대전,875,2020,6
2020-06,부산,1666,2020,6
2020-06,서울,61,2020,6
2020-06,세종,0,2020,6
2020-06,울산,555,2020,6
2020-06,인천,266,2020,6
2020-06,전남,1244,2020,6
2020-06,전북,631,2020,6
2020-06,제주,1279,2020,6
2020-06,충남,3683,2020,6
2020-06,충북,355,2020,6
2020-07,강원,3015,2020,7
2020-07,경기,2793,2020,7
2020-07,경남,8840,2020,7
2020-07,경북,3276,2020,7
2020-07,광주,31,2020,7
2020-07,대구,957,2020,7
2020-07,대전,849,2020,7
2020-07,부산,1544,2020,7
2020-07,서울,58,2020,7
2020-07,세종,0,2020,7
2020-07,울산,548,2020,7
2020-07,인천,294,2020,7
2020-07,전남,1244,2020,7
2020-07,전북,534,2020,7
2020-07,제주,1282,2020,7
2020-07,충남,3266,2020,7
2020-07,충북,352,2020,7
2020-08,강원,2816,2020,8
2020-08,경기,2585,2020,8
2020-08,경남,8841,2020,8
2020-08,경북,3423,2020,8
2020-08,광주,31,2020,8
2020-08,대구,1624,2020,8
2020-08,대전,783,2020,8
2020-08,부산,1454,2020,8
2020-08,서울,56,2020,8
2020-08,세종,0,2020,8
2020-08,울산,502,2020,8
2020-08,인천,525,2020,8
2020-08,전남,860,2020,8
2020-08,전북,511,2020,8
2020-08,제주,1250,2020,8
2020-08,충남,3233,2020,8
2020-08,충북,337,2020,8
2020-09,강원,3060,2020,9
2020-09,경기,3338,2020,9
2020-09,경남,8163,2020,9
2020-09,경북,3325,2020,9
2020-09,광주,259,2020,9
2020-09,대구,1216,2020,9
2020-09,대전,773,2020,9
2020-09,부산,1397,2020,9
2020-09,서울,54,2020,9
2020-09,세종,0,2020,9
2020-09,울산,494,2020,9
2020-09,인천,414,2020,9
2020-09,전남,758,2020,9
2020-09,전북,488,2020,9
2020-09,제주,1221,2020,9
2020-09,충남,3030,2020,9
2020-09,충북,319,2020,9
2020-10,강원,2884,2020,10
2020-10,경기,2733,2020,10
2020-10,경남,7042,2020,10
2020-10,경북,2922,2020,10
2020-10,광주,245,2020,10
2020-10,대구,1143,2020,10
2020-10,대전,832,2020,10
2020-10,부산,1262,2020,10
2020-10,서울,52,2020,10
2020-10,세종,0,2020,10
2020-10,울산,474,2020,10
2020-10,인천,822,2020,10
2020-10,전남,1073,2020,10
2020-10,전북,444,2020,10
2020-10,제주,1233,2020,10
2020-10,충남,3235,2020,10
2020-10,충북,307,2020,10
2020-11,강원,2648,2020,11
2020-11,경기,2440,2020,11
2020-11,경남,5581,2020,11
2020-11,경북,2541,2020,11
2020-11,광주,88,2020,11
2020-11,대구,667,2020,11
2020-11,대전,831,2020,11
2020-11,부산,1084,2020,11
2020-11,서울,52,2020,11
2020-11,세종,0,2020,11
2020-11,울산,473,2020,11
2020-11,인천,691,2020,11
2020-11,전남,1059,2020,11
2020-11,전북,400,2020,11
2020-11,제주,1208,2020,11
2020-11,충남,3582,2020,11
2020-11,충북,275,2020,11
2020-12,강원,3115,2020,12
2020-12,경기,1616,2020,12
2020-12,경남,3617,2020,12
2020-12,경북,2154,2020,12
2020-12,광주,31,2020,12
2020-12,대구,280,2020,12
2020-12,대전,638,2020,12
2020-12,부산,973,2020,12
2020-12,서울,49,2020,12
2020-12,세종,0,2020,12
2020-12,울산,468,2020,12
2020-12,인천,466,2020,12
2020-12,전남,1059,2020,12
2020-12,전북,661,2020,12
2020-12,제주,1095,2020,12
2020-12,충남,2510,2020,12
2020-12,충북,273,2020,12
2021-01,강원,2671,2021,1
2021-01,경기,1567,2021,1
2021-01,경남,2964,2021,1
2021-01,경북,2049,2021,1
2021-01,광주,307,2021,1
2021-01,대구,419,2021,1
2021-01,대전,635,2021,1
2021-01,부산,944,2021,1
2021-01,서울,49,2021,1
2021-01,세종,0,2021,1
2021-01,울산,438,2021,1
2021-01,인천,245,2021,1
2021-01,전남,1046,2021,1
2021-01,전북,251,2021,1
2021-01,제주,1250,2021,1
2021-01,충남,2061,2021,1
2021-01,충북,234,2021,1
2021-02,강원,2340,2021,2
2021-02,경기,1367,2021,2
2021-02,경남,2580,2021,2
2021-02,경북,2493,2021,2
2021-02,광주,44,2021,2
2021-02,대구,195,2021,2
2021-02,대전,599,2021,2
2021-02,부산,966,2021,2
2021-02,서울,88,2021,2
2021-02,세종,0,2021,2
2021-02,울산,436,2021,2
2021-02,인천,142,2021,2
2021-02,전남,964,2021,2
2021-02,전북,227,2021,2
2021-02,제주,1221,2021,2
2021-02,충남,1913,2021,2
2021-02,충북,211,2021,2
2021-03,강원,2063,2021,3
2021-03,경기,1308,2021,3
2021-03,경남,2123,2021,3
2021-03,경북,2488,2021,3
2021-03,광주,44,2021,3
2021-03,대구,153,2021,3
2021-03,대전,592,2021,3
2021-03,부산,1032,2021,3
2021-03,서울,82,2021,3
2021-03,세종,0,2021,3
2021-03,울산,419,2021,3
2021-03,인천,130,2021,3
2021-03,전남,1017,2021,3
2021-03,전북,170,2021,3
2021-03,제주,1131,2021,3
2021-03,충남,1758,2021,3
2021-03,충북,760,2021,3
2021-04,강원,1817,2021,4
2021-04,경기,1390,2021,4
2021-04,경남,2603,2021,4
2021-04,경북,2259,2021,4
2021-04,광주,75,2021,4
2021-04,대구,897,2021,4
2021-04,대전,578,2021,4
2021-04,부산,1086,2021,4
2021-04,서울,76,2021,4
2021-04,세종,0,2021,4
2021-04,울산,419,2021,4
2021-04,인천,123,2021,4
2021-04,전남,999,2021,4
2021-04,전북,125,2021,4
2021-04,제주,1034,2021,4
2021-04,충남,1637,2021,4
2021-04,충북,680,2021,4
2021-05,강원,1605,2021,5
2021-05,경기,1107,2021,5
2021-05,경남,2753,2021,5
2021-05,경북,2070,2021,5
2021-05,광주,73,2021,5
2021-05,대구,1185,2021,5
2021-05,대전,572,2021,5
2021-05,부산,1076,2021,5
2021-05,서울,71,2021,5
2021-05,세종,0,2021,5
2021-05,울산,508,2021,5
2021-05,인천,125,2021,5
2021-05,전남,981,2021,5
2021-05,전북,275,2021,5
2021-05,제주,1000,2021,5
2021-05,충남,1508,2021,5
2021-05,충북,751,2021,5
2021-06,강원,1517,2021,6
2021-06,경기,1267,2021,6
2021-06,경남,3074,2021,6
2021-06,경북,1952,2021,6
2021-06,광주,66,2021,6
2021-06,대구,1017,2021,6
2021-06,대전,565,2021,6
2021-06,부산,1048,2021,6
2021-06,서울,65,2021,6
2021-06,세종,0,2021,6
2021-06,울산,407,2021,6
2021-06,인천,334,2021,6
2021-06,전남,1335,2021,6
2021-06,전북,258,2021,6
2021-06,제주,987,2021,6
2021-06,충남,1856,2021,6
2021-06,충북,541,2021,6
2021-07,강원,1496,2021,7
2021-07,경기,981,2021,7
2021-07,경남,2699,2021,7
2021-07,경북,1757,2021,7
2021-07,광주,54,2021,7
2021-07,대구,1148,2021,7
2021-07,대전,527,2021,7
2021-07,부산,982,2021,7
2021-07,서울,59,2021,7
2021-07,세종,0,2021,7
2021-07,울산,405,2021,7
2021-07,인천,341,2021,7
2021-07,전남,1298,2021,7
2021-07,전북,227,2021,7
2021-07,제주,933,2021,7
2021-07,충남,1738,2021,7
2021-07,충북,553,2021,7
2021-08,강원,1296,2021,8
2021-08,경기,789,2021,8
2021-08,경남,2285,2021,8
2021-08,경북,1721,2021,8
2021-08,광주,39,2021,8
2021-08,대구,2365,2021,8
2021-08,대전,503,2021,8
2021-08,부산,951,2021,8
2021-08,서울,55,2021,8
2021-08,세종,0,2021,8
2021-08,울산,403,2021,8
2021-08,인천,339,2021,8
2021-08,전남,1247,2021,8
2021-08,전북,311,2021,8
2021-08,제주,900,2021,8
2021-08,충남,1320,2021,8
2021-08,충북,340,2021,8
2021-09,강원,1301,2021,9
2021-09,경기,918,2021,9
2021-09,경남,1794,2021,9
2021-09,경북,1495,2021,9
2021-09,광주,36,2021,9
2021-09,대구,2093,2021,9
2021-09,대전,471,2021,9
2021-09,부산,962,2021,9
2021-09,서울,55,2021,9
2021-09,세종,0,2021,9
2021-09,울산,467,2021,9
2021-09,인천,440,2021,9
2021-09,전남,1235,2021,9
2021-09,전북,176,2021,9
2021-09,제주,870,2021,9
2021-09,충남,1205,2021,9
2021-09,충북,324,2021,9
2021-10,강원,1172,2021,10
2021-10,경기,807,2021,10
2021-10,경남,1449,2021,10
2021-10,경북,1703,2021,10
2021-10,광주,33,2021,10
2021-10,대구,1933,2021,10
2021-10,대전,469,2021,10
2021-10,부산,973,2021,10
2021-10,서울,55,2021,10
2021-10,세종,129,2021,10
2021-10,울산,401,2021,10
2021-10,인천,428,2021,10
2021-10,전남,2074,2021,10
2021-10,전북,171,2021,10
2021-10,제주,873,2021,10
2021-10,충남,1098,2021,10
2021-10,충북,307,2021,10
2021-11,강원,1076,2021,11
2021-11,경기,995,2021,11
2021-11,경남,1346,2021,11
2021-11,경북,1598,2021,11
2021-11,광주,29,2021,11
2021-11,대구,2177,2021,11
2021-11,대전,602,2021,11
2021-11,부산,976,2021,11
2021-11,서울,54,2021,11
2021-11,세종,103,2021,11
2021-11,울산,399,2021,11
2021-11,인천,423,2021,11
2021-11,전남,1954,2021,11
2021-11,전북,140,2021,11
2021-11,제주,877,2021,11
2021-11,충남,1057,2021,11
2021-11,충북,288,2021,11
2021-12,강원,1648,2021,12
2021-12,경기,1030,2021,12
2021-12,경남,1879,2021,12
2021-12,경북,4386,2021,12
2021-12,광주,27,2021,12
2021-12,대구,1977,2021,12
2021-12,대전,460,2021,12
2021-12,부산,949,2021,12
2021-12,서울,54,2021,12
2021-12,세종,30,2021,12
2021-12,울산,397,2021,12
2021-12,인천,425,2021,12
2021-12,전남,2163,2021,12
2021-12,전북,133,2021,12
2021-12,제주,836,2021,12
2021-12,충남,1012,2021,12
2021-12,충북,304,2021,12
2022-01,강원,1566,2022,1
2022-01,경기,855,2022,1
2022-01,경남,3124,2022,1
2022-01,경북,5227,2022,1
2022-01,광주,6,2022,1
2022-01,대구,3678,2022,1
2022-01,대전,423,2022,1
2022-01,부산,921,2022,1
2022-01,서울,47,2022,1
2022-01,세종,21,2022,1
2022-01,울산,395,2022,1
2022-01,인천,423,2022,1
2022-01,전남,2219,2022,1
2022-01,전북,178,2022,1
2022-01,제주,969,2022,1
2022-01,충남,1383,2022,1
2022-01,충북,292,2022,1
2022-02,강원,1498,2022,2
2022-02,경기,1862,2022,2
2022-02,경남,2661,2022,2
2022-02,경북,6552,2022,2
2022-02,광주,5,2022,2
2022-02,대구,4561,2022,2
2022-02,대전,477,2022,2
2022-02,부산,1028,2022,2
2022-02,서울,47,2022,2
2022-02,세종,15,2022,2
2022-02,울산,395,2022,2
2022-02,인천,409,2022,2
2022-02,전남,2250,2022,2
2022-02,전북,131,2022,2
2022-02,제주,897,2022,2
2022-02,충남,1587,2022,2
2022-02,충북,879,2022,2
2022-03,강원,1363,2022,3
2022-03,경기,2209,2022,3
2022-03,경남,2702,2022,3
2022-03,경북,6519,2022,3
2022-03,광주,2,2022,3
2022-03,대구,6572,2022,3
2022-03,대전,469,2022,3
2022-03,부산,1013,2022,3
2022-03,서울,180,2022,3
2022-03,세종,13,2022,3
2022-03,울산,395,2022,3
2022-03,인천,532,2022,3
2022-03,전남,2410,2022,3
2022-03,전북,116,2022,3
2022-03,제주,891,2022,3
2022-03,충남,1532,2022,3
2022-03,충북,1056,2022,3
2022-04,강원,1308,2022,4
2022-04,경기,2146,2022,4
2022-04,경남,2286,2022,4
2022-04,경북,5938,2022,4
2022-04,광주,2,2022,4
2022-04,대구,6827,2022,4
2022-04,대전,463,2022,4
2022-04,부산,1003,2022,4
2022-04,서울,360,2022,4
2022-04,세종,13,2022,4
2022-04,울산,361,2022,4
2022-04,인천,464,2022,4
2022-04,전남,2371,2022,4
2022-04,전북,117,2022,4
2022-04,제주,962,2022,4
2022-04,충남,1502,2022,4
2022-04,충북,1057,2022,4
2022-05,강원,1242,2022,5
2022-05,경기,2449,2022,5
2022-05,경남,1979,2022,5
2022-05,경북,5369,2022,5
2022-05,광주,46,2022,5
2022-05,대구,6816,2022,5
2022-05,대전,460,2022,5
2022-05,부산,1220,2022,5
2022-05,서울,688,2022,5
2022-05,세종,12,2022,5
2022-05,울산,641,2022,5
2022-05,인천,426,2022,5
2022-05,전남,2327,2022,5
2022-05,전북,107,2022,5
2022-05,제주,1119,2022,5
2022-05,충남,1386,2022,5
2022-05,충북,1088,2022,5
2022-06,강원,1303,2022,6
2022-06,경기,3319,2022,6
2022-06,경남,2044,2022,6
2022-06,경북,4823,2022,6
2022-06,광주,198,2022,6
2022-06,대구,6718,2022,6
2022-06,대전,523,2022,6
2022-06,부산,1267,2022,6
2022-06,서울,719,2022,6
2022-06,세종,12,2022,6
2022-06,울산,627,2022,6
2022-06,인천,418,2022,6
2022-06,전남,2585,2022,6
2022-06,전북,103,2022,6
2022-06,제주,1063,2022,6
2022-06,충남,1326,2022,6
2022-06,충북,862,2022,6
2022-07,강원,1239,2022,7
2022-07,경기,3393,2022,7
2022-07,경남,2238,2022,7
2022-07,경북,6517,2022,7
2022-07,광주,198,2022,7
2022-07,대구,7523,2022,7
2022-07,대전,509,2022,7
2022-07,부산,1503,2022,7
2022-07,서울,592,2022,7
2022-07,세종,10,2022,7
2022-07,울산,788,2022,7
2022-07,인천,544,2022,7
2022-07,전남,2534,2022,7
2022-07,전북,178,2022,7
2022-07,제주,1227,2022,7
2022-07,충남,1406,2022,7
2022-07,충북,885,2022,7
2022-08,강원,1348,2022,8
2022-08,경기,3180,2022,8
2022-08,경남,2042,2022,8
2022-08,경북,6693,2022,8
2022-08,광주,198,2022,8
2022-08,대구,8301,2022,8
2022-08,대전,668,2022,8
2022-08,부산,1799,2022,8
2022-08,서울,610,2022,8
2022-08,세종,8,2022,8
2022-08,울산,775,2022,8
2022-08,인천,1222,2022,8
2022-08,전남,2503,2022,8
2022-08,전북,157,2022,8
2022-08,제주,1213,2022,8
2022-08,충남,1386,2022,8
2022-08,충북,619,2022,8
2022-09,강원,1262,2022,9
2022-09,경기,5553,2022,9
2022-09,경남,2401,2022,9
2022-09,경북,6520,2022,9
2022-09,광주,163,2022,9
2022-09,대구,10539,2022,9
2022-09,대전,1430,2022,9
2022-09,부산,1973,2022,9
2022-09,서울,719,2022,9
2022-09,세종,5,2022,9
2022-09,울산,1426,2022,9
2022-09,인천,1541,2022,9
2022-09,전남,2627,2022,9
2022-09,전북,621,2022,9
2022-09,제주,1299,2022,9
2022-09,충남,2418,2022,9
2022-09,충북,1107,2022,9
2022-10,강원,2287,2022,10
2022-10,경기,5080,2022,10
2022-10,경남,4176,2022,10
2022-10,경북,6369,2022,10
2022-10,광주,161,2022,10
2022-10,대구,10830,2022,10
2022-10,대전,1374,2022,10
2022-10,부산,2514,2022,10
2022-10,서울,866,2022,10
2022-10,세종,6,2022,10
2022-10,울산,1414,2022,10
2022-10,인천,1666,2022,10
2022-10,전남,2797,2022,10
2022-10,전북,1383,2022,10
2022-10,제주,1722,2022,10
2022-10,충남,2840,2022,10
2022-10,충북,1732,2022,10
2022-11,강원,2365,2022,11
2022-11,경기,7037,2022,11
2022-11,경남,4076,2022,11
2022-11,경북,7667,2022,11
2022-11,광주,161,2022,11
2022-11,대구,11700,2022,11
2022-11,대전,1853,2022,11
2022-11,부산,2574,2022,11
2022-11,서울,865,2022,11
2022-11,세종,6,2022,11
2022-11,울산,2999,2022,11
2022-11,인천,2471,2022,11
2022-11,전남,2925,2022,11
2022-11,전북,1951,2022,11
2022-11,제주,1699,2022,11
2022-11,충남,5046,2022,11
2022-11,충북,2632,2022,11
2022-12,강원,2648,2022,12
2022-12,경기,7588,2022,12
2022-12,경남,4600,2022,12
2022-12,경북,7674,2022,12
2022-12,광주,291,2022,12
2022-12,대구,13445,2022,12
2022-12,대전,3239,2022,12
2022-12,부산,2640,2022,12
2022-12,서울,953,2022,12
2022-12,세종,6,2022,12
2022-12,울산,3570,2022,12
2022-12,인천,2494,2022,12
2022-12,전남,3029,2022,12
2022-12,전북,2520,2022,12
2022-12,제주,1676,2022,12
2022-12,충남,8509,2022,12
2022-12,충북,3225,2022,12
2023-01,강원,3556,2023,1
2023-01,경기,8052,2023,1
2023-01,경남,4791,2023,1
2023-01,경북,9221,2023,1
2023-01,광주,262,2023,1
2023-01,대구,13565,2023,1
2023-01,대전,3025,2023,1
2023-01,부산,2646,2023,1
2023-01,서울,996,2023,1
2023-01,세종,6,2023,1
2023-01,울산,4253,2023,1
2023-01,인천,3209,2023,1
2023-01,전남,2884,2023,1
2023-01,전북,4086,2023,1
2023-01,제주,1780,2023,1
2023-01,충남,8653,2023,1
2023-01,충북,4374,2023,1
2023-02,강원,3340,2023,2
2023-02,경기,7288,2023,2
2023-02,경남,4627,2023,2
2023-02,경북,9074,2023,2
2023-02,광주,608,2023,2
2023-02,대구,13987,2023,2
2023-02,대전,2698,2023,2
2023-02,부산,2535,2023,2
2023-02,서울,2099,2023,2
2023-02,세종,157,2023,2
2023-02,울산,4211,2023,2
2023-02,인천,3154,2023,2
2023-02,전남,2869,2023,2
2023-02,전북,4018,2023,2
2023-02,제주,1929,2023,2
2023-02,충남,8456,2023,2
2023-02,충북,4388,2023,2
2023-03,강원,3048,2023,3
2023-03,경기,6385,2023,3
2023-03,경남,4595,2023,3
2023-03,경북,9016,2023,3
2023-03,광주,607,2023,3
2023-03,대구,13199,2023,3
2023-03,대전,2739,2023,3
2023-03,부산,2526,2023,3
2023-03,서울,1084,2023,3
2023-03,세종,157,2023,3
2023-03,울산,4134,2023,3
2023-03,인천,3565,2023,3
2023-03,전남,2819,2023,3
2023-03,전북,3971,2023,3
2023-03,제주,1916,2023,3
2023-03,충남,8036,2023,3
2023-03,충북,4307,2023,3
2023-04,강원,2887,2023,4
2023-04,경기,7480,2023,4
2023-04,경남,4414,2023,4
2023-04,경북,8878,2023,4
2023-04,광주,560,2023,4
2023-04,대구,13028,2023,4
2023-04,대전,2498,2023,4
2023-04,부산,2624,2023,4
2023-04,서울,1058,2023,4
2023-04,세종,156,2023,4
2023-04,울산,4125,2023,4
2023-04,인천,3071,2023,4
2023-04,전남,3029,2023,4
2023-04,전북,3903,2023,4
2023-04,제주,1966,2023,4
2023-04,충남,7508,2023,4
2023-04,충북,4180,2023,4
2023-05,강원,2586,2023,5
2023-05,경기,6958,2023,5
2023-05,경남,4227,2023,5
2023-05,경북,8639,2023,5
2023-05,광주,556,2023,5
2023-05,대구,12733,2023,5
2023-05,대전,2026,2023,5
2023-05,부산,2892,2023,5
2023-05,서울,1144,2023,5
2023-05,세종,114,2023,5
2023-05,울산,4077,2023,5
2023-05,인천,2697,2023,5
2023-05,전남,3021,2023,5
2023-05,전북,4015,2023,5
2023-05,제주,1961,2023,5
2023-05,충남,7131,2023,5
2023-05,충북,4088,2023,5
2023-06,강원,2461,2023,6
2023-06,경기,7226,2023,6
2023-06,경남,4076,2023,6
2023-06,경북,8276,2023,6
2023-06,광주,643,2023,6
2023-06,대구,11409,2023,6
2023-06,대전,1729,2023,6
2023-06,부산,3107,2023,6
2023-06,서울,1181,2023,6
2023-06,세종,86,2023,6
2023-06,울산,3551,2023,6
2023-06,인천,2152,2023,6
2023-06,전남,3560,2023,6
2023-06,전북,4004,2023,6
2023-06,제주,1954,2023,6
2023-06,충남,7023,2023,6
2023-06,충북,3950,2023,6
2023-07,강원,3324,2023,7
2023-07,경기,6541,2023,7
2023-07,경남,3928,2023,7
2023-07,경북,7834,2023,7
2023-07,광주,698,2023,7
2023-07,대구,11180,2023,7
2023-07,대전,1458,2023,7
2023-07,부산,2258,2023,7
2023-07,서울,1081,2023,7
2023-07,세종,77,2023,7
2023-07,울산,2909,2023,7
2023-07,인천,1212,2023,7
2023-07,전남,3517,2023,7
2023-07,전북,3767,2023,7
2023-07,제주,2358,2023,7
2023-07,충남,7066,2023,7
2023-07,충북,3879,2023,7
2023-08,강원,3728,2023,8
2023-08,경기,5401,2023,8
2023-08,경남,4593,2023,8
2023-08,경북,8199,2023,8
2023-08,광주,573,2023,8
2023-08,대구,10779,2023,8
2023-08,대전,1177,2023,8
2023-08,부산,2327,2023,8
2023-08,서울,976,2023,8
2023-08,세종,127,2023,8
2023-08,울산,3069,2023,8
2023-08,인천,1299,2023,8
2023-08,전남,3591,2023,8
2023-08,전북,3512,2023,8
2023-08,제주,2422,2023,8
2023-08,충남,6234,2023,8
2023-08,충북,3804,2023,8
2023-09,강원,3958,2023,9
2023-09,경기,4971,2023,9
2023-09,경남,4376,2023,9
2023-09,경북,7680,2023,9
2023-09,광주,573,2023,9
2023-09,대구,10501,2023,9
2023-09,대전,918,2023,9
2023-09,부산,2235,2023,9
2023-09,서울,914,2023,9
2023-09,세종,127,2023,9
2023-09,울산,2990,2023,9
2023-09,인천,1787,2023,9
2023-09,전남,3600,2023,9
2023-09,전북,3366,2023,9
2023-09,제주,2412,2023,9
2023-09,충남,5814,2023,9
2023-09,충북,3584,2023,9
2023-10,강원,3861,2023,10
2023-10,경기,4726,2023,10
2023-10,경남,4188,2023,10
2023-10,경북,7376,2023,10
2023-10,광주,568,2023,10
2023-10,대구,10376,2023,10
2023-10,대전,799,2023,10
2023-10,부산,2277,2023,10
2023-10,서울,908,2023,10
2023-10,세종,126,2023,10
2023-10,울산,3111,2023,10
2023-10,인천,1693,2023,10
2023-10,전남,3585,2023,10
2023-10,전북,3227,2023,10
2023-10,제주,2523,2023,10
2023-10,충남,5324,2023,10
2023-10,충북,3631,2023,10
2023-11,강원,3861,2023,11
2023-11,경기,4823,2023,11
2023-11,경남,4068,2023,11
2023-11,경북,6859,2023,11
2023-11,광주,604,2023,11
2023-11,대구,10328,2023,11
2023-11,대전,747,2023,11
2023-11,부산,2534,2023,11
2023-11,서울,877,2023,11
2023-11,세종,125,2023,11
2023-11,울산,3069,2023,11
2023-11,인천,1298,2023,11
2023-11,전남,3774,2023,11
2023-11,전북,3131,2023,11
2023-11,제주,2510,2023,11
2023-11,충남,5807,2023,11
2023-11,충북,3510,2023,11
2023-12,강원,4001,2023,12
2023-12,경기,5803,2023,12
2023-12,경남,3682,2023,12
2023-12,경북,8862,2023,12
2023-12,광주,596,2023,12
2023-12,대구,10245,2023,12
2023-12,대전,894,2023,12
2023-12,부산,2997,2023,12
2023-12,서울,958,2023,12
2023-12,세종,122,2023,12
2023-12,울산,2941,2023,12
2023-12,인천,3270,2023,12
2023-12,전남,3618,2023,12
2023-12,전북,3075,2023,12
2023-12,제주,2499,2023,12
2023-12,충남,5484,2023,12
2023-12,충북,3442,2023,12
2024-01,강원,3996,2024,1
2024-01,경기,6069,2024,1
2024-01,경남,3727,2024,1
2024-01,경북,9299,2024,1
2024-01,광주,860,2024,1
2024-01,대구,10124,2024,1
2024-01,대전,1112,2024,1
2024-01,부산,3372,2024,1
2024-01,서울,997,2024,1
2024-01,세종,120,2024,1
2024-01,울산,2725,2024,1
2024-01,인천,3094,2024,1
2024-01,전남,3625,2024,1
2024-01,전북,3438,2024,1
2024-01,제주,2486,2024,1
2024-01,충남,5436,2024,1
2024-01,충북,3275,2024,1
2024-02,강원,3814,2024,2
2024-02,경기,8095,2024,2
2024-02,경남,3733,2024,2
2024-02,경북,9158,2024,2
2024-02,광주,904,2024,2
2024-02,대구,9927,2024,2
2024-02,대전,1444,2024,2
2024-02,부산,3149,2024,2
2024-02,서울,1018,2024,2
2024-02,세종,119,2024,2
2024-02,울산,2713,2024,2
2024-02,인천,2843,2024,2
2024-02,전남,3716,2024,2
2024-02,전북,3342,2024,2
2024-02,제주,2485,2024,2
2024-02,충남,5204,2024,2
2024-02,충북,3210,2024,2
2024-03,강원,3748,2024,3
2024-03,경기,8340,2024,3
2024-03,경남,3872,2024,3
2024-03,경북,9561,2024,3
2024-03,광주,1286,2024,3
2024-03,대구,9814,2024,3
2024-03,대전,1339,2024,3
2024-03,부산,3222,2024,3
2024-03,서울,968,2024,3
2024-03,세종,112,2024,3
2024-03,울산,2640,2024,3
2024-03,인천,2669,2024,3
2024-03,전남,3701,2024,3
2024-03,전북,3259,2024,3
2024-03,제주,2485,2024,3
2024-03,충남,4933,2024,3
2024-03,충북,3015,2024,3
2024-04,강원,3747,2024,4
2024-04,경기,9459,2024,4
2024-04,경남,4746,2024,4
2024-04,경북,9197,2024,4
2024-04,광주,1721,2024,4
2024-04,대구,9667,2024,4
2024-04,대전,1317,2024,4
2024-04,부산,4566,2024,4
2024-04,서울,936,2024,4
2024-04,세종,105,2024,4
2024-04,울산,3159,2024,4
2024-04,인천,4260,2024,4
2024-04,전남,3685,2024,4
2024-04,전북,3219,2024,4
2024-04,제주,2837,2024,4
2024-04,충남,5697,2024,4
2024-04,충북,3679,2024,4
2024-05,강원,3639,2024,5
2024-05,경기,8876,2024,5
2024-05,경남,4694,2024,5
2024-05,경북,8244,2024,5
2024-05,광주,1707,2024,5
2024-05,대구,9533,2024,5
2024-05,대전,2538,2024,5
2024-05,부산,5496,2024,5
2024-05,서울,974,2024,5
2024-05,세종,103,2024,5
2024-05,울산,2976,2024,5
2024-05,인천,4911,2024,5
2024-05,전남,3701,2024,5
2024-05,전북,3148,2024,5
2024-05,제주,2696,2024,5
2024-05,충남,5361,2024,5
2024-05,충북,3532,2024,5
2024-06,강원,4740,2024,6
2024-06,경기,9956,2024,6
2024-06,경남,5217,2024,6
2024-06,경북,7876,2024,6
2024-06,광주,1720,2024,6
2024-06,대구,9738,2024,6
2024-06,대전,3299,2024,6
2024-06,부산,5205,2024,6
2024-06,서울,959,2024,6
2024-06,세종,88,2024,6
2024-06,울산,2801,2024,6
2024-06,인천,4136,2024,6
2024-06,전남,3731,2024,6
2024-06,전북,3187,2024,6
2024-06,제주,2558,2024,6
2024-06,충남,5536,2024,6
2024-06,충북,3290,2024,6
2024-07,강원,5172,2024,7
2024-07,경기,10187,2024,7
2024-07,경남,5078,2024,7
2024-07,경북,7674,2024,7
2024-07,광주,1370,2024,7
2024-07,대구,10070,2024,7
2024-07,대전,2718,2024,7
2024-07,부산,5862,2024,7
2024-07,서울,953,2024,7
2024-07,세종,85,2024,7
2024-07,울산,2428,2024,7
2024-07,인천,2849,2024,7
2024-07,전남,3738,2024,7
2024-07,전북,3053,2024,7
2024-07,제주,2482,2024,7
2024-07,충남,5025,2024,7
2024-07,충북,3078,2024,7
2024-08,강원,4712,2024,8
2024-08,경기,9567,2024,8
2024-08,경남,4996,2024,8
2024-08,경북,7330,2024,8
2024-08,광주,1398,2024,8
2024-08,대구,9410,2024,8
2024-08,대전,2174,2024,8
2024-08,부산,5652,2024,8
2024-08,서울,946,2024,8
2024-08,세종,85,2024,8
2024-08,울산,2406,2024,8
2024-08,인천,2103,2024,8
2024-08,전남,3775,2024,8
2024-08,전북,2946,2024,8
2024-08,제주,2430,2024,8
2024-08,충남,4715,2024,8
2024-08,충북,2905,2024,8
2024-09,강원,4557,2024,9
2024-09,경기,9521,2024,9
2024-09,경남,5507,2024,9
2024-09,경북,7507,2024,9
2024-09,광주,1294,2024,9
2024-09,대구,8864,2024,9
2024-09,대전,1995,2024,9
2024-09,부산,4871,2024,9
2024-09,서울,969,2024,9
2024-09,세종,57,2024,9
2024-09,울산,2416,2024,9
2024-09,인천,3408,2024,9
2024-09,전남,3825,2024,9
2024-09,전북,2850,2024,9
2024-09,제주,2411,2024,9
2024-09,충남,4009,2024,9
2024-09,충북,2715,2024,9
2024-10,강원,4347,2024,10
2024-10,경기,9771,2024,10
2024-10,경남,5313,2024,10
2024-10,경북,7263,2024,10
2024-10,광주,1270,2024,10
2024-10,대구,8506,2024,10
2024-10,대전,1654,2024,10
2024-10,부산,5038,2024,10
2024-10,서울,917,2024,10
2024-10,세종,56,2024,10
2024-10,울산,2836,2024,10
2024-10,인천,3260,2024,10
2024-10,전남,3683,2024,10
2024-10,전북,2799,2024,10
2024-10,제주,2828,2024,10
2024-10,충남,3716,2024,10
2024-10,충북,2579,2024,10
2024-11,강원,4342,2024,11
2024-11,경기,10521,2024,11
2024-11,경남,5213,2024,11
2024-11,경북,7093,2024,11
2024-11,광주,1242,2024,11
2024-11,대구,8175,2024,11
2024-11,대전,1580,2024,11
2024-11,부산,4900,2024,11
2024-11,서울,931,2024,11
2024-11,세종,56,2024,11
2024-11,울산,2711,2024,11
2024-11,인천,3042,2024,11
2024-11,전남,3631,2024,11
2024-11,전북,2821,2024,11
2024-11,제주,2851,2024,11
2024-11,충남,3646,2024,11
2024-11,충북,2391,2024,11
2024-12,강원,4408,2024,12
2024-12,경기,12954,2024,12
2024-12,경남,5347,2024,12
2024-12,경북,6987,2024,12
2024-12,광주,1242,2024,12
2024-12,대구,8807,2024,12
2024-12,대전,2319,2024,12
2024-12,부산,4720,2024,12
2024-12,서울,957,2024,12
2024-12,세종,61,2024,12
2024-12,울산,4131,2024,12
2024-12,인천,3086,2024,12
2024-12,전남,3598,2024,12
2024-12,전북,2743,2024,12
2024-12,제주,2807,2024,12
2024-12,충남,3814,2024,12
2024-12,충북,2192,2024,12
2025-01,강원,4197,2025,1
2025-01,경기,15135,2025,1
2025-01,경남,5203,2025,1
2025-01,경북,6913,2025,1
2025-01,광주,1234,2025,1
2025-01,대구,8742,2025,1
2025-01,대전,2095,2025,1
2025-01,부산,4526,2025,1
2025-01,서울,1352,2025,1
2025-01,세종,57,2025,1
2025-01,울산,3943,2025,1
2025-01,인천,3261,2025,1
2025-01,전남,3447,2025,1
2025-01,전북,3425,2025,1
2025-01,제주,2674,2025,1
2025-01,충남,3929,2025,1
2025-01,충북,2491,2025,1
2025-02,강원,4045,2025,2
2025-02,경기,13950,2025,2
2025-02,경남,5088,2025,2
2025-02,경북,5881,2025,2
2025-02,광주,1369,2025,2
2025-02,대구,9051,2025,2
2025-02,대전,2001,2025,2
2025-02,부산,4565,2025,2
2025-02,서울,1002,2025,2
2025-02,세종,55,2025,2
2025-02,울산,3811,2025,2
2025-02,인천,2648,2025,2
2025-02,전남,3391,2025,2
2025-02,전북,3265,2025,2
2025-02,제주,2614,2025,2
2025-02,충남,4921,2025,2
2025-02,충북,2404,2025,2
2025-03,강원,3953,2025,3
2025-03,경기,13527,2025,3
2025-03,경남,4811,2025,3
2025-03,경북,5920,2025,3
2025-03,광주,1366,2025,3
2025-03,대구,9177,2025,3
2025-03,대전,1811,2025,3
2025-03,부산,4489,2025,3
2025-03,서울,942,2025,3
2025-03,세종,58,2025,3
2025-03,울산,3726,2025,3
2025-03,인천,2059,2025,3
2025-03,전남,3903,2025,3
2025-03,전북,3228,2025,3
2025-03,제주,2561,2025,3
2025-03,충남,5084,2025,3
2025-03,충북,2305,2025,3
2025-04,강원,3855,2025,4
2025-04,경기,12941,2025,4
2025-04,경남,4757,2025,4
2025-04,경북,5849,2025,4
2025-04,광주,1298,2025,4
2025-04,대구,9065,2025,4
2025-04,대전,2105,2025,4
2025-04,부산,4709,2025,4
2025-04,서울,943,2025,4
2025-04,세종,57,2025,4
2025-04,울산,3505,2025,4
2025-04,인천,2021,2025,4
2025-04,전남,3815,2025,4
2025-04,전북,3336,2025,4
2025-04,제주,2534,2025,4
2025-04,충남,4817,2025,4
2025-04,충북,2186,2025,4
2025-05,강원,3783,2025,5
2025-05,경기,12155,2025,5
2025-05,경남,5363,2025,5
2025-05,경북,5732,2025,5
2025-05,광주,1298,2025,5
2025-05,대구,8586,2025,5
2025-05,대전,1794,2025,5
2025-05,부산,5420,2025,5
2025-05,서울,989,2025,5
2025-05,세종,58,2025,5
2025-05,울산,3140,2025,5
2025-05,인천,2162,2025,5
2025-05,전남,3786,2025,5
2025-05,전북,3124,2025,5
2025-05,제주,2522,2025,5
2025-05,충남,4724,2025,5
2025-05,충북,2042,2025,5
2025-06,강원,3526,2025,6
2025-06,경기,11093,2025,6
2025-06,경남,4770,2025,6
2025-06,경북,6482,2025,6
2025-06,광주,1297,2025,6
2025-06,대구,8995,2025,6
2025-06,대전,1663,2025,6
2025-06,부산,5375,2025,6
2025-06,서울,1021,2025,6
2025-06,세종,57,2025,6
2025-06,울산,2746,2025,6
2025-06,인천,1825,2025,6
2025-06,전남,3280,2025,6
2025-06,전북,2976,2025,6
2025-06,제주,2483,2025,6
2025-06,충남,4260,2025,6
2025-06,충북,1885,2025,6
2025-07,강원,3348,2025,7
2025-07,경기,10513,2025,7
2025-07,경남,4718,2025,7
2025-07,경북,6292,2025,7
2025-07,광주,1357,2025,7
2025-07,대구,8977,2025,7
2025-07,대전,1514,2025,7
2025-07,부산,5573,2025,7
2025-07,서울,1033,2025,7
2025-07,세종,57,2025,7
2025-07,울산,2531,2025,7
2025-07,인천,1737,2025,7
2025-07,전남,2919,2025,7
2025-07,전북,2842,2025,7
2025-07,제주,2486,2025,7
2025-07,충남,4289,2025,7
2025-07,충북,2058,2025,7
2025-08,강원,3190,2025,8
2025-08,경기,11857,2025,8
2025-08,경남,4993,2025,8
2025-08,경북,6124,2025,8
2025-08,광주,1370,2025,8
2025-08,대구,8762,2025,8
2025-08,대전,2485,2025,8
2025-08,부산,7146,2025,8
2025-08,서울,1106,2025,8
2025-08,세종,50,2025,8
2025-08,울산,2308,2025,8
2025-08,인천,1668,2025,8
2025-08,전남,2828,2025,8
2025-08,전북,2694,2025,8
2025-08,제주,2621,2025,8
2025-08,충남,5499,2025,8
2025-08,충북,1912,2025,8
2025-09,강원,3284,2025,9
2025-09,경기,12656,2025,9
2025-09,경남,5511,2025,9
2025-09,경북,5672,2025,9
2025-09,광주,1365,2025,9
2025-09,대구,8537,2025,9
2025-09,대전,2282,2025,9
2025-09,부산,7316,2025,9
2025-09,서울,1088,2025,9
2025-09,세종,47,2025,9
2025-09,울산,2152,2025,9
2025-09,인천,1607,2025,9
2025-09,전남,2915,2025,9
2025-09,전북,2540,2025,9
2025-09,제주,2576,2025,9
2025-09,충남,5244,2025,9
2025-09,충북,1970,2025,9
2025-10,강원,3179,2025,10
2025-10,경기,14585,2025,10
2025-10,경남,5183,2025,10
2025-10,경북,5449,2025,10
2025-10,광주,1431,2025,10
2025-10,대구,7568,2025,10
2025-10,대전,2075,2025,10
2025-10,부산,8040,2025,10
2025-10,서울,1056,2025,10
2025-10,세종,47,2025,10
2025-10,울산,2676,2025,10
2025-10,인천,1910,2025,10
2025-10,전남,2840,2025,10
2025-10,전북,2369,2025,10
2025-10,제주,2542,2025,10
2025-10,충남,5405,2025,10
2025-10,충북,2714,2025,10
2025-11,강원,3061,2025,11
2025-11,경기,13491,2025,11
2025-11,경남,4947,2025,11
2025-11,경북,5297,2025,11
2025-11,광주,1403,2025,11
2025-11,대구,7218,2025,11
2025-11,대전,1882,2025,11
2025-11,부산,7727,2025,11
2025-11,서울,1037,2025,11
2025-11,세종,49,2025,11
2025-11,울산,2309,2025,11
2025-11,인천,2007,2025,11
2025-11,전남,2770,2025,11
2025-11,전북,2286,2025,11
2025-11,제주,2520,2025,11
2025-11,충남,7875,2025,11
2025-11,충북,2915,2025,11
2025-12,강원,2943,2025,12
2025-12,경기,13017,2025,12
2025-12,경남,5451,2025,12
2025-12,경북,5118,2025,12
2025-12,광주,1404,2025,12
2025-12,대구,5962,2025,12
2025-12,대전,1677,2025,12
2025-12,부산,7541,2025,12
2025-12,서울,939,2025,12
2025-12,세종,42,2025,12
2025-12,울산,1987,2025,12
2025-12,인천,1927,2025,12
2025-12,전남,2715,2025,12
2025-12,전북,2597,2025,12
2025-12,제주,2650,2025,12
2025-12,충남,8140,2025,12
2025-12,충북,2400,2025,12
2026-01,강원,2849,2026,1
2026-01,경기,12980,2026,1
2026-01,경남,5811,2026,1
2026-01,경북,5016,2026,1
2026-01,광주,1371,2026,1
2026-01,대구,5432,2026,1
2026-01,대전,1549,2026,1
2026-01,부산,7584,2026,1
2026-01,서울,914,2026,1
2026-01,세종,42,2026,1
2026-01,울산,1632,2026,1
2026-01,인천,3987,2026,1
2026-01,전남,2668,2026,1
2026-01,전북,2542,2026,1
2026-01,제주,2606,2026,1
2026-01,충남,7664,2026,1
2026-01,충북,1929,2026,1
